sample_id,indobert,indobertweet,mbert,transcript,visual
s000609,0.1588256,0.24184732,0.4210756,0.17009404,0.5
s000610,0.062331032,0.30373183,0.39501747,0.25795195,0.5
s000611,0.06941547,0.2987982,0.41040176,0.19360435,0.5
s000612,0.042009056,0.110471144,0.30860683,0.112405084,0.5
s000613,0.87386215,0.66963685,0.5450133,0.64467263,0.5
s000614,0.9400236,0.76803803,0.6169935,0.83828294,0.5
s000615,0.08509904,0.103748634,0.2641685,0.091220066,0.5
s000616,0.43644187,0.55208695,0.42000473,0.477676,0.5
s000617,0.07250525,0.04903963,0.18155324,0.041930523,0.5
s000618,0.94386727,0.9020933,0.69368047,0.88161486,0.5
s000619,0.08299415,0.309128,0.40503684,0.2829881,0.5
s000620,0.0631349,0.08108212,0.11066323,0.05997644,0.5
s000621,0.31017178,0.70710135,0.49591455,0.5601323,0.5
s000622,0.42554557,0.62977463,0.40403706,0.47066057,0.5
s001221,0.08404061,0.35320508,0.19636348,0.17525558,0.5
s001222,0.06512755,0.06766981,0.23335676,0.0349467,0.5
s001223,0.7761143,0.6058573,0.42202815,0.44113123,0.5
s001224,0.95822614,0.94610083,0.5998368,0.9503189,0.5
s001225,0.08449275,0.16817278,0.5784482,0.1201288,0.5
s001226,0.5419846,0.22575782,0.505924,0.18359363,0.5
s001227,0.9308365,0.5632578,0.58593065,0.6761924,0.5
s001228,0.048676573,0.051367506,0.23510839,0.03986249,0.5
s001229,0.22575782,0.29961726,0.5643986,0.351645,0.5
s001230,0.112600096,0.25720498,0.3473157,0.22541659,0.5
s001231,0.14270912,0.742048,0.52908087,0.7133318,0.5
s001232,0.07329728,0.10302442,0.7309625,0.08803312,0.5
s001233,0.17681369,0.12043882,0.14977993,0.15027806,0.5
s001234,0.9687381,0.93195957,0.85342485,0.9382373,0.5
s001235,0.674265,0.33263552,0.5113125,0.47883347,0.5
s001236,0.9313377,0.89199936,0.9078038,0.89478946,0.5
s001237,0.07329728,0.30673468,0.27923846,0.26626188,0.5
s001238,0.8951567,0.7673414,0.24544658,0.71243227,0.5
s001239,0.06301947,0.19042274,0.25275275,0.15700755,0.5
s001240,0.056444027,0.08479541,0.42853233,0.055617608,0.5
s001241,0.9668514,0.8578872,0.35689482,0.85403454,0.5
s001242,0.058560826,0.05997644,0.13998318,0.053601142,0.5
s001243,0.84733725,0.81508535,0.45901552,0.80115914,0.5
s001244,0.050705366,0.12220858,0.14755517,0.05572029,0.5
s001245,0.046205744,0.037538007,0.18010667,0.036493767,0.5
s001246,0.101767845,0.38093162,0.2516477,0.16586316,0.5
s001247,0.4005735,0.23633993,0.5056913,0.11656274,0.5
s001248,0.89733595,0.7801604,0.6084777,0.71012604,0.5
s001249,0.041695766,0.19072403,0.47096467,0.08586246,0.5
s001250,0.95531917,0.89442116,0.68825895,0.7929457,0.5
s001251,0.08740791,0.22371607,0.38890812,0.23423146,0.5
s001252,0.42895088,0.2719279,0.5111447,0.21206883,0.5
s001253,0.07504072,0.2985936,0.25982562,0.0992954,0.5
s001254,0.95230865,0.87386215,0.7439129,0.81316423,0.5
s001255,0.23510839,0.10338596,0.18155324,0.04885778,0.5
s001256,0.9700703,0.91102153,0.62406445,0.86916035,0.5
s001257,0.068412915,0.5607338,0.2666436,0.51545984,0.5
s001258,0.3485343,0.4071566,0.43158415,0.37307608,0.5
s001259,0.286269,0.31090358,0.5229483,0.29563645,0.5
s001260,0.04240383,0.07504072,0.15830442,0.026810197,0.5
s001261,0.87514824,0.8840393,0.63476974,0.7851439,0.5
s001262,0.95565146,0.8722386,0.6415347,0.83237296,0.5
s001263,0.09721884,0.5153455,0.20071429,0.46195722,0.5
s001264,0.9628132,0.883236,0.5848641,0.8586001,0.5
s001265,0.8362874,0.84376645,0.35767972,0.71163136,0.5
s001266,0.9430336,0.8596637,0.7595823,0.86442494,0.5
s001267,0.051462766,0.36082682,0.20705435,0.104294725,0.5
s001268,0.06620602,0.2641685,0.2180027,0.15623358,0.5
s001269,0.04288224,0.14891148,0.19269122,0.10970578,0.5
s001386,0.8967949,0.6888872,0.8830344,0.63973606,0.5
s001387,0.06097518,0.27212125,0.45671266,0.17384852,0.5
s001388,0.3133147,0.45380643,0.7322091,0.540651,0.5
s001389,0.44299793,0.60241246,0.5798168,0.42143276,0.5
s001390,0.097734325,0.5179214,0.20370755,0.43752304,0.5
s001391,0.94417685,0.7913377,0.8056322,0.7200731,0.5
s001392,0.9231778,0.79198194,0.5983122,0.783823,0.5
s001393,0.09501305,0.6581979,0.15115306,0.5916053,0.5
s001394,0.9130583,0.88582915,0.80084777,0.9401336,0.5
s001395,0.04038907,0.13117322,0.27904198,0.061311536,0.5
s001396,0.43911588,0.3018763,0.5392562,0.26322043,0.5
s001397,0.80084777,0.73848045,0.61022115,0.70710135,0.5
s001398,0.48882478,0.40327308,0.53673786,0.28249303,0.5
s001399,0.1041124,0.11716747,0.20450072,0.054098696,0.5
s001400,0.8793542,0.725065,0.40368438,0.6710396,0.5
s001401,0.9512329,0.9217811,0.7796576,0.8879841,0.5
s001402,0.96095175,0.93045825,0.7606507,0.90681833,0.5
s001403,0.9281487,0.5910153,0.6207366,0.70629174,0.5
s001404,0.55048656,0.6681228,0.7516481,0.39910883,0.5
s001405,0.031261913,0.08151976,0.13951357,0.05399884,0.5
s001406,0.52760553,0.39088264,0.5440445,0.2965524,0.5
s001407,0.02870708,0.14021847,0.17050801,0.058993023,0.5
s001408,0.045862664,0.14940722,0.11357959,0.08740791,0.5
s001409,0.02479816,0.043772742,0.1465752,0.022672437,0.5
s001410,0.76100606,0.86350673,0.5232833,0.852199,0.5
s001411,0.36500388,0.58593065,0.4504198,0.37330446,0.5
s001412,0.4742507,0.7615385,0.7113306,0.6096985,0.5
s001413,0.94509614,0.7337381,0.7884203,0.7296161,0.5
s001414,0.8611883,0.359589,0.57254356,0.3339375,0.5
s001415,0.7709825,0.8042522,0.85158294,0.7498207,0.5
s001416,0.79454446,0.7255514,0.23091978,0.5290049,0.5
s001417,0.49549118,0.43422136,0.5212122,0.44414282,0.5
s001418,0.3974121,0.7004852,0.36613634,0.81316423,0.5
s001419,0.054298937,0.06705628,0.18010667,0.063948415,0.5
s001420,0.8722386,0.57654196,0.82741016,0.35745537,0.5
s001421,0.03321117,0.05781161,0.100701615,0.055617608,0.5
s001422,0.4132995,0.4988518,0.19728975,0.45162883,0.5
s001423,0.19620942,0.5986056,0.57654196,0.41182032,0.5
s001424,0.9097468,0.7622471,0.61808914,0.59449244,0.5
s001425,0.12368282,0.519826,0.38885006,0.6594051,0.5
s001426,0.02297737,0.047869004,0.08344117,0.02665774,0.5
s001427,0.053206205,0.047074173,0.06766981,0.05223086,0.5
s001428,0.062331032,0.087252244,0.31890923,0.07030385,0.5
s001429,0.041384716,0.082549304,0.20008835,0.038610928,0.5
s001430,0.053206205,0.047074173,0.06766981,0.05223086,0.5
s001431,0.09807932,0.8204694,0.2391716,0.70201963,0.5
s001432,0.1187934,0.15165494,0.41727152,0.07906799,0.5
s001433,0.9539661,0.5112591,0.58664125,0.59948516,0.5
s001434,0.121790156,0.14940722,0.5733799,0.09089675,0.5
s001435,0.42703825,0.3687466,0.53028214,0.3006429,0.5
s001436,0.047602657,0.082549304,0.19605544,0.0394904,0.5
s001437,0.03574581,0.050988145,0.1210609,0.032283258,0.5
s001438,0.063831605,0.13150747,0.38682136,0.08079154,0.5
s001439,0.041539967,0.041152887,0.07906799,0.023734687,0.5
s001440,0.025613913,0.10837755,0.13386749,0.06548521,0.5
s001441,0.24926445,0.23388131,0.590425,0.13580412,0.5
s001442,0.06052939,0.111627996,0.24006125,0.07329728,0.5
s001443,0.3280987,0.16995624,0.43596154,0.06816437,0.5
s001444,0.52679926,0.2758119,0.38972074,0.2384615,0.5
s001445,0.92683524,0.8174288,0.65323746,0.7252596,0.5
s001446,0.8231863,0.43002766,0.53342783,0.3717066,0.5
s001447,0.10894504,0.30125925,0.527636,0.3068385,0.5
s001448,0.42184955,0.38549033,0.31174105,0.20753574,0.5
s001449,0.032774985,0.11299101,0.17525558,0.06730107,0.5
s001450,0.0946777,0.17078441,0.14977993,0.1362632,0.5
s001451,0.338405,0.4240542,0.65035623,0.37376153,0.5
s001452,0.060307644,0.12231338,0.1301748,0.060197048,0.5
s001453,0.74871993,0.3671568,0.22798456,0.23039988,0.5
s001454,0.058024753,0.17398883,0.046205744,0.10338596,0.5
s001455,0.027376488,0.052424565,0.1504028,0.034880884,0.5
s001456,0.048405956,0.21917035,0.33589524,0.13892841,0.5
s001457,0.9250947,0.6723317,0.77304506,0.54673815,0.5
s001458,0.04304285,0.13660839,0.28907055,0.055823144,0.5
s001459,0.067423776,0.16858302,0.15649122,0.10141132,0.5
s001460,0.03875619,0.13892841,0.20402455,0.078359805,0.5
s001461,0.04560694,0.15700755,0.44338953,0.114368536,0.5
s001462,0.21403359,0.41389167,0.5219738,0.5480991,0.5
s001463,0.040922303,0.054903854,0.17286891,0.033907957,0.5
s001464,0.049405243,0.19667186,0.15495056,0.18300885,0.5
s001465,0.1066906,0.49475497,0.18082884,0.4013358,0.5
s001466,0.06430005,0.19868535,0.1775255,0.051749535,0.5
s001467,0.33296075,0.23810701,0.35175627,0.11951086,0.5
s001468,0.02132808,0.04698664,0.26284182,0.04001227,0.5
s001469,0.031738594,0.08850466,0.11221038,0.03711691,0.5
s001470,0.054600604,0.079638734,0.22236224,0.040162582,0.5
s001471,0.3767378,0.09585608,0.45383668,0.06489011,0.5
s001472,0.8100285,0.8053261,0.7634837,0.6583077,0.5
s001473,0.2391716,0.22067818,0.4779501,0.16721867,0.5
s001474,0.047161866,0.3143662,0.40174648,0.29746994,0.5
s001475,0.093678005,0.14128141,0.6719013,0.12199923,0.5
s001476,0.078925885,0.19452077,0.2073752,0.117572136,0.5
s001477,0.06176271,0.07751766,0.14116298,0.08181271,0.5
s001478,0.07382972,0.28199843,0.1435475,0.21833587,0.5
s001479,0.9512329,0.53092057,0.60964036,0.5851011,0.5
s001480,0.10539454,0.76082844,0.2622746,0.7414869,0.5
s001481,0.03676947,0.15482272,0.14903529,0.09401018,0.5
s001482,0.02942358,0.1133831,0.16491954,0.09041373,0.5
s001483,0.96485513,0.91490096,0.6770471,0.9147487,0.5
s001484,0.03601607,0.10557884,0.27076933,0.063714996,0.5
s001485,0.24562746,0.13741668,0.41543236,0.06730107,0.5
s001486,0.54004467,0.5353413,0.684053,0.582016,0.5
s001487,0.5706903,0.4445346,0.26340988,0.2887696,0.5
s001488,0.805173,0.6800292,0.41667795,0.6220002,0.5
s001489,0.056444027,0.10266401,0.08601588,0.11940814,0.5
s001490,0.058131598,0.2043419,0.21866935,0.1576549,0.5
s001491,0.38821205,0.5918412,0.3685193,0.49282888,0.5
s001492,0.1309508,0.3112175,0.38641608,0.16613355,0.5
s001493,0.05291181,0.09301681,0.480692,0.07696084,0.5
s001494,0.03308598,0.21060391,0.12527925,0.081959546,0.5
s001495,0.04107589,0.27904198,0.20545557,0.1742697,0.5
s001496,0.043123372,0.0996453,0.38647398,0.04369106,0.5
s001497,0.22919,0.16264586,0.29007506,0.081959546,0.5
s001498,0.03197956,0.0973904,0.2776688,0.0726367,0.5
s001499,0.18937114,0.43662205,0.2196721,0.45634922,0.5
s001500,0.52080095,0.34986588,0.32885265,0.29077944,0.5
s001501,0.020023441,0.033336826,0.068787284,0.023065226,0.5
s001502,0.07765744,0.30891946,0.30715016,0.34775856,0.5
s001503,0.08601588,0.2425643,0.21157968,0.15115306,0.5
s001504,0.06632687,0.19467382,0.25757828,0.0992954,0.5
s001505,0.046638038,0.25367606,0.10894504,0.11221038,0.5
s001628,0.09534945,0.52072483,0.2507293,0.49873257,0.5
s001629,0.20995522,0.4198858,0.47612292,0.2695178,0.5
s001630,0.88483775,0.8978745,0.7791538,0.88563144,0.5
s001631,0.9598375,0.92643696,0.7409249,0.9231778,0.5
s001632,0.7947038,0.7799929,0.60981464,0.70456684,0.5
s001633,0.85403454,0.72661966,0.6199891,0.60118383,0.5
s001634,0.7538293,0.8392076,0.6419837,0.7692537,0.5
s001635,0.071073666,0.18068421,0.57892436,0.15418488,0.5
s001636,0.9571178,0.93980294,0.40827677,0.9514138,0.5
s001637,0.77696157,0.5894801,0.3068385,0.5236335,0.5
s001638,0.9069832,0.8565725,0.77081,0.89312315,0.5
s001639,0.9658996,0.91367656,0.7295198,0.9180404,0.5
s001640,0.100348406,0.11066323,0.24490438,0.06681232,0.5
s001641,0.060418423,0.039342504,0.2013417,0.07613248,0.5
s001642,0.761893,0.65301627,0.58930284,0.60690624,0.5
s001643,0.19345193,0.3156305,0.41780585,0.29239318,0.5
s001644,0.89606965,0.79597545,0.70324385,0.70608914,0.5
s001645,0.04069295,0.116965584,0.36568317,0.14940722,0.5
s001646,0.9324533,0.78249633,0.7130322,0.81271875,0.5
s001647,0.9328214,0.9334308,0.8236123,0.91321325,0.5
s001648,0.073164724,0.32498476,0.46645063,0.15127839,0.5
s001649,0.96102494,0.9263037,0.611614,0.9260366,0.5
s001650,0.9227612,0.5440748,0.742048,0.46806112,0.5
s001651,0.16817278,0.35153365,0.33328617,0.25701842,0.5
s001652,0.9683812,0.9107044,0.68130285,0.82275945,0.5
s001653,0.5909563,0.43794367,0.70120186,0.6303436,0.5
s001654,0.8818186,0.89010334,0.7648916,0.9280184,0.5
s001655,0.05942822,0.058993023,0.16277891,0.053601142,0.5
s001656,0.037963696,0.070816204,0.2104416,0.06108711,0.5
s001657,0.9436599,0.8193158,0.70365125,0.83237296,0.5
s001658,0.9404625,0.9167081,0.88263035,0.89218736,0.5
s001659,0.8533026,0.6586371,0.6160123,0.79881525,0.5
s001660,0.9723097,0.91978675,0.7879312,0.9034647,0.5
s001661,0.73810315,0.6288634,0.60865223,0.50157356,0.5
s001662,0.94994867,0.8912444,0.6669308,0.882022,0.5
s001663,0.03875619,0.33742183,0.23616375,0.21076629,0.5
s001664,0.913368,0.6739432,0.23161423,0.39152223,0.5
s001665,0.92455155,0.8183016,0.6435533,0.8329173,0.5
s001666,0.9233162,0.81242126,0.66617113,0.8057851,0.5
s001667,0.10762492,0.636805,0.20850107,0.40792292,0.5
s001668,0.12273334,0.12023206,0.27649513,0.08122776,0.5
s001669,0.93732566,0.78199726,0.45856085,0.8271311,0.5
s001670,0.07004896,0.17852582,0.17695588,0.124638565,0.5
s001671,0.97023994,0.9425068,0.63703084,0.92262185,0.5
s001672,0.109134786,0.0996453,0.14139993,0.064065434,0.5
s001673,0.97711015,0.8000679,0.6794978,0.7503699,0.5
s001674,0.19961986,0.2617081,0.29360697,0.26114246,0.5
s001675,0.17539679,0.37874627,0.2109288,0.23952718,0.5
s001676,0.85989916,0.9175984,0.6459021,0.9207897,0.5
s001677,0.96160597,0.7818308,0.72564864,0.73335636,0.5
s001678,0.94699025,0.8388118,0.7643643,0.8392076,0.5
s001679,0.9551521,0.81316423,0.8793542,0.840521,0.5
s001680,0.34202188,0.74223495,0.79438496,0.724578,0.5
s001681,0.041695766,0.25128007,0.23005375,0.13963085,0.5
s001682,0.92775697,0.85989916,0.7041601,0.8269914,0.5
s001683,0.8512122,0.6722241,0.725065,0.79549927,0.5
s001684,0.27173457,0.26894143,0.12787028,0.16438228,0.5
s001685,0.87726665,0.44070995,0.6463486,0.2666436,0.5
s001686,0.9628132,0.8623516,0.5031242,0.86177105,0.5
s001687,0.82796735,0.4797474,0.42930976,0.42679936,0.5
s001688,0.9666631,0.95976204,0.81405276,0.9466954,0.5
s001689,0.6181467,0.7572562,0.46596462,0.6727618,0.5
s001690,0.13963085,0.6349961,0.3628563,0.6706083,0.5
s001691,0.13050689,0.2921912,0.29849136,0.31299964,0.5
s001692,0.8518296,0.65599746,0.4653571,0.7647159,0.5
s001693,0.79692537,0.8872046,0.6151457,0.90665317,0.5
s001694,0.9408984,0.54355997,0.5125706,0.71721,0.5
s001695,0.91413754,0.7100255,0.6078378,0.6855286,0.5
s001696,0.8484707,0.692538,0.35700688,0.7446563,0.5
s001697,0.03676947,0.16844618,0.18097353,0.0999963,0.5
s001698,0.042245496,0.2043419,0.21060391,0.14057204,0.5
s001699,0.8333246,0.7221353,0.69585496,0.79565805,0.5
s001700,0.83534926,0.61352605,0.57892436,0.49652106,0.5
s001701,0.6257812,0.61751264,0.5858122,0.71611935,0.5
s001702,0.89912134,0.79787195,0.3794359,0.7900447,0.5
s001703,0.9242787,0.9003547,0.8152325,0.9252299,0.5
s001704,0.65246284,0.7367796,0.5887709,0.68637,0.5
s002003,0.2795334,0.53376204,0.47368768,0.43002766,0.5
s002004,0.085709274,0.09636511,0.17695588,0.10894504,0.5
s002005,0.90829307,0.74502754,0.79518133,0.8197491,0.5
s002006,0.94776917,0.8793542,0.44936243,0.8916225,0.5
s002007,0.9092645,0.8958876,0.66421366,0.9078038,0.5
s002245,0.09653532,0.43350178,0.5537768,0.35465655,0.5
s002246,0.14511536,0.16708273,0.40621406,0.09334688,0.5
s002247,0.042087726,0.076683804,0.4056253,0.05470151,0.5
s002248,0.9392481,0.85318035,0.7295198,0.8727817,0.5
s002249,0.12273334,0.24077459,0.34356195,0.16721867,0.5
s002250,0.053799648,0.059866417,0.20181322,0.05910154,0.5
s002251,0.8828326,0.7648916,0.38734263,0.84453726,0.5
s002252,0.09912086,0.24889915,0.18728127,0.20898497,0.5
s002253,0.26511872,0.21354114,0.30652705,0.1187934,0.5
s002254,0.97433734,0.9380106,0.7352616,0.9492005,0.5
s002255,0.1328517,0.31647488,0.6677979,0.17092276,0.5
s002256,0.9384633,0.7821637,0.6453435,0.80332816,0.5
s002257,0.62738067,0.5612148,0.29077944,0.4733833,0.5
s002258,0.6993571,0.45096377,0.35521552,0.47236398,0.5
s002259,0.7801604,0.6420959,0.370567,0.60498255,0.5
s002260,0.48966363,0.4675141,0.37788498,0.4035081,0.5
s002261,0.9542227,0.8562122,0.48165193,0.7799929,0.5
s002262,0.69336915,0.45413926,0.38300648,0.3348069,0.5
s002263,0.93306583,0.8548847,0.6834195,0.74539834,0.5
s002264,0.8456877,0.9422947,0.62010413,0.9005298,0.5
s002265,0.028436033,0.023779986,0.1266771,0.019456573,0.5
s002266,0.7411123,0.75851065,0.6534587,0.5989575,0.5
s002267,0.9603612,0.8349459,0.48316064,0.76559335,0.5
s002268,0.14438999,0.23493282,0.2359876,0.16384642,0.5
s002269,0.03085051,0.12721826,0.15127839,0.1201288,0.5
s002270,0.8490974,0.75617754,0.5791624,0.5274839,0.5
s002271,0.031858854,0.33589524,0.31531417,0.2987982,0.5
s002272,0.9167081,0.6082451,0.4553197,0.5540181,0.5
s002273,0.1859472,0.43128473,0.29900286,0.23370637,0.5
s002274,0.87589324,0.767167,0.6270382,0.78727776,0.5
s002275,0.34643072,0.5287159,0.34114337,0.5010185,0.5
s002276,0.8899121,0.73829186,0.6841585,0.799129,0.5
s002277,0.046638038,0.19574778,0.22371607,0.083740406,0.5
s002278,0.09518112,0.5239532,0.21076629,0.36738375,0.5
s002279,0.34753713,0.4107563,0.6664968,0.20450072,0.5
s002280,0.07864238,0.19620942,0.27144477,0.10356715,0.5
s002281,0.61259943,0.63307005,0.5011587,0.41347715,0.5
s002282,0.27776673,0.37033927,0.29767406,0.36184096,0.5
s002283,0.05686155,0.19837458,0.40939787,0.20898497,0.5
s002284,0.06489011,0.3088152,0.41093352,0.2776688,0.5
s002285,0.35543922,0.6940954,0.35075492,0.63284314,0.5
s002286,0.67319167,0.57439476,0.71353143,0.3589146,0.5
s002287,0.90582335,0.8106289,0.6951311,0.7192851,0.5
s002288,0.66432256,0.5524794,0.5111447,0.45356438,0.5
s002289,0.18025091,0.39513415,0.43518126,0.3138402,0.5
s002290,0.048676573,0.027532939,0.14010079,0.01979478,0.5
s002291,0.94815457,0.8247444,0.6770471,0.7282654,0.5
s002292,0.9375548,0.6939917,0.3580163,0.61259943,0.5
s002293,0.058131598,0.17582092,0.5559476,0.1066906,0.5
s002294,0.040464837,0.08647765,0.19590157,0.09912086,0.5
s002295,0.12326004,0.27318642,0.24310297,0.18565173,0.5
s002296,0.81757444,0.5794599,0.5020313,0.37937838,0.5
s002297,0.18432662,0.37022537,0.62222975,0.2354598,0.5
s002298,0.039787807,0.1466974,0.26359943,0.10393038,0.5
s002299,0.06430005,0.105948284,0.29992473,0.02017732,0.5
s002300,0.036562506,0.060640547,0.15649122,0.036220055,0.5
s002301,0.059866417,0.07737811,0.47884867,0.033462934,0.5
s002302,0.09636511,0.13195425,0.26208568,0.12819736,0.5
s002303,0.93379396,0.79117644,0.55844736,0.81375694,0.5
s002304,0.31237,0.47418985,0.32648614,0.44610256,0.5
s002305,0.74316794,0.37147862,0.64768684,0.36105207,0.5
s002306,0.0726367,0.30259714,0.18403316,0.13939638,0.5
s002307,0.16184942,0.107250325,0.21060391,0.058131598,0.5
s002308,0.9567152,0.78249633,0.6135839,0.6858443,0.5
s002309,0.043123372,0.45465374,0.21816924,0.3161581,0.5
s002310,0.83575183,0.7111301,0.6746938,0.7407374,0.5
s002311,0.056444027,0.5005069,0.3697701,0.2645483,0.5
s002312,0.036220055,0.09721884,0.17695588,0.06348236,0.5
s002313,0.07654563,0.09268778,0.2694217,0.0460339,0.5
s002390,0.74632394,0.50761735,0.56637836,0.4065085,0.5
s002391,0.5063512,0.393152,0.5711687,0.3511998,0.5
s002392,0.028436033,0.023779986,0.12294379,0.019456573,0.5
s002393,0.4460724,0.43995786,0.23775287,0.22988081,0.5
s002394,0.13330235,0.6178586,0.70911986,0.6057991,0.5
s002395,0.058024753,0.19605544,0.20418316,0.08137363,0.5
s002396,0.03358951,0.028114058,0.14426936,0.022672437,0.5
s002397,0.048676573,0.27076933,0.61508787,0.21386933,0.5
s002398,0.053899158,0.045183755,0.43542135,0.026205415,0.5
s002399,0.23881637,0.3270232,0.22236224,0.22101425,0.5
s002400,0.054903854,0.23248434,0.21783626,0.1470645,0.5
s002401,0.0753123,0.07329728,0.13006426,0.027428541,0.5
s002402,0.4947626,0.6790723,0.62079406,0.5839746,0.5
s002403,0.065604836,0.13028541,0.20979328,0.06669065,0.5
s002404,0.08509904,0.14891148,0.35936412,0.25349122,0.5
s002405,0.0607519,0.058131598,0.20753574,0.028490042,0.5
s002406,0.15507847,0.3473157,0.2713482,0.16871995,0.5
s002407,0.07477004,0.11516222,0.4294892,0.03378023,0.5
s002408,0.052037824,0.0658447,0.17738296,0.026355354,0.5
s002409,0.05975658,0.14792407,0.14033625,0.08897849,0.5
s002410,0.19193278,0.14780101,0.22067818,0.09687653,0.5
s002411,0.02920129,0.026355354,0.112600096,0.01812472,0.5
s002412,0.04369106,0.10158945,0.25497246,0.12315455,0.5
s002413,0.11940814,0.49492282,0.43260264,0.47980833,0.5
s002414,0.10743748,0.44543904,0.26511872,0.29421496,0.5
s002415,0.07779745,0.4549867,0.3598139,0.54292387,0.5
s002416,0.7643643,0.352759,0.45871243,0.21157968,0.5
s002417,0.56202626,0.42721745,0.38543248,0.20577459,0.5
s002418,0.07864238,0.14645308,0.2165081,0.10123348,0.5
s002419,0.02806074,0.044183318,0.15778464,0.025809623,0.5
s002420,0.9224824,0.80271024,0.4155509,0.6723317,0.5
s002421,0.74761593,0.8098782,0.67939144,0.79117644,0.5
s002422,0.03676947,0.07172113,0.18068421,0.044764314,0.5
s002423,0.043123372,0.08678673,0.22936256,0.064535476,0.5
s002424,0.0394904,0.08269734,0.39198765,0.09653532,0.5
s002425,0.046205744,0.14092636,0.13006426,0.10557884,0.5
s002426,0.05749328,0.3892563,0.47860503,0.24926445,0.5
s002427,0.11576065,0.31132215,0.29706192,0.25238404,0.5
s002428,0.17567945,0.34820172,0.7320175,0.30652705,0.5
s002429,0.05749328,0.060307644,0.12147716,0.033652965,0.5
s002430,0.7433543,0.45193112,0.47275957,0.31132215,0.5
s002431,0.22815649,0.37903354,0.32971537,0.200871,0.5
s002432,0.055823144,0.1666754,0.3331777,0.104294725,0.5
s002433,0.033652965,0.05079946,0.25795195,0.03371654,0.5
s002434,0.10970578,0.80286485,0.37719646,0.746139,0.5
s002435,0.86993575,0.76260096,0.6589664,0.64467263,0.5
s002436,0.08166611,0.19574778,0.3636469,0.20753574,0.5
s002437,0.8039445,0.27757087,0.32982332,0.38047114,0.5
s002438,0.6589664,0.48005205,0.48844358,0.34897783,0.5
s002439,0.039416388,0.09073549,0.17356819,0.037047166,0.5
s002440,0.5461936,0.67017674,0.3821414,0.7905303,0.5
s002441,0.04288224,0.057281975,0.19390947,0.038610928,0.5
s002442,0.038466193,0.03352616,0.26759952,0.01627746,0.5
s002443,0.8897206,0.8406518,0.5136456,0.7871142,0.5
s002444,0.03265138,0.023962025,0.10447732,0.01812472,0.5
s002445,0.90481883,0.7294234,0.6907677,0.86860406,0.5
s002446,0.10894504,0.33644006,0.16118816,0.6228035,0.5
s002447,0.0658447,0.17189364,0.2384615,0.06903793,0.5
s002448,0.10800066,0.09653532,0.5300693,0.070176296,0.5
s002449,0.08035747,0.068040416,0.1480472,0.03567855,0.5
s002450,0.021125192,0.03015741,0.12304913,0.02655657,0.5
s002451,0.35253605,0.62016165,0.69853514,0.33176893,0.5
s002452,0.12064587,0.36026394,0.5034866,0.23144047,0.5
s002453,0.047161866,0.21816924,0.23353152,0.097734325,0.5
s002454,0.040616777,0.07654563,0.15856485,0.037892427,0.5
s002455,0.038106617,0.09041373,0.17709816,0.03882902,0.5
s002456,0.036700353,0.024007745,0.085709274,0.015906392,0.5
s002457,0.039342504,0.09912086,0.19390947,0.0563401,0.5
s002458,0.037963696,0.102844074,0.2516477,0.04369106,0.5
s002459,0.051177494,0.1522842,0.25982562,0.09585608,0.5
s002460,0.034100424,0.02727267,0.10123348,0.016979992,0.5
s002461,0.45556194,0.31426096,0.16052906,0.22337708,0.5
s002462,0.040922303,0.12710987,0.19102567,0.08647765,0.5
s002463,0.058453236,0.08787644,0.27717942,0.050988145,0.5
s002487,0.1606607,0.3035253,0.4966431,0.1928432,0.5
s002488,0.18462045,0.48267296,0.20705435,0.42835298,0.5
s002489,0.19698064,0.093678005,0.18242553,0.07250525,0.5
s002490,0.18491465,0.30362853,0.36150277,0.20291664,0.5
s002491,0.5988988,0.1559763,0.56385833,0.09825223,0.5
s002492,0.9405718,0.84581506,0.59749043,0.8146434,0.5
s002493,0.5027332,0.4066852,0.7000752,0.43836442,0.5
s002494,0.12064587,0.05686155,0.31573597,0.07185127,0.5
s002495,0.5709893,0.61630094,0.7287483,0.62050664,0.5
s002496,0.65665823,0.44384152,0.54664737,0.42990798,0.5
s002497,0.87610537,0.9455002,0.6630147,0.86223567,0.5
s002498,0.18082884,0.42614248,0.29007506,0.4290705,0.5
s002499,0.16371267,0.28239405,0.2810108,0.27894375,0.5
s002500,0.91964257,0.8668104,0.7272012,0.89606965,0.5
s002501,0.77848095,0.46450678,0.49301577,0.56739736,0.5
s002502,0.040087357,0.23057307,0.19977595,0.1210609,0.5
s002503,0.06255973,0.22236224,0.38168037,0.11143445,0.5
s002504,0.1161611,0.27776673,0.5523284,0.16721867,0.5
s002505,0.11008787,0.5943747,0.20979328,0.52965873,0.5
s002506,0.22746931,0.2600135,0.24328269,0.2971639,0.5
s002507,0.0721122,0.23109324,0.5232072,0.14057204,0.5
s002508,0.11397347,0.24346252,0.23300752,0.16105618,0.5
s002509,0.2043419,0.1201288,0.27551943,0.070816204,0.5
s002510,0.42769548,0.6009497,0.26702574,0.46923143,0.5
s002511,0.92206234,0.8513358,0.53099656,0.8414352,0.5
s002512,0.92262185,0.5563694,0.68605465,0.548613,0.5
s002513,0.7826625,0.7040584,0.49227586,0.7905303,0.5
s002514,0.41223437,0.55874836,0.40527222,0.3100673,0.5
s002515,0.51740324,0.509383,0.5080483,0.4771887,0.5
s002516,0.7687332,0.5924308,0.5993679,0.60673153,0.5
s002517,0.08299415,0.13307686,0.12095703,0.09859887,0.5
s002518,0.16694686,0.40945688,0.7305783,0.48928994,0.5
s002519,0.048676573,0.051367506,0.24725968,0.03986249,0.5
s002520,0.23828422,0.58587146,0.06632687,0.4369223,0.5
s002521,0.8812066,0.66519314,0.3083985,0.6371437,0.5
s002522,0.0705596,0.3970029,0.3469837,0.51343215,0.5
s002523,0.05975658,0.3407045,0.25813892,0.2645483,0.5
s002524,0.030967517,0.10356715,0.21750368,0.045522004,0.5
s002525,0.37090874,0.5959041,0.70679796,0.5823129,0.5
s002526,0.49503723,0.20577459,0.33698532,0.23039988,0.5
s002527,0.10951516,0.50050545,0.6260099,0.29808256,0.5
s002528,0.047780067,0.10762492,0.29900286,0.037963696,0.5
s002529,0.91891783,0.7744129,0.5339139,0.62096643,0.5
s002530,0.27708158,0.09807932,0.3617282,0.11516222,0.5
s002531,0.3310116,0.7192851,0.4232792,0.8264319,0.5
s002532,0.36353385,0.43296224,0.3738758,0.2786492,0.5
s002533,0.7078088,0.4477621,0.79865825,0.17286891,0.5
s002534,0.03615194,0.16572808,0.3287449,0.08108212,0.5
s002535,0.05261895,0.1877276,0.25534365,0.1821344,0.5
s002536,0.89256257,0.9092645,0.6491339,0.8773718,0.5
s002537,0.067546695,0.35633466,0.3991674,0.30290633,0.5
s002538,0.8912444,0.86759764,0.6744794,0.8507168,0.5
s002539,0.83141696,0.5549529,0.74502754,0.6161278,0.5
s002540,0.96557647,0.7898827,0.6550051,0.8768455,0.5
s002541,0.9240048,0.7026321,0.5167174,0.74186105,0.5
s002542,0.062216982,0.09401018,0.21634248,0.044764314,0.5
s002543,0.045862664,0.112795405,0.31237,0.03890198,0.5
s002544,0.22067818,0.50185776,0.3774259,0.48412097,0.5
s002545,0.23388131,0.40045622,0.30383506,0.2180027,0.5
s002546,0.36692995,0.2695178,0.26095408,0.13660839,0.5
s002547,0.028870905,0.08284563,0.22884515,0.122838534,0.5
s002548,0.058453236,0.3032157,0.24059612,0.16518871,0.5
s002549,0.052716404,0.029145971,0.114368536,0.021246698,0.5
s002550,0.9526623,0.8338664,0.74576885,0.7699463,0.5
s002551,0.04509957,0.09285216,0.1397482,0.11027937,0.5
s002552,0.7201715,0.4627158,0.31216028,0.3601514,0.5
s002553,0.6711474,0.22832854,0.6258955,0.21304953,0.5
s002554,0.3761647,0.32284614,0.5102906,0.22236224,0.5
s002555,0.950503,0.915356,0.6375951,0.86130506,0.5
s002556,0.8842393,0.70750576,0.5255971,0.73335636,0.5
s002557,0.04885778,0.14499426,0.24544658,0.052134257,0.5
s002757,0.14021847,0.49425915,0.23810701,0.22388572,0.5
s002758,0.053107906,0.05330468,0.11318691,0.023779986,0.5
s002759,0.05399884,0.21255875,0.2726051,0.13262685,0.5
s002760,0.7538293,0.68825895,0.46985474,0.6529056,0.5
s002761,0.26284182,0.47175553,0.20040116,0.42817363,0.5
s002762,0.06418265,0.117572136,0.33198547,0.0689125,0.5
s002763,0.10894504,0.72144896,0.5157876,0.56949353,0.5
s002764,0.02931223,0.05592617,0.29563645,0.06052939,0.5
s002765,0.09301681,0.103748634,0.1301748,0.047074173,0.5
s002766,0.076407686,0.04885778,0.13006426,0.047425874,0.5
s002767,0.0394904,0.087096825,0.28120816,0.032836955,0.5
s002768,0.05042407,0.08555634,0.14928317,0.06816437,0.5
s002769,0.031858854,0.043528143,0.09859887,0.017442485,0.5
s002770,0.083740406,0.16211456,0.5442867,0.093181714,0.5
s002771,0.11357959,0.13939638,0.6401861,0.12646118,0.5
s002772,0.8674854,0.60853595,0.27923846,0.5210904,0.5
s002773,0.3833527,0.4502385,0.56022257,0.27038386,0.5
s002774,0.10266401,0.047074173,0.23988314,0.01990879,0.5
s002775,0.16940586,0.17567945,0.22439517,0.0996453,0.5
s002776,0.6768335,0.70130414,0.61120796,0.5599519,0.5
s002777,0.039416388,0.060418423,0.42787477,0.038610928,0.5
s002778,0.04401865,0.07737811,0.26473838,0.04001227,0.5
s002779,0.07864238,0.10894504,0.52203465,0.04977345,0.5
s002780,0.031618766,0.036838703,0.18757874,0.032161444,0.5
s002781,0.03581319,0.23581158,0.2991052,0.19178137,0.5
s002782,0.063714996,0.06966823,0.116764,0.032466814,0.5
s002783,0.063831605,0.49938297,0.35588682,0.4006321,0.5
s002784,0.96432143,0.5758862,0.24006125,0.5492175,0.5
s002785,0.046464667,0.16451646,0.6054492,0.1161611,0.5
s002786,0.09947021,0.18184364,0.22832854,0.16817278,0.5
s002787,0.13951357,0.12549344,0.15329549,0.063831605,0.5
s002788,0.7565375,0.309128,0.6771539,0.20898497,0.5
s002789,0.03574581,0.034229323,0.19193278,0.027795624,0.5
s002790,0.054499872,0.18417984,0.17709816,0.09351231,0.5
s002791,0.04069295,0.12710987,0.3901854,0.08803312,0.5
s002792,0.05975658,0.28736767,0.21109138,0.10970578,0.5
s002793,0.047074173,0.12885363,0.20769644,0.08961382,0.5
s002794,0.093181714,0.20577459,0.48617142,0.15418488,0.5
s002795,0.046638038,0.37983832,0.36161548,0.26435837,0.5
s002796,0.111821815,0.063366346,0.09551806,0.027532939,0.5
s002797,0.3566707,0.22270013,0.3829488,0.13811268,0.5
s002798,0.05613278,0.12273334,0.3306873,0.08021325,0.5
s002799,0.1161611,0.19345193,0.31647488,0.10557884,0.5
s002800,0.73848045,0.35868993,0.39624333,0.1603975,0.5
s002801,0.2052962,0.23739909,0.29360697,0.19482699,0.5
s002802,0.042483207,0.045183755,0.17119971,0.02964751,0.5
s002803,0.03155902,0.09842541,0.20705435,0.043772742,0.5
s002804,0.9187722,0.7692537,0.47848317,0.7026321,0.5
s002805,0.11104825,0.41093352,0.34997693,0.40703875,0.5
s002806,0.07185127,0.15778464,0.12410682,0.077937685,0.5
s002807,0.04885778,0.07723878,0.1470645,0.030559866,0.5
s002967,0.17469169,0.38566384,0.17412922,0.18491465,0.5
s002968,0.02333077,0.09203286,0.5959041,0.05079946,0.5
s002969,0.052037824,0.35779187,0.21174264,0.10302442,0.5
s002970,0.10970578,0.12220858,0.5898936,0.068412915,0.5
s002971,0.8358858,0.5621765,0.7329743,0.52105993,0.5
s002972,0.10017222,0.17539679,0.17582092,0.19178137,0.5
s002973,0.26189685,0.57033134,0.2776688,0.6984323,0.5
s002974,0.90515476,0.8546422,0.7232117,0.8493474,0.5
s002975,0.06198946,0.22678363,0.25664565,0.29675615,0.5
s002976,0.070176296,0.117572136,0.08787644,0.09484524,0.5
s002977,0.048047356,0.06052939,0.08284563,0.039937314,0.5
s002978,0.12294379,0.14163722,0.26683465,0.10837755,0.5
s002979,0.03782129,0.091220066,0.22901751,0.07765744,0.5
s002980,0.06301947,0.13683891,0.31732047,0.062331032,0.5
s002981,0.83788544,0.7358315,0.5013809,0.6280653,0.5
s002982,0.037963696,0.18140818,0.64321727,0.12732674,0.5
s002983,0.29573816,0.50201607,0.5590192,0.30167052,0.5
s002984,0.24725968,0.20118472,0.61225176,0.17147702,0.5
s002985,0.12189464,0.14033625,0.2605776,0.09252365,0.5
s002986,0.08225395,0.516001,0.31415573,0.4324828,0.5
s002987,0.83894384,0.8271311,0.4325427,0.6658452,0.5
s002988,0.09534945,0.200871,0.14792407,0.12033541,0.5
s002989,0.47417462,0.47999117,0.3769671,0.49237496,0.5
s002990,0.08647765,0.09401018,0.07613248,0.0715912,0.5
s002991,0.056652427,0.1161611,0.33415475,0.060086653,0.5
s002992,0.047161866,0.16158468,0.5339139,0.11536141,0.5
s002993,0.12002562,0.6970936,0.5837967,0.68637,0.5
s002994,0.09484524,0.36579645,0.23934932,0.18817474,0.5
s002995,0.050144248,0.12984344,0.09842541,0.122628234,0.5
s002996,0.12570794,0.59449244,0.35053253,0.519049,0.5
s002997,0.9600627,0.71790266,0.57033134,0.63996106,0.5
s002998,0.13603349,0.11899801,0.4344013,0.075995214,0.5
s002999,0.053206205,0.028490042,0.21535076,0.030329255,0.5
s003000,0.3424616,0.40069073,0.3717066,0.39682758,0.5
s003001,0.04698664,0.068412915,0.11476477,0.08064661,0.5
s003002,0.047425874,0.36523023,0.09568694,0.2630311,0.5
s003003,0.044931646,0.040162582,0.12700155,0.023464657,0.5
s003004,0.18039528,0.19713514,0.57164705,0.16572808,0.5
s003005,0.03926875,0.059537485,0.2863688,0.055515114,0.5
s003006,0.030214584,0.1559763,0.27659282,0.041384716,0.5
s003007,0.036493767,0.31415573,0.18140818,0.21304953,0.5
s003008,0.04977345,0.073430054,0.1899715,0.027742893,0.5
s003009,0.07821887,0.1534223,0.09401018,0.07369627,0.5
s003010,0.059210256,0.4445346,0.2649285,0.5479479,0.5
s003011,0.0753123,0.19759925,0.33862367,0.1775255,0.5
s003012,0.034684174,0.056444027,0.11318691,0.032405514,0.5
s003013,0.13330235,0.2509128,0.53236437,0.113776386,0.5
s003014,0.038610928,0.063714996,0.0894546,0.047425874,0.5
s003015,0.46411213,0.54564893,0.3328523,0.43632182,0.5
s003016,0.042087726,0.13273923,0.09401018,0.15507847,0.5
s003017,0.08137363,0.09947021,0.15987214,0.05232763,0.5
s003018,0.0586686,0.12168574,0.21601155,0.084191084,0.5
s003019,0.07043162,0.26511872,0.19759925,0.23704566,0.5
s003020,0.92827886,0.78133065,0.50401676,0.7102265,0.5
s003021,0.072243,0.1436676,0.33796784,0.0973904,0.5
s003022,0.8668104,0.33036315,0.62062156,0.22067818,0.5
s003023,0.038683493,0.3713646,0.21783626,0.17050801,0.5
s003024,0.11496335,0.3340461,0.18140818,0.29573816,0.5
s003025,0.4327225,0.40745124,0.5163364,0.33917066,0.5
s003026,0.047074173,0.08740791,0.5127002,0.07765744,0.5
s003027,0.048676573,0.10338596,0.09842541,0.05975658,0.5
s003028,0.0849471,0.09912086,0.2858701,0.047602657,0.5
s003029,0.8630457,0.22524615,0.64119774,0.14730968,0.5
s003030,0.068787284,0.12646118,0.36466444,0.060418423,0.5
s003031,0.15584777,0.19513355,0.37296188,0.19482699,0.5
s003032,0.87779135,0.67928505,0.27202454,0.50589347,0.5
s003033,0.053799648,0.08616956,0.33274388,0.04885778,0.5
s003034,0.044931646,0.10502681,0.14163722,0.037467506,0.5
s003035,0.24023944,0.37501958,0.38329497,0.25795195,0.5
s003036,0.11656274,0.22970797,0.20995522,0.13318956,0.5
s003037,0.034684174,0.07369627,0.15713684,0.040464837,0.5
s003038,0.3774259,0.5225981,0.31079897,0.48874852,0.5
s003039,0.042483207,0.048047356,0.16026603,0.022032265,0.5
s003040,0.18491465,0.2948237,0.38352585,0.30611205,0.5
s003041,0.32680833,0.17953056,0.33328617,0.10521054,0.5
s003042,0.054198723,0.22067818,0.18242553,0.12951279,0.5
s003043,0.07369627,0.2441827,0.3209277,0.2487166,0.5
s003044,0.20024471,0.21239536,0.18535663,0.3235938,0.5
s003045,0.25534365,0.6570985,0.26020142,0.3963602,0.5
s003046,0.03352616,0.11636177,0.13420753,0.05942822,0.5
s003047,0.03676947,0.45011768,0.27019128,0.10837755,0.5
s003048,0.036220055,0.24798745,0.44706798,0.09301681,0.5
s003049,0.86826926,0.602354,0.43020716,0.67082393,0.5
s003050,0.123365626,0.2833846,0.31038073,0.2005577,0.5
s003117,0.041230027,0.19467382,0.16505408,0.09041373,0.5
s003118,0.045862664,0.10356715,0.22712629,0.0570714,0.5
s003119,0.9223426,0.5591396,0.44990614,0.64523166,0.5
s003120,0.029873095,0.076407686,0.10447732,0.04689926,0.5
s003121,0.046551272,0.39169675,0.17924304,0.2786492,0.5
s003122,0.93108755,0.5593803,0.7479843,0.52962834,0.5
s003123,0.050988145,0.13660839,0.1422319,0.077099696,0.5
s003124,0.052134257,0.21733753,0.44565013,0.11818139,0.5
s003125,0.0500513,0.055106897,0.08882029,0.017917344,0.5
s003126,0.06176271,0.091220066,0.5688949,0.059866417,0.5
s003127,0.077099696,0.24653332,0.5358879,0.15495056,0.5
s003128,0.037750278,0.034358688,0.16331196,0.02096424,0.5
s003129,0.055823144,0.12819736,0.24635197,0.1046602,0.5
s003130,0.09790669,0.26246357,0.34323168,0.16211456,0.5
s003131,0.12646118,0.1468197,0.5450436,0.078925885,0.5
s003132,0.07276838,0.06681232,0.39001107,0.03897507,0.5
s003133,0.12721826,0.48481452,0.3712506,0.32402143,0.5
s003134,0.08834723,0.22936256,0.17023194,0.093181714,0.5
s003135,0.08093671,0.3110082,0.29411358,0.1504028,0.5
s003136,0.11221038,0.3307954,0.18140818,0.1538032,0.5
s003137,0.1922359,0.27474037,0.2200071,0.29665425,0.5
s003138,0.76242405,0.21518578,0.6880493,0.13386749,0.5
s003139,0.15165494,0.24346252,0.31965208,0.17092276,0.5
s003140,0.022414215,0.08314291,0.16304526,0.062216982,0.5
s003141,0.073430054,0.20228557,0.47728008,0.1390453,0.5
s003142,0.048586205,0.09619517,0.13206615,0.037892427,0.5
s003143,0.040313438,0.0996453,0.28328544,0.068787284,0.5
s003144,0.11516222,0.2033909,0.47674713,0.16762704,0.5
s003145,0.056652427,0.06669065,0.14451066,0.03321117,0.5
s003146,0.18982129,0.20705435,0.4119386,0.11656274,0.5
s003147,0.031026183,0.10141132,0.18271701,0.06278921,0.5
s003148,0.055617608,0.11899801,0.20465964,0.08464395,0.5
s003149,0.08834723,0.0992954,0.33611313,0.0460339,0.5
s003150,0.15895613,0.37863138,0.21060391,0.12929276,0.5
s003151,0.039564557,0.0715912,0.085251234,0.032589745,0.5
s003152,0.61144,0.6361271,0.57045096,0.47495082,0.5
s003153,0.06644793,0.10650459,0.51740324,0.05261895,0.5
s003154,0.05781161,0.07544843,0.1943678,0.054903854,0.5
s003155,0.0500513,0.056966383,0.1526628,0.061199225,0.5
s003156,0.22798456,0.3179555,0.26020142,0.24762337,0.5
s003157,0.039121646,0.09451043,0.31859115,0.0726367,0.5
s003158,0.6758716,0.4103427,0.4868728,0.4132995,0.5
s003159,0.06644793,0.13546064,0.2168396,0.10521054,0.5
s003160,0.12549344,0.15507847,0.23405631,0.10706346,0.5
s003161,0.040845715,0.14330755,0.21833587,0.05613278,0.5
s003162,0.03986249,0.05023736,0.17809658,0.037467506,0.5
s003163,0.7913377,0.7929457,0.5289136,0.90632194,0.5
s003164,0.046638038,0.09484524,0.23651622,0.07250525,0.5
s003165,0.0500513,0.11456649,0.30850264,0.035948325,0.5
s003576,0.13534632,0.2104416,0.13753246,0.1436676,0.5
s003577,0.21883628,0.2498131,0.28170192,0.1465752,0.5
s003578,0.09203286,0.2622746,0.13296424,0.15393034,0.5
s003579,0.23633993,0.15778464,0.16817278,0.18227991,0.5
s003580,0.2985936,0.1985299,0.58658206,0.18010667,0.5
s003581,0.28537196,0.2867681,0.59425694,0.30746198,0.5
s003582,0.05781161,0.17469169,0.2921912,0.118385084,0.5
s003583,0.8409133,0.79198194,0.72661966,0.7699463,0.5
s003584,0.12210387,0.16572808,0.32584226,0.09268778,0.5
s003585,0.8349459,0.5713481,0.50324816,0.544983,0.5
s003586,0.14306793,0.11636177,0.43458128,0.13139597,0.5
s003587,0.0563401,0.085709274,0.1510278,0.10613343,0.5
s003588,0.04001227,0.021822827,0.1133831,0.025274897,0.5
s003589,0.04288224,0.18198898,0.36466444,0.19513355,0.5
s003590,0.86511016,0.8872046,0.520542,0.84872156,0.5
s003591,0.056756895,0.067423776,0.6338636,0.054098696,0.5
s003592,0.04216654,0.07935289,0.28547153,0.08601588,0.5
s003593,0.91655886,0.6583077,0.38093162,0.5839746,0.5
s003594,0.060418423,0.053899158,0.14965561,0.071202725,0.5
s003595,0.0607519,0.0434469,0.19806418,0.044183318,0.5
s003596,0.061875988,0.5017996,0.34931073,0.48721594,0.5
s003597,0.047958102,0.15152933,0.37319025,0.059537485,0.5
s003598,0.75797355,0.39905027,0.30197924,0.41946957,0.5
s003599,0.04385456,0.053799648,0.16026603,0.059866417,0.5
s003600,0.65113306,0.22371607,0.3508661,0.15960999,0.5
s003601,0.93698055,0.5681762,0.56673807,0.63624007,0.5
s003602,0.071981624,0.10123348,0.1397482,0.13500382,0.5
s003603,0.50853646,0.27028757,0.744842,0.21125406,0.5
s003604,0.6077214,0.5069271,0.78133065,0.501853,0.5
s003605,0.0607519,0.06176271,0.12189464,0.063831605,0.5
s003606,0.124425635,0.18668745,0.4256052,0.10932483,0.5
s003607,0.7554566,0.75346667,0.36319503,0.5946689,0.5
s003608,0.085251234,0.23988314,0.29350573,0.15830442,0.5
s003609,0.073164724,0.081959546,0.11397347,0.071073666,0.5
s003610,0.06828854,0.087096825,0.20513691,0.05223086,0.5
s003611,0.045437217,0.073164724,0.15354916,0.061199225,0.5
s003612,0.037256766,0.09825223,0.12538631,0.05330468,0.5
s003613,0.07921032,0.045522004,0.21900326,0.05572029,0.5
s003614,0.30393836,0.44872823,0.7216451,0.33437204,0.5
s003615,0.6800292,0.66486675,0.72632855,0.6387226,0.5
s003616,0.05223086,0.026355354,0.1603975,0.03204008,0.5
s003617,0.23475733,0.37410444,0.41691536,0.3555511,0.5
s003618,0.0658447,0.048586205,0.3742188,0.03839402,0.5
s003619,0.9022657,0.64980084,0.7752647,0.6814089,0.5
s003620,0.055515114,0.04023794,0.19299524,0.03314852,0.5
s003621,0.4046839,0.7168137,0.57332015,0.6434414,0.5
s003622,0.8795612,0.8505928,0.7905303,0.9036349,0.5
s003623,0.9678993,0.9207897,0.798344,0.9656413,0.5
s003624,0.07737811,0.13443464,0.12787028,0.101055905,0.5
s003625,0.06779314,0.052134257,0.15065254,0.0631349,0.5
s003626,0.055106897,0.4562886,0.16885695,0.20577459,0.5
s003627,0.0794957,0.28447658,0.28656837,0.1322902,0.5
s003628,0.9486325,0.868938,0.70962316,0.80332816,0.5
s003629,0.05834584,0.035611413,0.253861,0.036562506,0.5
s003630,0.045268092,0.037467506,0.15791446,0.02224367,0.5
s003631,0.8468312,0.70069003,0.45413926,0.61219376,0.5
s003632,0.761893,0.74871993,0.4023334,0.56040305,0.5
s003633,0.059319146,0.22901751,0.26530904,0.10539454,0.5
s003634,0.47084308,0.16465074,0.3191214,0.13072868,0.5
s003635,0.06500873,0.09186979,0.18198898,0.069541745,0.5
s003636,0.9384633,0.8200375,0.8100285,0.91367656,0.5
s003637,0.051082738,0.042562727,0.102844074,0.03149938,0.5
s003638,0.04069295,0.068787284,0.12410682,0.034880884,0.5
s003639,0.14841709,0.23581158,0.25720498,0.11221038,0.5
s003640,0.81316423,0.883236,0.49549878,0.88778967,0.5
s003641,0.064535476,0.06791668,0.21667379,0.084191084,0.5
s003642,0.048047356,0.07821887,0.19590157,0.058024753,0.5
s003643,0.02947941,0.073164724,0.17582092,0.092359796,0.5
s003644,0.08122776,0.055005286,0.208018,0.034815196,0.5
s003645,0.08961382,0.2833846,0.40339056,0.29992473,0.5
s003646,0.050988145,0.23863891,0.16940586,0.25256836,0.5
s003647,0.038683493,0.034618836,0.13718532,0.04698664,0.5
s003648,0.08269734,0.06766981,0.09653532,0.04240383,0.5
s003649,0.07504072,0.12885363,0.20817892,0.11318691,0.5
s003869,0.24202643,0.18300885,0.36920136,0.15817434,0.5
s003870,0.084341794,0.1337543,0.16532344,0.07382972,0.5
s003871,0.067546695,0.07696084,0.17078441,0.050705366,0.5
s003872,0.04903963,0.17412922,0.21983956,0.045777276,0.5
s003873,0.04328484,0.10266401,0.13352816,0.09807932,0.5
s003874,0.06979492,0.27250826,0.45250568,0.1347759,0.5
s003875,0.90894175,0.6576484,0.642881,0.67928505,0.5
s003876,0.73105854,0.31362996,0.5014992,0.2762998,0.5
s003877,0.087720014,0.111627996,0.2664527,0.092359796,0.5
s003878,0.24653332,0.16626887,0.21370518,0.19102567,0.5
s003879,0.9014011,0.45193112,0.37319025,0.5613351,0.5
s003880,0.06644793,0.3068385,0.5347947,0.35992643,0.5
s003881,0.92696756,0.7390459,0.7113306,0.78613067,0.5
s003882,0.047161866,0.32103413,0.24310297,0.19467382,0.5
s003883,0.063714996,0.14792407,0.2425643,0.08479541,0.5
s003884,0.80348235,0.647018,0.5141258,0.50115967,0.5
s003885,0.9216402,0.89533985,0.57773364,0.91625965,0.5
s003886,0.042802148,0.37364724,0.15571934,0.39571783,0.5
s003887,0.05686155,0.14199378,0.14426936,0.101055905,0.5
s003888,0.83250916,0.65544635,0.22644134,0.6276089,0.5
s003889,0.97074324,0.8929365,0.69802076,0.9512329,0.5
s003890,0.81257004,0.6543428,0.49272206,0.6592955,0.5
s003891,0.6710396,0.15065254,0.5853382,0.08694165,0.5
s003892,0.043936532,0.031321116,0.1462091,0.028598359,0.5
s003893,0.5162296,0.093678005,0.3179555,0.09619517,0.5
s003894,0.13892841,0.31869718,0.18111834,0.23952718,0.5
s003895,0.94468933,0.85415626,0.8047131,0.8365546,0.5
s003896,0.9558166,0.81227237,0.5575141,0.74167407,0.5
s003897,0.05399884,0.123471275,0.19744445,0.07463504,0.5
s003898,0.07723878,0.17539679,0.14523655,0.09825223,0.5
s003899,0.036700353,0.058884695,0.28917092,0.052716404,0.5
s003900,0.07329728,0.12874405,0.1985299,0.07921032,0.5
s003901,0.08803312,0.08079154,0.22371607,0.06418265,0.5
s003902,0.58284724,0.13511792,0.5604632,0.18624301,0.5
s003903,0.8523219,0.27038386,0.41590676,0.1765296,0.5
s003904,0.11516222,0.100701615,0.32509187,0.20102783,0.5
s003905,0.22953522,0.25404602,0.24041775,0.27425414,0.5
s003906,0.20102783,0.19253936,0.41638127,0.07906799,0.5
s003907,0.34103364,0.14730968,0.66974485,0.18039528,0.5
s003908,0.74576885,0.391057,0.41022456,0.45444188,0.5
s003909,0.200871,0.6266955,0.5918412,0.4114656,0.5
s003910,0.9309621,0.8580062,0.6977119,0.83031917,0.5
s003911,0.96253246,0.694199,0.728362,0.6272665,0.5
s003912,0.9455002,0.6658452,0.3720488,0.7070003,0.5
s003913,0.8146434,0.6867903,0.4477621,0.6094079,0.5
s003914,0.042962473,0.057176597,0.18025091,0.064535476,0.5
s003915,0.95679593,0.8505928,0.62303287,0.6508002,0.5
s003916,0.068537496,0.25851312,0.263789,0.13262685,0.5
s003917,0.9466954,0.7699463,0.6866853,0.820757,0.5
s003918,0.07185127,0.4622606,0.29077944,0.32541335,0.5
s003919,0.88018054,0.89368117,0.8774768,0.89805347,0.5
s004839,0.47534657,0.7162186,0.47677758,0.7604728,0.5
s004840,0.038683493,0.034618836,0.13262685,0.04698664,0.5
s004841,0.23353152,0.30466196,0.7092205,0.19544049,0.5
s004842,0.047691282,0.0279544,0.23633993,0.035211135,0.5
s004843,0.118385084,0.29279748,0.4310452,0.2354598,0.5
s004844,0.024609929,0.03926875,0.18817474,0.03061778,0.5
s004845,0.036220055,0.05051767,0.18388654,0.047691282,0.5
s004846,0.94197524,0.67265433,0.47248572,0.6798167,0.5
s004847,0.9183339,0.7331653,0.3890822,0.69471705,0.5
s004848,0.7709825,0.32949957,0.48728454,0.20625381,0.5
s004849,0.0460339,0.11496335,0.16954333,0.11456649,0.5
s004850,0.025760558,0.02220123,0.12603028,0.015603535,0.5
s004851,0.06325052,0.053601142,0.23405631,0.03971326,0.5
s004852,0.6361271,0.29767406,0.5458607,0.19238758,0.5
s004853,0.030908957,0.06903793,0.24436301,0.028114058,0.5
s004854,0.9492946,0.76646847,0.68825895,0.70161086,0.5
s004855,0.06644793,0.21206883,0.3707948,0.15418488,0.5
s004856,0.048948623,0.032283258,0.13409412,0.07544843,0.5
s004857,0.06730107,0.07821887,0.20418316,0.052134257,0.5
s004858,0.116965584,0.119819485,0.21816924,0.117572136,0.5
s004859,0.048767097,0.16079244,0.199308,0.05439932,0.5
s004860,0.05155819,0.033844035,0.1187934,0.025178842,0.5
s004861,0.049589027,0.25201568,0.3328523,0.18742996,0.5
s004862,0.049865905,0.15002881,0.23528403,0.0894546,0.5
s004863,0.06325052,0.13352816,0.22270013,0.1133831,0.5
s004864,0.04401865,0.115560874,0.23722231,0.074500255,0.5
s004865,0.039416388,0.030214584,0.14057204,0.021990221,0.5
s004866,0.08359067,0.12570794,0.087720014,0.07751766,0.5
s004867,0.33036315,0.30580097,0.6414224,0.25146383,0.5
s004868,0.048405956,0.05051767,0.20689406,0.03327394,0.5
s004869,0.042962473,0.18877223,0.25128007,0.24999616,0.5
s004870,0.03371654,0.023065226,0.1501534,0.030733928,0.5
s004871,0.04410091,0.032528225,0.13106197,0.097562216,0.5
s004872,0.035211135,0.03926875,0.12002562,0.051367506,0.5
s004873,0.055515114,0.070816204,0.105948284,0.024609929,0.5
s004874,0.46760523,0.5806493,0.61196184,0.45710638,0.5
s004875,0.03302355,0.02108484,0.08284563,0.032589745,0.5
s004876,0.040313438,0.034815196,0.2562732,0.021287352,0.5
s004877,0.07409726,0.1625129,0.23899394,0.20833994,0.5
s004878,0.5910743,0.50592774,0.5961981,0.58284724,0.5
s004879,0.8850366,0.29982224,0.47420508,0.25776508,0.5
s004880,0.04426588,0.21900326,0.23161423,0.07765744,0.5
s004881,0.9027811,0.8092759,0.5176776,0.71701187,0.5
s004882,0.08240151,0.33567742,0.48395327,0.3018763,0.5
s004883,0.48296252,0.55986166,0.41223437,0.5340658,0.5
s004884,0.9545628,0.9144437,0.7744129,0.94355595,0.5
s004885,0.03321117,0.17881244,0.28199843,0.116764,0.5
s004886,0.03615194,0.046378203,0.19884087,0.029256709,0.5
s004887,0.9488225,0.9576754,0.88700897,0.9615338,0.5
s004888,0.8958876,0.89478946,0.63522243,0.92590266,0.5
s004889,0.036493767,0.20102783,0.5853382,0.20181322,0.5
s004890,0.045015533,0.09451043,0.21190567,0.043936532,0.5
s004891,0.029986508,0.13788036,0.19698064,0.07369627,0.5
s004892,0.9554855,0.87589324,0.7371582,0.896614,0.5
s004893,0.04240383,0.1899715,0.18609506,0.064653486,0.5
s004894,0.8929365,0.79182106,0.80348235,0.7325918,0.5
s004895,0.04328484,0.041539967,0.14438999,0.024750972,0.5
s004896,0.9351099,0.70120186,0.4914178,0.5383462,0.5
s004897,0.042562727,0.12315455,0.23231015,0.062216982,0.5
s004898,0.1928432,0.7044652,0.5329721,0.5984882,0.5
s004899,0.5546514,0.5893619,0.48828346,0.62062156,0.5
s004900,0.9254997,0.7884203,0.6728693,0.5405298,0.5
s004901,0.021287352,0.1852092,0.4657823,0.09186979,0.5
s004962,0.2200071,0.5535656,0.37330446,0.4811034,0.5
s004963,0.7507356,0.5529924,0.80882335,0.47894004,0.5
s004964,0.054600604,0.08787644,0.1328517,0.090092994,0.5
s004965,0.9418684,0.7675156,0.62360615,0.71760595,0.5
s004966,0.2920902,0.7794897,0.55871826,0.5717666,0.5
s004967,0.25238404,0.22644134,0.54704064,0.19728975,0.5
s004968,0.8578872,0.4970742,0.45756087,0.34411275,0.5
s004969,0.87048715,0.7403621,0.8520759,0.761893,0.5
s004970,0.8964329,0.78099674,0.5098711,0.7727022,0.5
s004971,0.6321622,0.3684057,0.35209036,0.409634,0.5
s004972,0.8369547,0.5382248,0.5785672,0.6599533,0.5
s004973,0.84208554,0.30964965,0.45057088,0.44423324,0.5
s004974,0.22456521,0.27289566,0.52418154,0.3133147,0.5
s004975,0.9535353,0.8967949,0.6904547,0.8964329,0.5
s004976,0.20689406,0.3566707,0.5128146,0.3823144,0.5
s004977,0.7629543,0.68246794,0.7285552,0.66551924,0.5
s004978,0.9583042,0.7439129,0.60369825,0.79246426,0.5
s004979,0.8264319,0.5905431,0.61132395,0.51459086,0.5
s004980,0.068787284,0.31447142,0.3165805,0.2713482,0.5
s004981,0.91789335,0.6313671,0.56571865,0.607896,0.5
s004982,0.7583317,0.70201963,0.5516945,0.6576484,0.5
s004983,0.94468933,0.89858866,0.79692537,0.820757,0.5
s004984,0.90481883,0.80730873,0.6551154,0.73392886,0.5
s004985,0.9732915,0.9329437,0.79310596,0.9347534,0.5
s005994,0.6945099,0.46754447,0.61705124,0.6361271,0.5
s005995,0.06572466,0.1559763,0.18039528,0.11008787,0.5
s005996,0.7501869,0.7107287,0.50900173,0.7728737,0.5
s005997,0.659734,0.7737297,0.45534995,0.57349926,0.5
s005998,0.7709825,0.6779006,0.64957863,0.57182634,0.5
s005999,0.06966823,0.17398883,0.13488984,0.13927926,0.5
s006000,0.9735945,0.94407386,0.59284335,0.9257686,0.5
s006001,0.9646559,0.8710367,0.8267118,0.8785229,0.5
s006002,0.93071055,0.9056566,0.606848,0.9147487,0.5
s006003,0.059319146,0.2507293,0.15278916,0.22253112,0.5
s006004,0.684264,0.50419605,0.43458128,0.35633466,0.5
s006005,0.11221038,0.051082738,0.33633107,0.035880696,0.5
s006006,0.056029383,0.13330235,0.51048887,0.13788036,0.5
s006007,0.7816642,0.90174776,0.31017178,0.8897206,0.5
s006008,0.863161,0.82741016,0.68909645,0.6995624,0.5
s006009,0.89143354,0.59036595,0.47090387,0.111821815,0.5
s006010,0.8326453,0.6584175,0.66530186,0.6176856,0.5
s006011,0.032589745,0.09170696,0.24238493,0.036631364,0.5
s006012,0.92455155,0.7446563,0.5333063,0.70089483,0.5
s006013,0.31447142,0.6514658,0.38283345,0.49964786,0.5
s006014,0.9643886,0.8265718,0.4066263,0.80639565,0.5
s006015,0.07751766,0.13591877,0.3925697,0.09285216,0.5
s006016,0.8557306,0.7854732,0.7942254,0.72865176,0.5
s006017,0.92617035,0.8558512,0.7902067,0.8802834,0.5
s006018,0.49749568,0.4716643,0.49382052,0.50926864,0.5
s006019,0.045352582,0.07146149,0.1664043,0.08678673,0.5
s006020,0.96102494,0.95735765,0.8958876,0.9517737,0.5
s006021,0.9522199,0.93721074,0.6000712,0.93045825,0.5
s006022,0.50122356,0.46885148,0.69678426,0.3693151,0.5
s006023,0.9078038,0.8152325,0.7435406,0.7426084,0.5
s006024,0.9468921,0.77029204,0.355663,0.7236025,0.5
s006025,0.9534488,0.88523525,0.765418,0.8433798,0.5
s006026,0.46013728,0.38931432,0.45822752,0.25404602,0.5
s006027,0.06290424,0.0999963,0.11318691,0.056444027,0.5
s006028,0.767167,0.60696447,0.6444489,0.5727228,0.5
s006029,0.08819004,0.11476477,0.2766905,0.051845465,0.5
s006030,0.6907677,0.46474972,0.62360615,0.44525814,0.5
s006031,0.058238626,0.051462766,0.22405544,0.05350215,0.5
s006032,0.9738444,0.959001,0.736211,0.9408984,0.5
s006033,0.0751764,0.052134257,0.26779094,0.036700353,0.5
s006034,0.8838389,0.4630193,0.37662312,0.46229097,0.5
s006035,0.9281487,0.51740324,0.43332192,0.46119878,0.5
s006036,0.36772427,0.28866935,0.35824078,0.26798248,0.5
s006037,0.87536144,0.8091252,0.46402106,0.7142295,0.5
s006038,0.9119669,0.84156543,0.50932205,0.82018155,0.5
s006039,0.72389543,0.6389479,0.6753365,0.5697928,0.5
s006040,0.046378203,0.115560874,0.124638565,0.10875559,0.5
s006041,0.9524858,0.9078038,0.52606887,0.88700897,0.5
s006042,0.04443143,0.07463504,0.3339375,0.09653532,0.5
s006043,0.83196384,0.41917235,0.40933883,0.27279878,0.5
s006044,0.079638734,0.07558479,0.1470645,0.087720014,0.5
s006045,0.5280619,0.36093944,0.30580097,0.3296075,0.5
s006046,0.44984573,0.28209728,0.3002324,0.1766716,0.5
s006047,0.22422527,0.37022537,0.20402455,0.29279748,0.5
s006048,0.8247444,0.7010995,0.4071566,0.6425446,0.5
s006049,0.0996453,0.20995522,0.3270232,0.20402455,0.5
s006050,0.9431384,0.755637,0.5436508,0.78332627,0.5
s006051,0.5890074,0.16238002,0.6556668,0.16518871,0.5
s006052,0.07004896,0.035211135,0.11221038,0.023870835,0.5
s006053,0.9750598,0.86488205,0.6858443,0.86025184,0.5
s006054,0.053107906,0.071202725,0.39198765,0.06267437,0.5
s006055,0.38346815,0.70720255,0.3711366,0.6001298,0.5
s006367,0.8244619,0.5858122,0.36082682,0.65379035,0.5
s006368,0.953188,0.9237301,0.68626493,0.89423656,0.5
s006369,0.20882359,0.817283,0.53998405,0.61578125,0.5
s006370,0.548613,0.81405276,0.6179162,0.74558365,0.5
s006371,0.9633687,0.91978675,0.7799929,0.8989441,0.5
s006372,0.9007046,0.81699115,0.53692,0.8130158,0.5
s006373,0.75904685,0.33176893,0.21850258,0.35042137,0.5
s006374,0.90582335,0.48791742,0.6804541,0.2816031,0.5
s006375,0.90000373,0.6962682,0.7295198,0.6800292,0.5
s006376,0.92455155,0.77881753,0.7322091,0.80286485,0.5
s006377,0.4176871,0.49039575,0.36658973,0.38277572,0.5
s006378,0.93306583,0.8929365,0.80821866,0.863161,0.5
s006379,0.04328484,0.08601588,0.2073752,0.030675802,0.5
s006380,0.47951892,0.13834533,0.53288096,0.08616956,0.5
s006381,0.042087726,0.045352582,0.22286923,0.040162582,0.5
s006382,0.07906799,0.14572217,0.54731286,0.12907304,0.5
s006383,0.9513234,0.8369547,0.70395666,0.6583077,0.5
s006384,0.65665823,0.7636601,0.81390494,0.6375951,0.5
s006385,0.06301947,0.10320506,0.338405,0.087720014,0.5
s006386,0.8467045,0.7816642,0.67843354,0.76401234,0.5
s006387,0.2813069,0.45504722,0.6149723,0.3562227,0.5
s006388,0.85415626,0.75219464,0.8662457,0.69191384,0.5
s006389,0.9272316,0.8468312,0.6878397,0.84530497,0.5
s006390,0.33742183,0.5079492,0.4786507,0.5771379,0.5
s006391,0.9503189,0.8726732,0.713132,0.8663589,0.5
s006392,0.24364243,0.3188032,0.23881637,0.320077,0.5
s006393,0.0751764,0.14792407,0.3909989,0.13488984,0.5
s006394,0.08509904,0.08586246,0.38202614,0.07094483,0.5
s006395,0.054098696,0.037679393,0.24526574,0.03635666,0.5
s006396,0.2516477,0.18535663,0.33025515,0.13184245,0.5
s006397,0.1603975,0.26265267,0.37719646,0.26817408,0.5
s006398,0.4511149,0.8146434,0.430267,0.86938226,0.5
s006399,0.3983479,0.23792988,0.2562732,0.27048022,0.5
s006400,0.042245496,0.042642392,0.13273923,0.033336826,0.5
s006401,0.0721122,0.20402455,0.38462317,0.21011727,0.5
s006402,0.92262185,0.7606507,0.42990798,0.80332816,0.5
s006403,0.7932662,0.24220563,0.6039318,0.100701615,0.5
s006404,0.94240075,0.9091032,0.52442515,0.89552265,0.5
s006405,0.07290027,0.1625129,0.22678363,0.17553808,0.5
s006406,0.051845465,0.11899801,0.21370518,0.06548521,0.5
s006407,0.93220687,0.86488205,0.8964329,0.8543993,0.5
s006408,0.92643696,0.66714764,0.24598956,0.7348813,0.5
s006409,0.041695766,0.15791446,0.3824874,0.19977595,0.5
s006410,0.10248422,0.6888872,0.31605256,0.57373816,0.5
s006411,0.3539863,0.6326163,0.6761924,0.65808797,0.5
s006412,0.5129747,0.5101838,0.6797104,0.28348374,0.5
s006413,0.040616777,0.083291925,0.21883628,0.100348406,0.5
s006414,0.91321325,0.8554893,0.7298087,0.8610715,0.5
s006415,0.9285385,0.79246426,0.7031419,0.7281688,0.5
s006416,0.94261247,0.7552762,0.55549556,0.8112278,0.5
s006417,0.9552357,0.51228845,0.42178997,0.412471,0.5
s006418,0.042009056,0.1534223,0.33209375,0.06779314,0.5
s006419,0.084191084,0.100878626,0.24400254,0.05997644,0.5
s006420,0.9637117,0.9595352,0.71442884,0.9390248,0.5
s006421,0.09551806,0.655336,0.21950476,0.46584308,0.5
s006422,0.9054896,0.77407146,0.6442251,0.6709318,0.5
s006423,0.8873999,0.5861676,0.4276357,0.55682135,0.5
s006424,0.96210754,0.8806945,0.5231158,0.89442116,0.5
s006425,0.07906799,0.24725968,0.33862367,0.13834533,0.5
s006426,0.82118756,0.2384615,0.7004852,0.19682619,0.5
s006427,0.7647159,0.5551338,0.81167597,0.6964747,0.5
s006428,0.94600123,0.83801806,0.5009322,0.85741025,0.5
s006429,0.94154674,0.8621197,0.72282064,0.8045595,0.5
s006430,0.053899158,0.024469668,0.1666754,0.06052939,0.5
s006431,0.04922211,0.042009056,0.121790156,0.04054074,0.5
s007198,0.07094483,0.07723878,0.33698532,0.11299101,0.5
s007199,0.10687688,0.10613343,0.26971012,0.12517227,0.5
s007200,0.051177494,0.08678673,0.15869519,0.094176665,0.5
s007201,0.534734,0.72193927,0.3566707,0.6739432,0.5
s007202,0.08225395,0.042722195,0.30663085,0.10356715,0.5
s007203,0.8864204,0.7778066,0.614394,0.81669897,0.5
s007204,0.39065018,0.2881683,0.5072512,0.20946968,0.5
s007205,0.048767097,0.09790669,0.24077459,0.05439932,0.5
s007206,0.47592497,0.07423137,0.4581063,0.12368282,0.5
s007207,0.06681232,0.044183318,0.41691536,0.05300978,0.5
s007208,0.063948415,0.05749328,0.15165494,0.07504072,0.5
s007209,0.31079897,0.29767406,0.48913747,0.20450072,0.5
s007210,0.5843898,0.40250954,0.5961981,0.28686798,0.5
s007211,0.64523166,0.3710227,0.41093352,0.30860683,0.5
s007212,0.07490527,0.11008787,0.32713068,0.087096825,0.5
s007213,0.8733229,0.2196721,0.48061576,0.1766716,0.5
s007214,0.8091252,0.7017131,0.5658986,0.6281794,0.5
s007215,0.0743657,0.1732882,0.32498476,0.090253234,0.5
s007216,0.07850098,0.041384716,0.21419789,0.084341794,0.5
s007217,0.06290424,0.07409726,0.40433106,0.050611433,0.5
s007218,0.21816924,0.49731642,0.2232077,0.3304712,0.5
s007219,0.040845715,0.09636511,0.14953138,0.061311536,0.5
s007220,0.083740406,0.07864238,0.13916223,0.0753123,0.5
s007221,0.055310655,0.04023794,0.16735472,0.037186775,0.5
s007222,0.04054074,0.075995214,0.15443976,0.06572466,0.5
s007223,0.12378869,0.20753574,0.25293726,0.10539454,0.5
s007224,0.045437217,0.09518112,0.22101425,0.068412915,0.5
s007225,0.0999963,0.17189364,0.22901751,0.11940814,0.5
s007226,0.067423776,0.2013417,0.34764788,0.31965208,0.5
s007227,0.27154136,0.16465074,0.22815649,0.068412915,0.5
s007228,0.06705628,0.04216654,0.06979492,0.045862664,0.5
s007229,0.12765263,0.12896329,0.121790156,0.13240233,0.5
s007230,0.14414886,0.40104255,0.581719,0.23616375,0.5
s007231,0.08850466,0.087252244,0.18565173,0.07765744,0.5
s007232,0.65445316,0.14841709,0.47542262,0.20561504,0.5
s007233,0.045777276,0.09170696,0.17638768,0.061875988,0.5
s007234,0.27483767,0.13939638,0.20673385,0.13718532,0.5
s007235,0.051367506,0.10393038,0.27855107,0.0355444,0.5
s007236,0.048948623,0.06301947,0.17342815,0.100878626,0.5
s007237,0.18140818,0.21027938,0.23283306,0.1422319,0.5
s007238,0.10502681,0.082549304,0.24617071,0.071202725,0.5
s007239,0.13834533,0.16132024,0.43686226,0.12252322,0.5
s007240,0.062216982,0.0349467,0.25146383,0.05155819,0.5
s007241,0.33176893,0.5368593,0.65742844,0.4147803,0.5
s007242,0.08479541,0.21109138,0.1592174,0.19345193,0.5
s007243,0.052716404,0.08449275,0.16264586,0.07094483,0.5
s007244,0.052716404,0.038321976,0.23213601,0.06097518,0.5
s007245,0.078359805,0.0996453,0.18967113,0.07544843,0.5
s007246,0.04977345,0.06278921,0.13672362,0.07821887,0.5
s007247,0.065365784,0.13139597,0.12929276,0.08647765,0.5
s007248,0.04410091,0.068537496,0.15304215,0.08866235,0.5
s007249,0.0658447,0.10158945,0.2429233,0.14596547,0.5
s007250,0.04426588,0.045692034,0.35420963,0.03615194,0.5
s007251,0.09351231,0.28249303,0.2560871,0.2893717,0.5
s007252,0.05738754,0.046205744,0.24835184,0.042962473,0.5
s007253,0.08359067,0.090092994,0.35970145,0.070816204,0.5
s007254,0.05079946,0.34897783,0.47787395,0.19590157,0.5
s007255,0.04733772,0.13869494,0.23828422,0.14438999,0.5
s007256,0.05834584,0.061649624,0.13557506,0.0753123,0.5
s007257,0.04451443,0.09704755,0.21370518,0.14878775,0.5
s007258,0.068040416,0.12400069,0.19452077,0.09619517,0.5
s007259,0.071332,0.077099696,0.23704566,0.083291925,0.5
s007260,0.14211279,0.31174105,0.46308005,0.22901751,0.5
s007261,0.07544843,0.10932483,0.24364243,0.064653486,0.5
s007262,0.084191084,0.13128456,0.27338037,0.08632348,0.5
s007263,0.04698664,0.11397347,0.29421496,0.20102783,0.5
s007264,0.07172113,0.16762704,0.44149238,0.13741668,0.5
s007265,0.112795405,0.042009056,0.4211947,0.079638734,0.5
s007266,0.091544405,0.12002562,0.2200071,0.17370832,0.5
s007267,0.10266401,0.10320506,0.14438999,0.042245496,0.5
s007268,0.054600604,0.113776386,0.3208213,0.09807932,0.5
s007269,0.070816204,0.11027937,0.18432662,0.13184245,0.5
s007270,0.23109324,0.097562216,0.6144518,0.13398075,0.5
s007271,0.0726367,0.04401865,0.17189364,0.04681203,0.5
s007272,0.07850098,0.044680867,0.12453206,0.07409726,0.5
s007273,0.057281975,0.07276838,0.28886992,0.06916356,0.5
s007274,0.07290027,0.13443464,0.22541659,0.16913125,0.5
s007275,0.24617071,0.23934932,0.3680649,0.17709816,0.5
s007276,0.06717858,0.057176597,0.39542598,0.06500873,0.5
s007277,0.0689125,0.029035643,0.163579,0.038466193,0.5
s007278,0.050705366,0.053601142,0.42781502,0.042722195,0.5
s007279,0.0751764,0.6161278,0.40139446,0.5939037,0.5
s007280,0.054198723,0.08601588,0.22832854,0.08897849,0.5
s007281,0.24816957,0.09585608,0.57080984,0.13799648,0.5
s007282,0.054499872,0.033971995,0.16132024,0.044183318,0.5
s007283,0.03352616,0.087720014,0.24310297,0.0715912,0.5
s007284,0.03442355,0.06325052,0.18728127,0.063366346,0.5
s007285,0.1041124,0.08210663,0.19790912,0.08064661,0.5
s007286,0.053799648,0.04733772,0.10539454,0.064065434,0.5
s007287,0.1431877,0.34235162,0.29077944,0.26759952,0.5
s007288,0.072374016,0.07146149,0.16968086,0.0721122,0.5
s008887,0.97052056,0.92879725,0.97074324,0.94417685,0.5
s008890,0.9712929,0.9511422,0.9774571,0.95783347,0.5
s008896,0.9718859,0.9351099,0.97107434,0.94891727,0.5
s008903,0.96995664,0.96378,0.97684664,0.96891505,0.5
s008909,0.96138906,0.8866169,0.9696707,0.80882335,0.5
s008913,0.96405166,0.90894175,0.86815757,0.8987666,0.5
s008919,0.93913656,0.8728902,0.9576754,0.85752964,0.5
s008937,0.92944044,0.8498466,0.88463855,0.89218736,0.5
s008939,0.9761292,0.9644556,0.98421544,0.96028674,0.5
s008940,0.9759464,0.9462997,0.9335521,0.92495924,0.5
s008950,0.98667485,0.9522199,0.9721515,0.9549844,0.5
s008959,0.9791557,0.66377795,0.94024336,0.6106276,0.5
s008967,0.73772544,0.40303808,0.8633916,0.4657823,0.5
s008982,0.7992857,0.7435406,0.393152,0.6932653,0.5
s008993,0.97140163,0.96472245,0.93108755,0.9234544,0.5
s008994,0.9646559,0.9084556,0.94240075,0.908618,0.5
s009000,0.2200071,0.7713272,0.84972197,0.6535693,0.5
s009001,0.96691406,0.856092,0.70120186,0.6737286,0.5
s009003,0.9494823,0.86431044,0.8763172,0.78133065,0.5
s009005,0.8957053,0.8238959,0.9427181,0.828523,0.5
s009009,0.9787127,0.9605836,0.89858866,0.9285385,0.5
s009014,0.8492225,0.74372685,0.84581506,0.77864933,0.5
s009023,0.9260366,0.86281466,0.9020933,0.8975158,0.5
s009045,0.93171144,0.73961055,0.87589324,0.5270426,0.5
s009046,0.95759624,0.91978675,0.878627,0.9156582,0.5
s009054,0.6093498,0.62062156,0.8472108,0.37857395,0.5
s009055,0.97997653,0.882022,0.90515476,0.76699245,0.5
s009061,0.70639306,0.7466935,0.5628975,0.7709825,0.5
s009072,0.9719393,0.9069832,0.8221891,0.8906752,0.5
s009078,0.93880075,0.87212974,0.7880943,0.84606963,0.5
s009080,0.84376645,0.8887587,0.6489114,0.8967949,0.5
s009092,0.98378503,0.96653706,0.9834705,0.94458723,0.5
s009094,0.25349122,0.272218,0.5530829,0.18787657,0.5
s009096,0.9548163,0.79036856,0.8020909,0.86281466,0.5
s009097,0.97931457,0.9046505,0.92107415,0.9164094,0.5
s009098,0.96050966,0.86993575,0.744842,0.8224745,0.5
s009111,0.9492946,0.8080672,0.9183339,0.7169128,0.5
s009127,0.53400505,0.42238548,0.61341023,0.28189954,0.5
s009129,0.9452985,0.95976204,0.8143483,0.9488225,0.5
s009137,0.90515476,0.8559716,0.604107,0.85919183,0.5
s009143,0.5901298,0.8200375,0.76454014,0.8410439,0.5
s009144,0.9619649,0.7185944,0.9658996,0.72990495,0.5
s009148,0.9664738,0.81960475,0.7757747,0.7676898,0.5
s009149,0.9680205,0.7675156,0.89029425,0.840259,0.5
s009152,0.54389304,0.08740791,0.22970797,0.08929565,0.5
s009160,0.80486643,0.5692541,0.88759494,0.5301453,0.5
s009162,0.94154674,0.94427973,0.9293122,0.9535353,0.5
s009175,0.94468933,0.83775276,0.8030194,0.8156734,0.5
s009181,0.9043131,0.6247515,0.8305941,0.5852789,0.5
s009190,0.91789335,0.9027811,0.8236123,0.9370958,0.5
s009195,0.46818274,0.8547634,0.9091032,0.8916225,0.5
s009196,0.9519527,0.9393595,0.6322757,0.9012275,0.5
s009198,0.9302051,0.85145944,0.7791538,0.8866169,0.5
s009200,0.98327893,0.95239735,0.8949732,0.9094255,0.5
s009205,0.9334308,0.80348235,0.9184803,0.88543355,0.5
s009208,0.9623913,0.93991333,0.94386727,0.9427181,0.5
s009209,0.96323055,0.8975158,0.8441522,0.8655654,0.5
s009239,0.98083925,0.95379424,0.7588682,0.9285385,0.5
s009242,0.96323055,0.91367656,0.94994867,0.9156582,0.5
s009251,0.7711549,0.57695913,0.9213576,0.68257374,0.5
s009254,0.966156,0.9130583,0.8092759,0.77932185,0.5
s009279,0.9418684,0.7685595,0.7190878,0.5116556,0.5
s009292,0.8217605,0.65201986,0.6381591,0.58563447,0.5
s009311,0.94165415,0.40444866,0.7801604,0.34147266,0.5
s009342,0.9689738,0.93108755,0.90958625,0.93546456,0.5
s009344,0.9809125,0.93071055,0.90105337,0.89733595,0.5
s009346,0.9644556,0.91274774,0.9265699,0.9224824,0.5
s009369,0.9360516,0.84504944,0.8326453,0.624637,0.5
s009370,0.58829796,0.7109294,0.7595823,0.53603965,0.5
s009374,0.052134257,0.3465413,0.59537494,0.24454336,0.5
s009376,0.74558365,0.8106289,0.7369689,0.83196384,0.5
s009381,0.97107434,0.8975158,0.8908652,0.91212356,0.5
s009400,0.9730365,0.8818186,0.7279754,0.7831604,0.5
s009411,0.5848048,0.48791742,0.83128005,0.26397872,0.5
s009421,0.8477158,0.84530497,0.63397694,0.84363765,0.5
s009423,0.97267544,0.9551521,0.8908652,0.9511422,0.5
s009427,0.98803884,0.95791227,0.88563144,0.89010334,0.5
s009433,0.9759006,0.9046505,0.4961339,0.88602656,0.5
s009441,0.9647889,0.81390494,0.86960393,0.86153823,0.5
s009445,0.93698055,0.7269105,0.39992884,0.8275496,0.5
s009455,0.8708172,0.7634837,0.7098244,0.6060322,0.5
s009457,0.9512329,0.6866853,0.7871142,0.8025555,0.5
s009485,0.9081302,0.9043131,0.89552265,0.9180404,0.5
s009489,0.9749169,0.947381,0.8998277,0.9353465,0.5
s009493,0.64467263,0.690872,0.3892563,0.6393984,0.5
s009500,0.8838389,0.6025294,0.71721,0.6393984,0.5
s009513,0.91117966,0.47837654,0.6670392,0.6711474,0.5
s009519,0.9735945,0.8916225,0.77509457,0.9235924,0.5
s009549,0.94728357,0.8834373,0.8221891,0.8366881,0.5
s009558,0.9631613,0.79549927,0.9175984,0.8414352,0.5
s009576,0.8657925,0.66508436,0.7989722,0.63443005,0.5
s009581,0.9627432,0.9059898,0.8110782,0.8778961,0.5
s009594,0.54939884,0.5480084,0.2991052,0.23510839,0.5
s009595,0.8969756,0.8587186,0.91949815,0.87779135,0.5
s009600,0.9142907,0.9003547,0.82460326,0.8633916,0.5
s009601,0.97644573,0.8292156,0.90087914,0.7525585,0.5
s009608,0.9585377,0.69035035,0.7962924,0.74054986,0.5
s009612,0.5673374,0.59525734,0.7157221,0.5559175,0.5
s009615,0.9392481,0.9205043,0.8056322,0.89912134,0.5
s009628,0.98166555,0.96210754,0.87726665,0.9455002,0.5
s009630,0.73335636,0.43170395,0.5733799,0.41235265,0.5
s009655,0.80348235,0.66115755,0.70212173,0.58456767,0.5
s009660,0.9514138,0.8418256,0.7188905,0.8322367,0.5
s009663,0.91352236,0.7867867,0.88856554,0.81420064,0.5
s009671,0.98235554,0.9697281,0.97409195,0.97543687,0.5
s009676,0.9233162,0.89533985,0.86904925,0.8793542,0.5
s009678,0.95362175,0.8836382,0.96295285,0.9071478,0.5
s009679,0.057599206,0.5749915,0.71552336,0.5121131,0.5
s009701,0.9730877,0.9492005,0.92262185,0.9334308,0.5
s009712,0.76803803,0.7531037,0.44477576,0.76171577,0.5
s009723,0.86838096,0.68479127,0.2738656,0.5348555,0.5
s009729,0.9674718,0.7849791,0.81390494,0.7236025,0.5
s009737,0.54704064,0.39367634,0.8583628,0.49039575,0.5
s009744,0.7718435,0.80131465,0.8056322,0.7783125,0.5
s009750,0.9740426,0.952131,0.89442116,0.92879725,0.5
s009765,0.9718859,0.8213309,0.92121595,0.7356416,0.5
s009776,0.9675945,0.87779135,0.70639306,0.8688268,0.5
s009777,0.9320833,0.4739768,0.6686639,0.5214102,0.5
s009783,0.9448931,0.82796735,0.93891287,0.7905303,0.5
s009790,0.96411926,0.96989965,0.8589554,0.936285,0.5
s009796,0.98314995,0.979354,0.98625773,0.9689738,0.5
s009804,0.8550057,0.94509614,0.8089743,0.92121595,0.5
s009824,0.6887825,0.6587469,0.5035686,0.39501747,0.5
s009826,0.96903247,0.91550726,0.7465088,0.9161096,0.5
s009836,0.96753323,0.9071478,0.8949732,0.8844391,0.5
s009842,0.8113773,0.54710114,0.9167081,0.6734064,0.5
s009846,0.9437636,0.89606965,0.9323302,0.94024336,0.5
s009855,0.96405166,0.91964257,0.8802834,0.9081302,0.5
s009858,0.9686789,0.9595352,0.93171144,0.9488225,0.5
s009872,0.6767267,0.6396235,0.7360213,0.65885663,0.5
s009889,0.9685601,0.74054986,0.31237,0.54713136,0.5
s009890,0.87831426,0.67179364,0.91274774,0.6091173,0.5
s009908,0.83413684,0.5599519,0.87048715,0.5451949,0.5
s009921,0.9384633,0.91789335,0.9119669,0.9323302,0.5
s009929,0.9849274,0.9147487,0.9655115,0.9043131,0.5
s009932,0.9869795,0.97482115,0.8329173,0.9658352,0.5
s009963,0.9766692,0.8308688,0.9408984,0.6668223,0.5
s009977,0.8842393,0.80147004,0.7923036,0.7269105,0.5
s009978,0.23335676,0.3617282,0.6517983,0.5865228,0.5
s009996,0.9750122,0.90829307,0.86960393,0.84376645,0.5
s009999,0.75328517,0.3209277,0.81508535,0.30777398,0.5
s010003,0.97662467,0.9480585,0.9493885,0.9465967,0.5
s010008,0.61080176,0.47431156,0.6781138,0.36150277,0.5
s010014,0.91259205,0.9036349,0.908618,0.81859183,0.5
s010016,0.9561454,0.882022,0.8362874,0.87914675,0.5
s010027,0.9382373,0.5263884,0.83601975,0.47798052,0.5
s010036,0.86960393,0.6906634,0.87610537,0.80332816,0.5
s010057,0.94417685,0.8818186,0.8662457,0.9043131,0.5
s010061,0.71582144,0.7675156,0.7977145,0.6038735,0.5
s010064,0.9657707,0.8822251,0.8967949,0.87883514,0.5
s010065,0.98521465,0.91352236,0.94844174,0.8873999,0.5
s010066,0.8095773,0.78249633,0.55886877,0.72661966,0.5
s010069,0.9341553,0.8700462,0.7320175,0.9014011,0.5
s010075,0.97754294,0.6533481,0.92093205,0.6191835,0.5
s010093,0.8987666,0.44077012,0.35767972,0.32444942,0.5
s010099,0.8311431,0.505615,0.8178656,0.64310515,0.5
s010105,0.6482437,0.86522406,0.69760895,0.8814109,0.5
s010107,0.93045825,0.89606965,0.87125593,0.817283,0.5
s010112,0.9786719,0.952131,0.87482774,0.96518475,0.5
s010126,0.7588682,0.6292052,0.254787,0.60112536,0.5
s010141,0.97684664,0.8934954,0.9092645,0.94154674,0.5
s010144,0.94901186,0.906156,0.9448931,0.91321325,0.5
s010156,0.9803186,0.9591543,0.9585377,0.9604354,0.5
s010165,0.9789554,0.91920847,0.8793542,0.9207897,0.5
s010168,0.9656413,0.9272316,0.9608783,0.9374402,0.5
s010175,0.73105854,0.36217928,0.36330795,0.41780585,0.5
s010190,0.3681785,0.5058019,0.71790266,0.3678378,0.5
s010205,0.9747731,0.95239735,0.88563144,0.92262185,0.5
s010231,0.88100195,0.6438893,0.6237207,0.62897736,0.5
s010240,0.86601925,0.7468782,0.8879841,0.8671483,0.5
s010243,0.9688562,0.8530579,0.928668,0.8498466,0.5
s010249,0.8992984,0.53831583,0.37296188,0.4724705,0.5
s010254,0.9623913,0.8862236,0.84376645,0.88563144,0.5
s010255,0.1765296,0.5783291,0.7309625,0.50389093,0.5
s010284,0.96189344,0.94261247,0.76681787,0.9323302,0.5
s010286,0.9747251,0.9647889,0.5917823,0.9571178,0.5
s010289,0.96795994,0.8537909,0.8978745,0.89478946,0.5
s010295,0.8908652,0.90000373,0.65246284,0.8998277,0.5
s010298,0.9142907,0.65588725,0.5670977,0.6727618,0.5
s010303,0.95775455,0.8908652,0.8996516,0.86083776,0.5
s010307,0.98439646,0.94407386,0.8782099,0.9520419,0.5
s010312,0.07682221,0.22901751,0.23196201,0.21617697,0.5
s010316,0.9722571,0.92495924,0.79613405,0.91102153,0.5
s010320,0.95751673,0.91700584,0.896614,0.9124362,0.5
s010329,0.94208187,0.7666432,0.8414352,0.7699463,0.5
s010337,0.8710367,0.9105454,0.82147413,0.94600123,0.5
s010348,0.93306583,0.7550956,0.6169358,0.6932653,0.5
s010358,0.49581155,0.5633179,0.8597815,0.5383765,0.5
s010361,0.86815757,0.8190264,0.6906634,0.6861598,0.5
s010365,0.87536144,0.5872923,0.692642,0.5786863,0.5
s010368,0.9590777,0.9658352,0.90894175,0.9678993,0.5
s010369,0.9747731,0.9583822,0.9790758,0.9572778,0.5
s010382,0.7823301,0.7055822,0.66366893,0.6402986,0.5
s010383,0.80271024,0.6142783,0.81873685,0.6381591,0.5
s010384,0.9639839,0.9252299,0.78116375,0.9027811,0.5
s010391,0.9183339,0.90515476,0.95379424,0.9092645,0.5
s010397,0.6837363,0.57719743,0.62303287,0.4209566,0.5
s010409,0.96753323,0.7052778,0.6630147,0.69637144,0.5
s010422,0.8504686,0.9046505,0.8268516,0.8031738,0.5
s010424,0.9785903,0.5829066,0.8020909,0.6861598,0.5
s010429,0.96544635,0.9641868,0.83467656,0.9636434,0.5
s010437,0.947381,0.9408984,0.8996516,0.92775697,0.5
s010442,0.98080254,0.93257624,0.85403454,0.9502266,0.5
s010447,0.9234544,0.7690802,0.7900447,0.53148293,0.5
s010448,0.9717254,0.90681833,0.947381,0.9224824,0.5
s010451,0.95806944,0.8248855,0.87396973,0.8505928,0.5
s010457,0.87779135,0.67928505,0.6681228,0.50589347,0.5
s010459,0.9505947,0.9022657,0.863161,0.8568123,0.5
s010475,0.3711366,0.47531608,0.35353976,0.3323104,0.5
s010478,0.9418684,0.94165415,0.7352616,0.92683524,0.5
s010482,0.2600135,0.50353616,0.61607003,0.6008326,0.5
s010487,0.9778412,0.91891783,0.8230441,0.9084556,0.5
s010506,0.62079406,0.31132215,0.42214724,0.284576,0.5
s010512,0.9467938,0.9349913,0.6346565,0.9351099,0.5
s010520,0.100348406,0.40987018,0.46566084,0.30404165,0.5
s010526,0.9815244,0.95938325,0.9657707,0.9637117,0.5
s010549,0.9015746,0.84859616,0.69750595,0.8095773,0.5
s010558,0.9161096,0.76559335,0.96411926,0.77814394,0.5
s010580,0.86442494,0.936285,0.74298155,0.9341553,0.5
s010587,0.9678993,0.76838577,0.8546422,0.8103289,0.5
s010596,0.9598375,0.9364014,0.7369689,0.9026096,0.5
s010598,0.9740426,0.93463427,0.9428234,0.8778961,0.5
s010616,0.9778412,0.952131,0.9693822,0.9630224,0.5
s010618,0.8333246,0.59190017,0.4503896,0.5900117,0.5
s010629,0.7255514,0.20785716,0.51350075,0.28706777,0.5
s010633,0.79565805,0.6451199,0.66345096,0.5943747,0.5
s010636,0.9186264,0.81405276,0.5971969,0.7241881,0.5
s010645,0.9383503,0.73979855,0.8410439,0.74761593,0.5
s010649,0.9695556,0.7162186,0.7685595,0.6880493,0.5
s010655,0.34147266,0.6614857,0.754915,0.560824,0.5
s010663,0.16491954,0.19390947,0.6253238,0.23353152,0.5
s010671,0.9339146,0.6420959,0.42482957,0.62909126,0.5
s010682,0.891811,0.88038635,0.87779135,0.879043,0.5
s010686,0.8490974,0.6995624,0.80147004,0.59425694,0.5
s010695,0.9784671,0.961678,0.93379396,0.9433476,0.5
s010701,0.9675945,0.92093205,0.90397453,0.9114953,0.5
s010707,0.90894175,0.89460546,0.8136089,0.8130158,0.5
s010712,0.97779876,0.96498734,0.91550726,0.9564718,0.5
s010713,0.9403531,0.6602819,0.5696133,0.50414264,0.5
s010718,0.87450653,0.88059187,0.8113773,0.84530497,0.5
s010723,0.9053223,0.8533026,0.7648916,0.84695786,0.5
s010725,0.94197524,0.9314625,0.94891727,0.9281487,0.5
s010745,0.9686196,0.88778967,0.8802834,0.8626991,0.5
s010746,0.34997693,0.46468896,0.9164094,0.5029259,0.5
s010752,0.93306583,0.9015746,0.77848095,0.90000373,0.5
s010753,0.92107415,0.79975533,0.8110782,0.7893961,0.5
s010756,0.70992494,0.24077459,0.6242935,0.22678363,0.5
s010762,0.97023994,0.74186105,0.76838577,0.7509182,0.5
s010773,0.9590777,0.91789335,0.9777564,0.3762793,0.5
s010774,0.87191176,0.5532639,0.68909645,0.5292938,0.5
s010780,0.07382972,0.17370832,0.14451066,0.21223202,0.5
s010781,0.30424836,0.30923226,0.2860695,0.2948237,0.5
s010788,0.16940586,0.40092525,0.2852724,0.42847255,0.5
s010794,0.046378203,0.06730107,0.07935289,0.08240151,0.5
s010797,0.05300978,0.30850264,0.18039528,0.14792407,0.5
s010802,0.122628234,0.14535782,0.25349122,0.07779745,0.5
s010805,0.30466196,0.42274293,0.42304084,0.49375564,0.5
s010813,0.27231473,0.7771307,0.51318055,0.5675771,0.5
s010816,0.09687653,0.3333947,0.20275871,0.46529633,0.5
s010817,0.27855107,0.17838266,0.4831454,0.31636927,0.5
s010825,0.10521054,0.21518578,0.19821933,0.36761075,0.5
s010836,0.32477054,0.2155158,0.3090237,0.21386933,0.5
s010842,0.53849787,0.51434696,0.33917066,0.5911923,0.5
s010845,0.9360516,0.8933094,0.95938325,0.66725606,0.5
s010864,0.13614832,0.14928317,0.163579,0.13117322,0.5
s010866,0.28696784,0.42262375,0.4154916,0.33437204,0.5
s010876,0.3176379,0.35432136,0.35824078,0.30642328,0.5
s010879,0.19790912,0.4274565,0.28022227,0.4769755,0.5
s010881,0.9813107,0.79975533,0.93674946,0.5795194,0.5
s010883,0.10320506,0.12304913,0.12304913,0.16858302,0.5
s010889,0.33220208,0.5398021,0.35812855,0.62897736,0.5
s010900,0.33220208,0.23300752,0.52643406,0.36116472,0.5
s010911,0.08344117,0.26265267,0.3238076,0.21452682,0.5
s010913,0.53400505,0.47240964,0.33502442,0.36886027,0.5
s010916,0.96697646,0.92093205,0.97792566,0.8352149,0.5
s010922,0.059319146,0.08210663,0.05079946,0.042642392,0.5
s010929,0.5031833,0.70456684,0.7779754,0.66257817,0.5
s010949,0.3580163,0.5256884,0.35365137,0.702428,0.5
s010956,0.13534632,0.20307463,0.3497548,0.30787802,0.5
s010963,0.55347514,0.34964374,0.3644382,0.4128852,0.5
s010968,0.49973157,0.24095316,0.4256052,0.45789415,0.5
s010969,0.56202626,0.40010458,0.619241,0.79246426,0.5
s010974,0.9761292,0.9425068,0.96425414,0.5758862,0.5
s010979,0.9053223,0.6714706,0.80746067,0.5970206,0.5
s010986,0.6232622,0.58752906,0.67854,0.8054792,0.5
s010989,0.8056322,0.6143362,0.74372685,0.5345214,0.5
s010994,0.97986126,0.9678385,0.96329963,0.5993679,0.5
s011001,0.9871788,0.959001,0.96795994,0.43881524,0.5
s011013,0.19498022,0.36206648,0.38815406,0.8076124,0.5
s011015,0.43914595,0.40186384,0.41501737,0.29077944,0.5
s011023,0.9701269,0.9404625,0.9743861,0.079782,0.5
s011026,0.98282325,0.96131647,0.9686196,0.501297,0.5
s011027,0.5019083,0.6728693,0.6402986,0.57158726,0.5
s011056,0.45519865,0.5636782,0.23810701,0.23213601,0.5
s011073,0.97419035,0.9546474,0.9561454,0.17953056,0.5
s011075,0.39326853,0.30663085,0.23022674,0.27231473,0.5
s011081,0.9487276,0.9335521,0.9342753,0.6218854,0.5
s011083,0.9785493,0.968441,0.9717254,0.9217811,0.5
s011085,0.7814974,0.77509457,0.68215036,0.2948237,0.5
s011086,0.64556694,0.6533481,0.65588725,0.71552336,0.5
s011094,0.98667485,0.9488225,0.93698055,0.7318258,0.5
s011104,0.5404085,0.40121853,0.5152541,0.22439517,0.5
s011105,0.3742188,0.5719459,0.43128473,0.511892,0.5
s011125,0.2752271,0.2560871,0.4970875,0.33796784,0.5
s011133,0.20402455,0.2441827,0.1538032,0.26038948,0.5
s011135,0.7279754,0.6686639,0.30249408,0.544105,0.5
s011139,0.26246357,0.16331196,0.15291563,0.22746931,0.5
s011148,0.8850366,0.60929173,0.7516481,0.6034062,0.5
s011150,0.9434519,0.81873685,0.89823216,0.840521,0.5
s011157,0.6317079,0.6673645,0.7675156,0.6771539,0.5
s011165,0.43995786,0.6346565,0.5070224,0.5736187,0.5
s011166,0.3629692,0.28766772,0.8190264,0.48572925,0.5
s011169,0.93698055,0.4338615,0.88563144,0.54698014,0.5
s011174,0.32680833,0.37983832,0.68867785,0.48419714,0.5
s011182,0.8017807,0.8467045,0.9205043,0.9069832,0.5
s011193,0.87482774,0.81640637,0.852199,0.71243227,0.5
s011196,0.9084556,0.95292586,0.7977145,0.85342485,0.5
s011201,0.95998776,0.9659639,0.9428234,0.9723622,0.5
s011246,0.89218736,0.9430336,0.9462997,0.9583822,0.5
s011251,0.9459013,0.6971967,0.8893368,0.71592075,0.5
s011256,0.98080254,0.967163,0.9092645,0.9534488,0.5
s011260,0.966156,0.95869267,0.9184803,0.9563089,0.5
s011262,0.95869267,0.9731898,0.95791227,0.9664738,0.5
s011264,0.95679593,0.9697281,0.86373675,0.97433734,0.5
s011272,0.56637836,0.74761593,0.57385755,0.7100255,0.5
s011276,0.9559813,0.9596866,0.87212974,0.9557341,0.5
s011282,0.9749169,0.98102194,0.94699025,0.98087597,0.5
s011285,0.57969785,0.4211947,0.7866228,0.36500388,0.5
s011299,0.89218736,0.64857763,0.8812066,0.7490872,0.5
s011300,0.840259,0.91398406,0.94458723,0.8868131,0.5
s011310,0.9604354,0.86601925,0.6573185,0.9073123,0.5
s011324,0.9535353,0.95775455,0.9019207,0.97414124,0.5
s011337,0.9159594,0.7752647,0.87831426,0.6984323,0.5
s011351,0.9563905,0.93686515,0.8824279,0.9183339,0.5
s011358,0.84959716,0.9568766,0.724578,0.9184803,0.5
s011362,0.9749169,0.96795994,0.91550726,0.9567152,0.5
s011368,0.9466954,0.9571178,0.8669231,0.95606345,0.5
s011393,0.7636601,0.89199936,0.7559974,0.89029425,0.5
s011424,0.92206234,0.9223426,0.772359,0.89442116,0.5
s011427,0.8098782,0.80069196,0.5686554,0.86060363,0.5
s011434,0.9328214,0.89947516,0.77848095,0.8889517,0.5
s011470,0.98046875,0.9073123,0.9084556,0.8879841,0.5
s011478,0.9505947,0.86960393,0.8465777,0.7985012,0.5
s011479,0.97887486,0.90515476,0.8929365,0.8840393,0.5
s011487,0.9285385,0.8217605,0.84834504,0.81449586,0.5
s011516,0.42363685,0.6303436,0.77029204,0.6293191,0.5
s011535,0.37376153,0.80821866,0.7926248,0.83615357,0.5
s011537,0.1989965,0.7648916,0.7762839,0.6997676,0.5
s011559,0.98141783,0.9174507,0.90582335,0.9413314,0.5
s011567,0.88759494,0.85158294,0.8000679,0.7613611,0.5
s011568,0.48707104,0.817283,0.7169128,0.82796735,0.5
s011577,0.54737335,0.52112085,0.6722241,0.5133483,0.5
s011581,0.6854233,0.6149723,0.65599746,0.59508085,0.5
s011602,0.83788544,0.7252596,0.8558512,0.7554566,0.5
s011605,0.9749646,0.94901186,0.94966936,0.93674946,0.5
s011607,0.73829186,0.736211,0.7866228,0.7181993,0.5
s011614,0.97943294,0.92788786,0.83031917,0.908618,0.5
s011620,0.8934954,0.685318,0.8059378,0.71552336,0.5
s011631,0.9237301,0.89912134,0.89912134,0.7801604,0.5
s011636,0.583144,0.5885345,0.41709343,0.49404934,0.5
s011644,0.8881781,0.75976056,0.8047131,0.55832696,0.5
s011655,0.1831549,0.5719459,0.42835298,0.59131026,0.5
s011707,0.8146434,0.75868946,0.44257626,0.64187145,0.5
s011715,0.8734309,0.82544905,0.68489665,0.5744545,0.5
s011720,0.83346015,0.7678639,0.57254356,0.68162084,0.5
s011724,0.23863891,0.1821344,0.42184955,0.1435475,0.5
s011732,0.9588471,0.84619683,0.94122344,0.4477621,0.5
s011749,0.9572778,0.95751673,0.7636601,0.9509604,0.5
s011771,0.46141112,0.78613067,0.472075,0.7975568,0.5
s011785,0.061649624,0.26151946,0.34643072,0.13614832,0.5
s011791,0.07572137,0.11716747,0.3366581,0.09384396,0.5
s011824,0.93732566,0.68846846,0.6165896,0.695338,0.5
s011832,0.48604184,0.8723474,0.71492666,0.84169555,0.5
s011836,0.19421494,0.5440445,0.692122,0.6082451,0.5
s011854,0.91490096,0.94468933,0.7412996,0.9576754,0.5
s011869,0.31132215,0.5920771,0.47177076,0.55510366,0.5
s011870,0.08601588,0.4606225,0.61745495,0.38647398,0.5
s011880,0.95362175,0.9273633,0.7554566,0.921499,0.5
s011889,0.9563089,0.92107415,0.8446654,0.9144437,0.5
s011893,0.13846178,0.34026593,0.61958635,0.26894143,0.5
s011894,0.9465967,0.97510713,0.91383046,0.96102494,0.5
s011899,0.94994867,0.9559813,0.5977253,0.9502266,0.5
s011908,0.7142295,0.74186105,0.6481323,0.72903776,0.5
s011913,0.9237301,0.8830344,0.6491339,0.9019207,0.5
s011926,0.9531007,0.92775697,0.6797104,0.94853723,0.5
s011929,0.93546456,0.9400236,0.8373541,0.9595352,0.5
s011936,0.9334308,0.95013416,0.7789858,0.9685601,0.5
s011943,0.28736767,0.25128007,0.6635599,0.07850098,0.5
s011949,0.94479126,0.9565531,0.8736466,0.9558166,0.5
s011953,0.48249006,0.38208377,0.76401234,0.26874948,0.5
s011954,0.051177494,0.20260091,0.3875744,0.118385084,0.5
s011958,0.03897507,0.14163722,0.1606607,0.06979492,0.5
s011960,0.10762492,0.20118472,0.55947053,0.2104416,0.5
s011978,0.8418256,0.6254381,0.856092,0.58308464,0.5
s011991,0.88563144,0.39047584,0.87439936,0.39140594,0.5
s011993,0.9552357,0.94891727,0.90448195,0.9548163,0.5
s012008,0.94024336,0.891811,0.78464925,0.9348725,0.5
s012013,0.25739157,0.24889915,0.25183168,0.11221038,0.5
s012027,0.055823144,0.05155819,0.57463354,0.060086653,0.5
s012031,0.9260366,0.9260366,0.858244,0.9579909,0.5
s012042,0.21601155,0.13846178,0.33025515,0.0973904,0.5
s012050,0.06632687,0.2148561,0.40016317,0.25036255,0.5
s012051,0.86904925,0.73829186,0.4139509,0.66475797,0.5
s012077,0.92262185,0.95013416,0.8794577,0.9568766,0.5
s012088,0.88602656,0.9380106,0.7791538,0.94796216,0.5
s012098,0.9370958,0.9142907,0.7572562,0.8769509,0.5
s012104,0.060640547,0.08616956,0.19759925,0.04385456,0.5
s012108,0.93403506,0.8729984,0.8264319,0.7989722,0.5
s012154,0.94197524,0.9410069,0.73791426,0.88100195,0.5
s012155,0.043609526,0.10158945,0.7685595,0.111627996,0.5
s012160,0.021698097,0.0849471,0.14928317,0.047958102,0.5
s012169,0.090253234,0.15482272,0.2196721,0.0894546,0.5
s012171,0.74186105,0.716417,0.78282857,0.7862948,0.5
s012180,0.72262484,0.6282934,0.3426815,0.58130306,0.5
s012185,0.037047166,0.107250325,0.26435837,0.07935289,0.5
s012217,0.12095703,0.287968,0.5954338,0.20307463,0.5
s012218,0.038538497,0.080069266,0.27590945,0.03308598,0.5
s012230,0.04023794,0.1201288,0.23144047,0.04822634,0.5
s012233,0.08464395,0.10706346,0.21255875,0.07146149,0.5
s012246,0.048586205,0.18417984,0.276007,0.12043882,0.5
s012254,0.036220055,0.09877259,0.19238758,0.057918087,0.5
s012257,0.111627996,0.34400254,0.45650062,0.2560871,0.5
s012259,0.0434469,0.07185127,0.5087653,0.05033063,0.5
s012265,0.0570714,0.05910154,0.17823958,0.020567095,0.5
s012277,0.057281975,0.14633106,0.33220208,0.07654563,0.5
s012297,0.032222297,0.12074952,0.1742697,0.1301748,0.5
s012304,0.045437217,0.09301681,0.6082451,0.07172113,0.5
s012306,0.023375316,0.11143445,0.23810701,0.057705317,0.5
s012312,0.037326887,0.05261895,0.20721471,0.03534408,0.5
s012321,0.023153411,0.07276838,0.18967113,0.045862664,0.5
s012338,0.087096825,0.3203959,0.4577729,0.20181322,0.5
s012343,0.09186979,0.23828422,0.26511872,0.12808825,0.5
s012358,0.040464837,0.03782129,0.23231015,0.025516605,0.5
s012376,0.052716404,0.10613343,0.30136204,0.1046602,0.5
s012383,0.9285385,0.9492946,0.64119774,0.9360516,0.5
s012384,0.9480585,0.94825053,0.80286485,0.9533619,0.5
s012385,0.03875619,0.12929276,0.2109288,0.10158945,0.5
s012400,0.9678993,0.85633236,0.96826136,0.6415347,0.5
s012418,0.8231863,0.548613,0.9408984,0.1404541,0.5
s012423,0.92290026,0.8906752,0.7759446,0.71849567,0.5
s012433,0.6396235,0.6375951,0.5454673,0.5784482,0.5
s012438,0.961171,0.91920847,0.570092,0.9097468,0.5
s012451,0.80286485,0.80084777,0.5529924,0.81888163,0.5
s012464,0.5570623,0.73810315,0.53348863,0.6771539,0.5
s012466,0.14235108,0.18068421,0.5297348,0.19713514,0.5
s012471,0.8504686,0.79865825,0.60434055,0.8338664,0.5
s012479,0.29695997,0.19269122,0.50488645,0.13788036,0.5
s012485,0.53810346,0.52180624,0.7140302,0.79310596,0.5
s012491,0.3203959,0.36988392,0.5701518,0.4773105,0.5
s012501,0.053601142,0.23988314,0.2712517,0.3473157,0.5
s012511,0.0996453,0.24908175,0.3644382,0.36658973,0.5
s012514,0.15418488,0.31605256,0.6410854,0.09877259,0.5
s012518,0.031261913,0.055106897,0.09704755,0.032283258,0.5
s012520,0.066085376,0.338405,0.7210563,0.12400069,0.5
s012530,0.950411,0.9032942,0.69368047,0.9046505,0.5
s012533,0.89858866,0.7789858,0.42757598,0.61607003,0.5
s012549,0.4063318,0.3047654,0.4315243,0.10141132,0.5
s012556,0.38664764,0.36636302,0.56787676,0.30373183,0.5
s012570,0.12126887,0.15869519,0.29158565,0.08344117,0.5
s012573,0.8113773,0.77167153,0.528579,0.68867785,0.5
s012577,0.8478418,0.75328517,0.74558365,0.7871142,0.5
s012581,0.8308688,0.6724393,0.90481883,0.7890712,0.5
s012583,0.09203286,0.19528697,0.27973008,0.10613343,0.5
s012587,0.325735,0.2881683,0.63193506,0.28866935,0.5
s012592,0.46793953,0.2798285,0.5378001,0.2516477,0.5
s012593,0.10837755,0.101055905,0.31869718,0.09138211,0.5
s012599,0.65102214,0.7092205,0.70821255,0.6119039,0.5
s012603,0.12095703,0.084191084,0.13195425,0.08122776,0.5
s012617,0.7399865,0.8156734,0.6296608,0.7937462,0.5
s012629,0.89010334,0.8702668,0.81888163,0.9001793,0.5
s012667,0.93980294,0.87418467,0.79645085,0.8535469,0.5
s012679,0.92441523,0.8233284,0.63193506,0.79565805,0.5
s012680,0.9314625,0.84428066,0.77662295,0.8299059,0.5
s012682,0.5986642,0.7439129,0.5327594,0.7217432,0.5
s012697,0.8115267,0.79975533,0.7358315,0.8171371,0.5
s012698,0.5521473,0.51065665,0.4520823,0.57928145,0.5
s012718,0.052424565,0.075995214,0.21900326,0.032713126,0.5
s012723,0.030675802,0.0416178,0.1501534,0.044764314,0.5
s012729,0.15571934,0.08479541,0.23988314,0.055412795,0.5
s012730,0.16803622,0.18922126,0.31827322,0.12819736,0.5
s012732,0.055208683,0.09285216,0.21783626,0.03442355,0.5
s012738,0.33851433,0.31647488,0.38554814,0.24508502,0.5
s012747,0.08866235,0.15843461,0.39326853,0.071073666,0.5
s012750,0.058776557,0.19821933,0.35387462,0.08021325,0.5
s012756,0.023509452,0.048047356,0.12400069,0.04560694,0.5
s012763,0.046724956,0.100524865,0.3124749,0.13240233,0.5
s012765,0.029145971,0.05910154,0.10837755,0.058453236,0.5
s012766,0.05223086,0.20450072,0.30715016,0.1480472,0.5
s012769,0.041695766,0.09138211,0.17258981,0.059537485,0.5
s012781,0.14743239,0.88100195,0.64846635,0.85729086,0.5
s012800,0.9328214,0.91730267,0.76942694,0.9130583,0.5
s012804,0.8940517,0.79581684,0.82544905,0.73354733,0.5
s012832,0.42757598,0.5001893,0.78530854,0.5042419,0.5
s012849,0.917746,0.9430336,0.74279505,0.909907,0.5
s012850,0.18624301,0.3896046,0.59083825,0.19132768,0.5
s012855,0.82090056,0.81331253,0.83642095,0.7527403,0.5
s012877,0.7999117,0.8050198,0.8183016,0.8288003,0.5
s012879,0.5496406,0.8147907,0.7191864,0.8490974,0.5
s012881,0.9026096,0.9235924,0.8891444,0.86601925,0.5
s012882,0.22592856,0.8204694,0.7550956,0.7761143,0.5
s012893,0.06572466,0.24059612,0.47948843,0.27678826,0.5
s012907,0.77304506,0.78825736,0.65367985,0.6940954,0.5
s012913,0.29047742,0.35476834,0.54970104,0.35521552,0.5
s012934,0.92643696,0.8778961,0.7676898,0.92441523,0.5
s012944,0.91490096,0.8949732,0.7864589,0.9053223,0.5
s012956,0.25293726,0.25590113,0.2425643,0.118385084,0.5
s012962,0.35097733,0.72311395,0.66093874,0.5088187,0.5
s012964,0.047691282,0.12570794,0.38341042,0.11797801,0.5
s012965,0.882022,0.77424216,0.72496766,0.7831604,0.5
s012980,0.15456733,0.37662312,0.38630033,0.25036255,0.5
s013002,0.090092994,0.13986565,0.22970797,0.12973315,0.5
s013007,0.1561049,0.40486032,0.4953767,0.29128316,0.5
s013015,0.23196201,0.6861598,0.7409249,0.6078378,0.5
s013020,0.018475592,0.055823144,0.15495056,0.077937685,0.5
s013028,0.054499872,0.1816984,0.23581158,0.33014715,0.5
s013033,0.116764,0.27904198,0.32928386,0.1766716,0.5
s013045,0.4553197,0.5475246,0.6978149,0.5824316,0.5
s013063,0.45816684,0.55477196,0.40898472,0.64332926,0.5
s013084,0.06052939,0.10484337,0.54483163,0.14977993,0.5
s013090,0.08479541,0.1112412,0.18359363,0.14057204,0.5
s013096,0.83346015,0.6680145,0.30455855,0.65279496,0.5
s013098,0.29168653,0.3190153,0.7604728,0.3267009,0.5
s013101,0.080069266,0.12158141,0.24113183,0.13386749,0.5
s013108,0.09401018,0.12158141,0.277473,0.1435475,0.5
s013154,0.91964257,0.92007446,0.7272981,0.82796735,0.5
s013155,0.14139993,0.2672169,0.27776673,0.22850062,0.5
s013166,0.9662198,0.8891444,0.76681787,0.94024336,0.5
s013176,0.7031419,0.6543428,0.78282857,0.6151457,0.5
s013180,0.7588682,0.68563384,0.8121234,0.633637,0.5
s013184,0.11456649,0.2607658,0.55087924,0.22456521,0.5
s013192,0.9488225,0.94240075,0.9097468,0.9167081,0.5
s013201,0.66345096,0.80700475,0.7794897,0.74316794,0.5
s013210,0.5394685,0.38873404,0.5183481,0.38300648,0.5
s013212,0.058238626,0.1404541,0.4046251,0.13998318,0.5
s013217,0.9574373,0.84758973,0.83141696,0.8897206,0.5
s013222,0.10230471,0.38919824,0.5811842,0.24346252,0.5
s013230,0.05261895,0.0607519,0.28616926,0.039564557,0.5
s013231,0.9240048,0.70720255,0.8288003,0.7136312,0.5
s013253,0.8345418,0.7789858,0.80882335,0.6608293,0.5
s013260,0.6929537,0.5960218,0.45317107,0.43974733,0.5
s013266,0.9393595,0.68320817,0.8441522,0.6797104,0.5
s013275,0.15947904,0.44592163,0.36161548,0.4330222,0.5
s013277,0.059210256,0.1112412,0.3330692,0.14163722,0.5
s013284,0.08359067,0.19528697,0.27115518,0.19390947,0.5
s013321,0.98314995,0.9595352,0.97334224,0.48617908,0.5
s013323,0.6761924,0.31142685,0.2758119,0.7177049,0.5
s013325,0.19178137,0.41347715,0.49723434,0.27590945,0.5
s013411,0.17511447,0.26607114,0.31710896,0.39012724,0.5
s013416,0.7897206,0.80115914,0.7033458,0.692226,0.5
s013419,0.5771379,0.25146383,0.27338037,0.43146437,0.5
s013431,0.47944272,0.38496998,0.32928386,0.45677322,0.5
s013433,0.34114337,0.18286288,0.25238404,0.19559409,0.5
s013435,0.7079098,0.5782696,0.5476153,0.6345433,0.5
s013442,0.32231265,0.15804437,0.3110082,0.28170192,0.5
s013447,0.71442884,0.7122322,0.5888891,0.6868954,0.5
s013467,0.6567684,0.7076068,0.59472775,0.28736767,0.5
s013468,0.22541659,0.29930997,0.4329023,0.31806138,0.5
s013472,0.23722231,0.1504028,0.31310463,0.1482937,0.5
s013473,0.87450653,0.7221353,0.7446563,0.62566686,0.5
s013483,0.91321325,0.8010035,0.7594039,0.8558512,0.5
s013489,0.46918583,0.3925697,0.6645403,0.42054012,0.5
s013501,0.5484014,0.4324229,0.4660861,0.470098,0.5
s013504,0.53783035,0.6434414,0.8198933,0.6228035,0.5
s013514,0.04410091,0.12581532,0.25739157,0.055515114,0.5
s013515,0.73866904,0.6979178,0.74706274,0.2744486,0.5
s013521,0.48778775,0.16559312,0.31584147,0.17050801,0.5
s013543,0.46229097,0.6481323,0.6266955,0.5436205,0.5
s013544,0.055208683,0.0921962,0.13741668,0.06052939,0.5
s013548,0.7538293,0.6176856,0.3431216,0.4192318,0.5
s013560,0.6093498,0.4570761,0.41501737,0.45619774,0.5
s013579,0.3643251,0.42990798,0.65555656,0.33155245,0.5
s013585,0.33155245,0.20914644,0.22354652,0.1989965,0.5
s013587,0.8168451,0.59625685,0.5030956,0.62337685,0.5
s013589,0.6880493,0.68489665,0.7843191,0.6252093,0.5
s013600,0.54961044,0.34676248,0.2929997,0.357119,0.5
s013617,0.53567535,0.3945508,0.44302803,0.4330821,0.5
s013618,0.46025854,0.2467148,0.43122482,0.2925953,0.5
s013623,0.35264748,0.23475733,0.17724052,0.57969785,0.5
s013629,0.21584621,0.40368438,0.21272224,0.19178137,0.5
s013635,0.91321325,0.8311431,0.68836373,0.7292306,0.5
s013640,0.6623598,0.45368537,0.37353298,0.51594,0.5
s013641,0.6709318,0.46213928,0.4020986,0.5095279,0.5
s013652,0.7297124,0.5113048,0.3047654,0.49746895,0.5
s013653,0.058453236,0.10743748,0.23970512,0.070816204,0.5
s013657,0.73335636,0.7136312,0.62234455,0.695338,0.5
s013671,0.370567,0.2467148,0.13296424,0.21419789,0.5
s013672,0.038683493,0.040162582,0.06656919,0.038538497,0.5
s013676,0.6225741,0.5578152,0.54728264,0.55383706,0.5
s013685,0.6004227,0.56049323,0.29849136,0.30621576,0.5
s013696,0.4460724,0.21223202,0.19946389,0.27904198,0.5
s013708,0.40115982,0.30549008,0.36330795,0.39525086,0.5
s013711,0.7826625,0.5993679,0.4819262,0.65654814,0.5
s013724,0.7554566,0.78249633,0.77321637,0.70740473,0.5
s013726,0.31531417,0.21883628,0.16586316,0.12560065,0.5
s013732,0.6889918,0.8264319,0.48709393,0.64779824,0.5
s013738,0.55805606,0.56997234,0.3784591,0.5965507,0.5
s013739,0.93318766,0.61676276,0.4254262,0.4709191,0.5
s013744,0.822617,0.54743385,0.32541335,0.05051767,0.5
s013752,0.7055822,0.72389543,0.41970742,0.6135839,0.5
s013754,0.523938,0.27279878,0.32252598,0.28467542,0.5
s013755,0.44402227,0.2925953,0.46553937,0.28776783,0.5
s013756,0.6017106,0.7043636,0.7373473,0.5003221,0.5
s013758,0.6280653,0.67082393,0.55468154,0.58871186,0.5
s013766,0.7435406,0.2961451,0.2501793,0.73866904,0.5
s013781,0.055208683,0.0921962,0.13741668,0.65279496,0.5
s013792,0.8293538,0.7804952,0.56685793,0.7314424,0.5
s013800,0.6663883,0.69160146,0.647018,0.6427689,0.5
s013841,0.9064877,0.68836373,0.81888163,0.56637836,0.5
s013852,0.79117644,0.6101051,0.30497235,0.37319025,0.5
s013859,0.79454446,0.5840932,0.6337503,0.70659554,0.5
s013865,0.13672362,0.50267595,0.44435376,0.7169128,0.5
s013870,0.38450763,0.40798187,0.3579041,0.4356614,0.5
s013881,0.76629364,0.3296075,0.520085,0.045437217,0.5
s013884,0.13523208,0.15469497,0.10521054,0.11066323,0.5
s013900,0.9234544,0.8085212,0.74927074,0.56487876,0.5
s013906,0.8174288,0.80837,0.7841538,0.70942193,0.5
s013909,0.7545535,0.6608293,0.49863148,0.6005984,0.5
s013920,0.067423776,0.043123372,0.208018,0.04099903,0.5
s013921,0.35097733,0.18432662,0.17823958,0.28897023,0.5
s013929,0.43686226,0.56277734,0.52844214,0.5185767,0.5
s013933,0.2739627,0.28368217,0.27454582,0.44408253,0.5
s013935,0.43734282,0.17809658,0.22422527,0.18388654,0.5
s013938,0.35678276,0.32756075,0.22832854,0.2769838,0.5
s013941,0.8115267,0.88463855,0.69802076,0.8468312,0.5
s013947,0.65390086,0.4344613,0.50603455,0.3744475,0.5
s013960,0.76454014,0.68215036,0.6005984,0.69139314,0.5
s013966,0.76100606,0.47823945,0.5450436,0.6453435,0.5
s013974,0.12095703,0.10762492,0.112015955,0.08834723,0.5
s013988,0.37834427,0.53282017,0.567637,0.5993679,0.5
s013991,0.7627777,0.84428066,0.65885663,0.76838577,0.5
s013995,0.2674082,0.17953056,0.24131057,0.26435837,0.5
s013997,0.28348374,0.20450072,0.18184364,0.56595856,0.5
s014003,0.1334152,0.13568956,0.17724052,0.4046839,0.5
s014015,0.5462541,0.21304953,0.2955348,0.20386598,0.5
s014018,0.67939144,0.44360042,0.32156652,0.40792292,0.5
s014034,0.50135994,0.30054024,0.2874677,0.17981844,0.5
s014036,0.17106119,0.24400254,0.37399015,0.23704566,0.5
s014044,0.3774259,0.26855758,0.46626836,0.35588682,0.5
s014052,0.72894126,0.6954414,0.73392886,0.57170683,0.5
s014081,0.83346015,0.7678639,0.57254356,0.68162084,0.5
s014088,0.8146434,0.75868946,0.44257626,0.64187145,0.5
s014092,0.05300978,0.30850264,0.18039528,0.14792407,0.5
s014094,0.21386933,0.35734323,0.3957762,0.43995786,0.5
s014100,0.87191176,0.5532639,0.68909645,0.5292938,0.5
s014106,0.49783325,0.4847307,0.45350388,0.4825663,0.5
s014107,0.5550132,0.5073542,0.34224167,0.532729,0.5
s014113,0.81888163,0.6349961,0.46089545,0.44664553,0.5
s014114,0.3742188,0.5719459,0.43128473,0.511892,0.5
s014139,0.1766716,0.41022456,0.55468154,0.3987576,0.5
s014146,0.33220208,0.5398021,0.35812855,0.62897736,0.5
s014160,0.7279754,0.6686639,0.30249408,0.544105,0.5
s014167,0.10320506,0.12304913,0.12304913,0.16858302,0.5
s014222,0.09186979,0.16198196,0.21370518,0.107250325,0.5
s014225,0.09687653,0.3333947,0.20275871,0.46529633,0.5
s014228,0.10521054,0.21518578,0.19821933,0.36761075,0.5
s014235,0.20402455,0.2441827,0.1538032,0.26038948,0.5
s014247,0.13614832,0.14928317,0.163579,0.13117322,0.5
s014253,0.5031833,0.70456684,0.7779754,0.66257817,0.5
s014262,0.09285216,0.253861,0.27105868,0.18982129,0.5
s014275,0.16505408,0.18742996,0.4216709,0.12560065,0.5
s014278,0.072243,0.17342815,0.14414886,0.19574778,0.5
s014281,0.0753123,0.28249303,0.28269097,0.1908748,0.5
s014284,0.059319146,0.08210663,0.05079946,0.042642392,0.5
s014301,0.31426096,0.3106944,0.662469,0.44432363,0.5
s014307,0.8881781,0.75976056,0.8047131,0.55832696,0.5
s014310,0.33535084,0.47677758,0.34235162,0.38346815,0.5
s014322,0.18653922,0.32863715,0.45919734,0.37353298,0.5
s014323,0.40727448,0.67939144,0.48745993,0.60358137,0.5
s014330,0.53400505,0.47240964,0.33502442,0.36886027,0.5
s014346,0.5082924,0.6276089,0.5881797,0.6754436,0.5
s014351,0.13307686,0.14426936,0.27318642,0.07779745,0.5
s014365,0.09585608,0.14767806,0.359589,0.325735,0.5
s014374,0.28696784,0.42262375,0.4154916,0.33437204,0.5
s014376,0.09186979,0.16198196,0.21370518,0.107250325,0.5
s014377,0.06359858,0.09704755,0.11104825,0.06717858,0.5
s014379,0.3580163,0.5256884,0.35365137,0.702428,0.5
s014409,0.043772742,0.050144248,0.097562216,0.7910151,0.5
s014410,0.043772742,0.050144248,0.097562216,0.45253593,0.5
s014411,0.043772742,0.050144248,0.097562216,0.40069073,0.5
s014412,0.043772742,0.050144248,0.097562216,0.68867785,0.5
s014413,0.043772742,0.050144248,0.097562216,0.48806992,0.5
s014414,0.043772742,0.050144248,0.097562216,0.083740406,0.5
s014415,0.043772742,0.050144248,0.097562216,0.3242354,0.5
s014416,0.043772742,0.050144248,0.097562216,0.083740406,0.5
s014417,0.043772742,0.050144248,0.097562216,0.30342212,0.5
s014418,0.043772742,0.050144248,0.097562216,0.083740406,0.5
s014419,0.043772742,0.050144248,0.097562216,0.31299964,0.5
s014420,0.043772742,0.050144248,0.097562216,0.7796576,0.5
s014421,0.043772742,0.050144248,0.097562216,0.45577386,0.5
s014422,0.043772742,0.050144248,0.097562216,0.199308,0.5
s014432,0.947186,0.8204694,0.8275496,0.8507168,0.49940598
s014456,0.7657686,0.88059187,0.95150405,0.90681833,0.51849973
s014457,0.97462875,0.9517737,0.9761746,0.9601375,0.51341003
s014460,0.98159516,0.9250947,0.967101,0.94600123,0.56397855
s014497,0.8881781,0.8838389,0.9313377,0.88463855,0.5272375
s014501,0.8969756,0.9300781,0.966028,0.94639885,0.5
s014504,0.86001676,0.8733229,0.75868946,0.9094255,0.48718446
s014523,0.9407897,0.9342753,0.8413048,0.9428234,0.48416957
s014529,0.9546474,0.8441522,0.8967949,0.8247444,0.5372469
s014530,0.9568766,0.94699025,0.95150405,0.9459013,0.5382278
s014534,0.9091032,0.93108755,0.93108755,0.9187722,0.49155977
s014549,0.87375444,0.92643696,0.8958876,0.936285,0.547793
s014553,0.92455155,0.8957053,0.91274774,0.92468774,0.51796603
s014562,0.9653158,0.95565146,0.961171,0.9549004,0.51262224
s014565,0.9203613,0.84117436,0.89218736,0.8523219,0.5408831
s014567,0.9541374,0.9250947,0.93071055,0.9097468,0.5587215
s014570,0.950503,0.93463427,0.908618,0.9492005,0.51047945
s014574,0.783823,0.32939172,0.6148566,0.33372033,0.5414578
s014578,0.96073127,0.96405166,0.9313377,0.96095175,0.4703037
s014582,0.88700897,0.92696756,0.9400236,0.9462997,0.5189314
s014583,0.6126573,0.5883571,0.6676896,0.6494675,0.567826
s014585,0.96498734,0.92892635,0.91398406,0.92290026,0.45995164
s014617,0.95719784,0.92007446,0.9333094,0.9375548,0.5537804
s014620,0.9267028,0.9242787,0.8964329,0.9281487,0.52067035
s014629,0.78858316,0.60118383,0.880797,0.67779404,0.48132333
s014631,0.065604836,0.26817408,0.18757874,0.17823958,0.5161864
s014639,0.38058627,0.2260994,0.4678788,0.15843461,0.48774964
s014649,0.80115914,0.6962682,0.87514824,0.648021,0.58906
s014660,0.8793542,0.92121595,0.9696707,0.90000373,0.53344315
s014664,0.9512329,0.8899121,0.9233162,0.8951567,0.46411324
s014665,0.94901186,0.93721074,0.9231778,0.95540243,0.51823777
s014669,0.83642095,0.90515476,0.947186,0.91398406,0.55154663
s014672,0.66823107,0.852199,0.6845804,0.90665317,0.52036315
s014687,0.2641685,0.7129322,0.34334174,0.5886527,0.49108016
s014708,0.9672869,0.9384633,0.9537082,0.92107415,0.5337197
s014727,0.9470882,0.7778066,0.8735388,0.8119744,0.5062206
s014729,0.86001676,0.91321325,0.88463855,0.91383046,0.55029255
s014730,0.9380106,0.8729984,0.58284724,0.81844676,0.48742774
s014733,0.8873999,0.89256257,0.9434519,0.94261247,0.52462673
s014734,0.41596606,0.5577851,0.7588682,0.45123586,0.4918356
s014737,0.09057447,0.25515804,0.1943678,0.19253936,0.50302523
s014742,0.1066906,0.3913478,0.14451066,0.38306415,0.44574434
s014769,0.051749535,0.11858909,0.20833994,0.08151976,0.47615558
s014793,0.06524657,0.1504028,0.1538032,0.19012183,0.4696271
s014794,0.07682221,0.13660839,0.20024471,0.08050192,0.4834483
s014810,0.0500513,0.12485182,0.10266401,0.11636177,0.48748797
s014816,0.072243,0.12635334,0.18922126,0.117572136,0.4839152
s014830,0.21866935,0.22678363,0.34665188,0.16398026,0.53054637
s014832,0.19406214,0.4451677,0.2555294,0.24274376,0.49889168
s014847,0.14990433,0.24184732,0.27318642,0.16545822,0.49816173
s014849,0.12485182,0.33654907,0.3680649,0.4513265,0.50984925
s014853,0.043609526,0.116764,0.2180027,0.15077753,0.4279775
s014854,0.044931646,0.3397181,0.6703925,0.35309353,0.45865875
s014886,0.057599206,0.23651622,0.18140818,0.15687834,0.4773902
s014894,0.03352616,0.17203271,0.20275871,0.09807932,0.5215677
s014895,0.04185213,0.10631887,0.11417085,0.12984344,0.45858452
s014905,0.15856485,0.3695426,0.48770386,0.28846887,0.5039242
s014919,0.113776386,0.1538032,0.1559763,0.085251234,0.5008585
s014922,0.029145971,0.09252365,0.19117662,0.09170696,0.5416947
s014935,0.051845465,0.3945508,0.37771282,0.36590973,0.4917948
s014937,0.059866417,0.080069266,0.11656274,0.096705794,0.4744103
s014970,0.037608635,0.066085376,0.12896329,0.060086653,0.43971822
s014976,0.04038907,0.20165598,0.20657375,0.18271701,0.5251757
s014979,0.02784845,0.068787284,0.091058284,0.10266401,0.51125044
s014985,0.048586205,0.045692034,0.15203226,0.0753123,0.5
s014988,0.0849471,0.28547153,0.25571522,0.19620942,0.4672475
s015008,0.77304506,0.7235049,0.8091252,0.7720154,0.5
s015009,0.8594279,0.57170683,0.54213613,0.6081287,0.5
s015027,0.9022657,0.87310666,0.7789858,0.8733229,0.5
s015032,0.9764905,0.93581736,0.8301815,0.9513234,0.5
