sample_id,nominal_audio,nominal_video,audio_effective,file_exists,visual_effective,decoded_frames,reason,media_sha256
s000001,False,False,False,False,False,0,file_missing,
s000002,False,False,False,False,False,0,file_missing,
s000003,False,False,False,False,False,0,file_missing,
s000004,False,False,False,False,False,0,file_missing,
s000005,False,False,False,False,False,0,file_missing,
s000006,False,False,False,False,False,0,file_missing,
s000007,False,False,False,False,False,0,file_missing,
s000008,False,False,False,False,False,0,file_missing,
s000009,False,False,False,False,False,0,file_missing,
s000010,False,False,False,False,False,0,file_missing,
s000011,False,False,False,False,False,0,file_missing,
s000012,False,False,False,False,False,0,file_missing,
s000013,False,False,False,False,False,0,file_missing,
s000014,False,False,False,False,False,0,file_missing,
s000015,False,False,False,False,False,0,file_missing,
s000016,False,False,False,False,False,0,file_missing,
s000017,False,False,False,False,False,0,file_missing,
s000018,False,False,False,False,False,0,file_missing,
s000019,False,False,False,False,False,0,file_missing,
s000020,False,False,False,False,False,0,file_missing,
s000021,False,False,False,False,False,0,file_missing,
s000022,False,False,False,False,False,0,file_missing,
s000023,False,False,False,False,False,0,file_missing,
s000024,False,False,False,False,False,0,file_missing,
s000025,False,False,False,False,False,0,file_missing,
s000026,False,False,False,False,False,0,file_missing,
s000027,False,False,False,False,False,0,file_missing,
s000028,False,False,False,False,False,0,file_missing,
s000029,False,False,False,False,False,0,file_missing,
s000030,False,False,False,False,False,0,file_missing,
s000031,False,False,False,False,False,0,file_missing,
s000032,False,False,False,False,False,0,file_missing,
s000033,False,False,False,False,False,0,file_missing,
s000034,False,False,False,False,False,0,file_missing,
s000035,False,False,False,False,False,0,file_missing,
s000036,False,False,False,False,False,0,file_missing,
s000037,False,False,False,False,False,0,file_missing,
s000038,False,False,False,False,False,0,file_missing,
s000039,False,False,False,False,False,0,file_missing,
s000040,False,False,False,False,False,0,file_missing,
s000041,False,False,False,False,False,0,file_missing,
s000042,False,False,False,False,False,0,file_missing,
s000043,False,False,False,False,False,0,file_missing,
s000044,False,False,False,False,False,0,file_missing,
s000045,False,False,False,False,False,0,file_missing,
s000046,False,False,False,False,False,0,file_missing,
s000047,False,False,False,False,False,0,file_missing,
s000048,False,False,False,False,False,0,file_missing,
s000049,False,False,False,False,False,0,file_missing,
s000050,False,False,False,False,False,0,file_missing,
s000051,False,False,False,False,False,0,file_missing,
s000052,False,False,False,False,False,0,file_missing,
s000053,False,False,False,False,False,0,file_missing,
s000054,False,False,False,False,False,0,file_missing,
s000055,False,False,False,False,False,0,file_missing,
s000056,False,False,False,False,False,0,file_missing,
s000057,False,False,False,False,False,0,file_missing,
s000058,False,False,False,False,False,0,file_missing,
s000059,False,False,False,False,False,0,file_missing,
s000060,False,False,False,False,False,0,file_missing,
s000061,False,False,False,False,False,0,file_missing,
s000062,False,False,False,False,False,0,file_missing,
s000063,False,False,False,False,False,0,file_missing,
s000064,False,False,False,False,False,0,file_missing,
s000065,False,False,False,False,False,0,file_missing,
s000066,False,False,False,False,False,0,file_missing,
s000067,False,False,False,False,False,0,file_missing,
s000068,False,False,False,False,False,0,file_missing,
s000069,False,False,False,False,False,0,file_missing,
s000070,False,False,False,False,False,0,file_missing,
s000071,False,False,False,False,False,0,file_missing,
s000072,False,False,False,False,False,0,file_missing,
s000073,False,False,False,False,False,0,file_missing,
s000074,False,False,False,False,False,0,file_missing,
s000075,False,False,False,False,False,0,file_missing,
s000076,False,False,False,False,False,0,file_missing,
s000077,False,False,False,False,False,0,file_missing,
s000078,False,False,False,False,False,0,file_missing,
s000079,False,False,False,False,False,0,file_missing,
s000080,False,False,False,False,False,0,file_missing,
s000081,False,False,False,False,False,0,file_missing,
s000082,False,False,False,False,False,0,file_missing,
s000083,False,False,False,False,False,0,file_missing,
s000084,False,False,False,False,False,0,file_missing,
s000085,False,False,False,False,False,0,file_missing,
s000086,False,False,False,False,False,0,file_missing,
s000087,False,False,False,False,False,0,file_missing,
s000088,False,False,False,False,False,0,file_missing,
s000089,False,False,False,False,False,0,file_missing,
s000090,False,False,False,False,False,0,file_missing,
s000091,False,False,False,False,False,0,file_missing,
s000092,False,False,False,False,False,0,file_missing,
s000093,False,False,False,False,False,0,file_missing,
s000094,False,False,False,False,False,0,file_missing,
s000095,False,False,False,False,False,0,file_missing,
s000096,False,False,False,False,False,0,file_missing,
s000097,False,False,False,False,False,0,file_missing,
s000098,False,False,False,False,False,0,file_missing,
s000099,False,False,False,False,False,0,file_missing,
s000100,False,False,False,False,False,0,file_missing,
s000101,False,False,False,False,False,0,file_missing,
s000102,False,False,False,False,False,0,file_missing,
s000103,False,False,False,False,False,0,file_missing,
s000104,False,False,False,False,False,0,file_missing,
s000105,False,False,False,False,False,0,file_missing,
s000106,False,False,False,False,False,0,file_missing,
s000107,False,False,False,False,False,0,file_missing,
s000108,False,False,False,False,False,0,file_missing,
s000109,False,False,False,False,False,0,file_missing,
s000110,False,False,False,False,False,0,file_missing,
s000111,False,False,False,False,False,0,file_missing,
s000112,False,False,False,False,False,0,file_missing,
s000113,False,False,False,False,False,0,file_missing,
s000114,False,False,False,False,False,0,file_missing,
s000115,False,False,False,False,False,0,file_missing,
s000116,False,False,False,False,False,0,file_missing,
s000117,False,False,False,False,False,0,file_missing,
s000118,False,False,False,False,False,0,file_missing,
s000119,False,False,False,False,False,0,file_missing,
s000120,False,False,False,False,False,0,file_missing,
s000121,False,False,False,False,False,0,file_missing,
s000122,False,False,False,False,False,0,file_missing,
s000123,False,False,False,False,False,0,file_missing,
s000124,False,False,False,False,False,0,file_missing,
s000125,False,False,False,False,False,0,file_missing,
s000126,False,False,False,False,False,0,file_missing,
s000127,False,False,False,False,False,0,file_missing,
s000128,False,False,False,False,False,0,file_missing,
s000129,False,False,False,False,False,0,file_missing,
s000130,False,False,False,False,False,0,file_missing,
s000131,False,False,False,False,False,0,file_missing,
s000132,False,False,False,False,False,0,file_missing,
s000133,False,False,False,False,False,0,file_missing,
s000134,False,False,False,False,False,0,file_missing,
s000135,False,False,False,False,False,0,file_missing,
s000136,False,False,False,False,False,0,file_missing,
s000137,False,False,False,False,False,0,file_missing,
s000138,False,False,False,False,False,0,file_missing,
s000139,False,False,False,False,False,0,file_missing,
s000140,False,False,False,False,False,0,file_missing,
s000141,False,False,False,False,False,0,file_missing,
s000142,False,False,False,False,False,0,file_missing,
s000143,False,False,False,False,False,0,file_missing,
s000144,False,False,False,False,False,0,file_missing,
s000145,False,False,False,False,False,0,file_missing,
s000146,False,False,False,False,False,0,file_missing,
s000147,False,False,False,False,False,0,file_missing,
s000148,False,False,False,False,False,0,file_missing,
s000149,False,False,False,False,False,0,file_missing,
s000150,False,False,False,False,False,0,file_missing,
s000151,False,False,False,False,False,0,file_missing,
s000152,False,False,False,False,False,0,file_missing,
s000153,False,False,False,False,False,0,file_missing,
s000154,False,False,False,False,False,0,file_missing,
s000155,False,False,False,False,False,0,file_missing,
s000156,False,False,False,False,False,0,file_missing,
s000157,False,False,False,False,False,0,file_missing,
s000158,False,False,False,False,False,0,file_missing,
s000159,False,False,False,False,False,0,file_missing,
s000160,False,False,False,False,False,0,file_missing,
s000161,False,False,False,False,False,0,file_missing,
s000162,False,False,False,False,False,0,file_missing,
s000163,False,False,False,False,False,0,file_missing,
s000164,False,False,False,False,False,0,file_missing,
s000165,False,False,False,False,False,0,file_missing,
s000166,False,False,False,False,False,0,file_missing,
s000167,False,False,False,False,False,0,file_missing,
s000168,False,False,False,False,False,0,file_missing,
s000169,False,False,False,False,False,0,file_missing,
s000170,False,False,False,False,False,0,file_missing,
s000171,False,False,False,False,False,0,file_missing,
s000172,False,False,False,False,False,0,file_missing,
s000173,False,False,False,False,False,0,file_missing,
s000174,False,False,False,False,False,0,file_missing,
s000175,False,False,False,False,False,0,file_missing,
s000176,False,False,False,False,False,0,file_missing,
s000177,False,False,False,False,False,0,file_missing,
s000178,False,False,False,False,False,0,file_missing,
s000179,False,False,False,False,False,0,file_missing,
s000180,False,False,False,False,False,0,file_missing,
s000181,False,False,False,False,False,0,file_missing,
s000182,False,False,False,False,False,0,file_missing,
s000183,False,False,False,False,False,0,file_missing,
s000184,False,False,False,False,False,0,file_missing,
s000185,False,False,False,False,False,0,file_missing,
s000186,False,False,False,False,False,0,file_missing,
s000187,False,False,False,False,False,0,file_missing,
s000188,False,False,False,False,False,0,file_missing,
s000189,False,False,False,False,False,0,file_missing,
s000190,False,False,False,False,False,0,file_missing,
s000191,False,False,False,False,False,0,file_missing,
s000192,False,False,False,False,False,0,file_missing,
s000193,False,False,False,False,False,0,file_missing,
s000194,False,False,False,False,False,0,file_missing,
s000195,False,False,False,False,False,0,file_missing,
s000196,False,False,False,False,False,0,file_missing,
s000197,False,False,False,False,False,0,file_missing,
s000198,False,False,False,False,False,0,file_missing,
s000199,False,False,False,False,False,0,file_missing,
s000200,False,False,False,False,False,0,file_missing,
s000201,False,False,False,False,False,0,file_missing,
s000202,False,False,False,False,False,0,file_missing,
s000203,False,False,False,False,False,0,file_missing,
s000204,False,False,False,False,False,0,file_missing,
s000205,False,False,False,False,False,0,file_missing,
s000206,False,False,False,False,False,0,file_missing,
s000207,False,False,False,False,False,0,file_missing,
s000208,False,False,False,False,False,0,file_missing,
s000209,False,False,False,False,False,0,file_missing,
s000210,False,False,False,False,False,0,file_missing,
s000211,False,False,False,False,False,0,file_missing,
s000212,False,False,False,False,False,0,file_missing,
s000213,False,False,False,False,False,0,file_missing,
s000214,False,False,False,False,False,0,file_missing,
s000215,False,False,False,False,False,0,file_missing,
s000216,False,False,False,False,False,0,file_missing,
s000217,False,False,False,False,False,0,file_missing,
s000218,False,False,False,False,False,0,file_missing,
s000219,False,False,False,False,False,0,file_missing,
s000220,False,False,False,False,False,0,file_missing,
s000221,False,False,False,False,False,0,file_missing,
s000222,False,False,False,False,False,0,file_missing,
s000223,False,False,False,False,False,0,file_missing,
s000224,False,False,False,False,False,0,file_missing,
s000225,False,False,False,False,False,0,file_missing,
s000226,False,False,False,False,False,0,file_missing,
s000227,False,False,False,False,False,0,file_missing,
s000228,False,False,False,False,False,0,file_missing,
s000229,False,False,False,False,False,0,file_missing,
s000230,False,False,False,False,False,0,file_missing,
s000231,False,False,False,False,False,0,file_missing,
s000232,False,False,False,False,False,0,file_missing,
s000233,False,False,False,False,False,0,file_missing,
s000234,False,False,False,False,False,0,file_missing,
s000235,False,False,False,False,False,0,file_missing,
s000236,False,False,False,False,False,0,file_missing,
s000237,False,False,False,False,False,0,file_missing,
s000238,False,False,False,False,False,0,file_missing,
s000239,False,False,False,False,False,0,file_missing,
s000240,False,False,False,False,False,0,file_missing,
s000241,False,False,False,False,False,0,file_missing,
s000242,False,False,False,False,False,0,file_missing,
s000243,False,False,False,False,False,0,file_missing,
s000244,False,False,False,False,False,0,file_missing,
s000245,False,False,False,False,False,0,file_missing,
s000246,False,False,False,False,False,0,file_missing,
s000247,False,False,False,False,False,0,file_missing,
s000248,False,False,False,False,False,0,file_missing,
s000249,False,False,False,False,False,0,file_missing,
s000250,False,False,False,False,False,0,file_missing,
s000251,False,False,False,False,False,0,file_missing,
s000252,False,False,False,False,False,0,file_missing,
s000253,False,False,False,False,False,0,file_missing,
s000254,False,False,False,False,False,0,file_missing,
s000255,False,False,False,False,False,0,file_missing,
s000256,False,False,False,False,False,0,file_missing,
s000257,False,False,False,False,False,0,file_missing,
s000258,False,False,False,False,False,0,file_missing,
s000259,False,False,False,False,False,0,file_missing,
s000260,False,False,False,False,False,0,file_missing,
s000261,False,False,False,False,False,0,file_missing,
s000262,False,False,False,False,False,0,file_missing,
s000263,False,False,False,False,False,0,file_missing,
s000264,False,False,False,False,False,0,file_missing,
s000265,False,False,False,False,False,0,file_missing,
s000266,False,False,False,False,False,0,file_missing,
s000267,False,False,False,False,False,0,file_missing,
s000268,False,False,False,False,False,0,file_missing,
s000269,False,False,False,False,False,0,file_missing,
s000270,False,False,False,False,False,0,file_missing,
s000271,False,False,False,False,False,0,file_missing,
s000272,False,False,False,False,False,0,file_missing,
s000273,False,False,False,False,False,0,file_missing,
s000274,False,False,False,False,False,0,file_missing,
s000275,False,False,False,False,False,0,file_missing,
s000276,False,False,False,False,False,0,file_missing,
s000277,False,False,False,False,False,0,file_missing,
s000278,False,False,False,False,False,0,file_missing,
s000279,False,False,False,False,False,0,file_missing,
s000280,False,False,False,False,False,0,file_missing,
s000281,False,False,False,False,False,0,file_missing,
s000282,False,False,False,False,False,0,file_missing,
s000283,False,False,False,False,False,0,file_missing,
s000284,False,False,False,False,False,0,file_missing,
s000285,False,False,False,False,False,0,file_missing,
s000286,False,False,False,False,False,0,file_missing,
s000287,False,False,False,False,False,0,file_missing,
s000288,False,False,False,False,False,0,file_missing,
s000289,False,False,False,False,False,0,file_missing,
s000290,False,False,False,False,False,0,file_missing,
s000291,False,False,False,False,False,0,file_missing,
s000292,False,False,False,False,False,0,file_missing,
s000293,False,False,False,False,False,0,file_missing,
s000294,False,False,False,False,False,0,file_missing,
s000295,False,False,False,False,False,0,file_missing,
s000296,False,False,False,False,False,0,file_missing,
s000297,False,False,False,False,False,0,file_missing,
s000298,False,False,False,False,False,0,file_missing,
s000299,False,False,False,False,False,0,file_missing,
s000300,False,False,False,False,False,0,file_missing,
s000301,False,False,False,False,False,0,file_missing,
s000302,False,False,False,False,False,0,file_missing,
s000303,False,False,False,False,False,0,file_missing,
s000304,False,False,False,False,False,0,file_missing,
s000305,False,False,False,False,False,0,file_missing,
s000306,False,False,False,False,False,0,file_missing,
s000307,False,False,False,False,False,0,file_missing,
s000308,False,False,False,False,False,0,file_missing,
s000309,False,False,False,False,False,0,file_missing,
s000310,False,False,False,False,False,0,file_missing,
s000311,False,False,False,False,False,0,file_missing,
s000312,False,False,False,False,False,0,file_missing,
s000313,False,False,False,False,False,0,file_missing,
s000314,False,False,False,False,False,0,file_missing,
s000315,False,False,False,False,False,0,file_missing,
s000316,False,False,False,False,False,0,file_missing,
s000317,False,False,False,False,False,0,file_missing,
s000318,False,False,False,False,False,0,file_missing,
s000319,False,False,False,False,False,0,file_missing,
s000320,False,False,False,False,False,0,file_missing,
s000321,False,False,False,False,False,0,file_missing,
s000322,False,False,False,False,False,0,file_missing,
s000323,False,False,False,False,False,0,file_missing,
s000324,False,False,False,False,False,0,file_missing,
s000325,False,False,False,False,False,0,file_missing,
s000326,False,False,False,False,False,0,file_missing,
s000327,False,False,False,False,False,0,file_missing,
s000328,False,False,False,False,False,0,file_missing,
s000329,False,False,False,False,False,0,file_missing,
s000330,False,False,False,False,False,0,file_missing,
s000331,False,False,False,False,False,0,file_missing,
s000332,False,False,False,False,False,0,file_missing,
s000333,False,False,False,False,False,0,file_missing,
s000334,False,False,False,False,False,0,file_missing,
s000335,False,False,False,False,False,0,file_missing,
s000336,False,False,False,False,False,0,file_missing,
s000337,False,False,False,False,False,0,file_missing,
s000338,False,False,False,False,False,0,file_missing,
s000339,False,False,False,False,False,0,file_missing,
s000340,False,False,False,False,False,0,file_missing,
s000341,False,False,False,False,False,0,file_missing,
s000342,False,False,False,False,False,0,file_missing,
s000343,False,False,False,False,False,0,file_missing,
s000344,False,False,False,False,False,0,file_missing,
s000345,False,False,False,False,False,0,file_missing,
s000346,False,False,False,False,False,0,file_missing,
s000347,False,False,False,False,False,0,file_missing,
s000348,False,False,False,False,False,0,file_missing,
s000349,False,False,False,False,False,0,file_missing,
s000350,False,False,False,False,False,0,file_missing,
s000351,False,False,False,False,False,0,file_missing,
s000352,False,False,False,False,False,0,file_missing,
s000353,False,False,False,False,False,0,file_missing,
s000354,False,False,False,False,False,0,file_missing,
s000355,False,False,False,False,False,0,file_missing,
s000356,False,False,False,False,False,0,file_missing,
s000357,False,False,False,False,False,0,file_missing,
s000358,False,False,False,False,False,0,file_missing,
s000359,False,False,False,False,False,0,file_missing,
s000360,False,False,False,False,False,0,file_missing,
s000361,False,False,False,False,False,0,file_missing,
s000362,False,False,False,False,False,0,file_missing,
s000363,False,False,False,False,False,0,file_missing,
s000364,False,False,False,False,False,0,file_missing,
s000365,False,False,False,False,False,0,file_missing,
s000366,False,False,False,False,False,0,file_missing,
s000367,False,False,False,False,False,0,file_missing,
s000368,False,False,False,False,False,0,file_missing,
s000369,False,False,False,False,False,0,file_missing,
s000370,False,False,False,False,False,0,file_missing,
s000371,False,False,False,False,False,0,file_missing,
s000372,False,False,False,False,False,0,file_missing,
s000373,False,False,False,False,False,0,file_missing,
s000374,False,False,False,False,False,0,file_missing,
s000375,False,False,False,False,False,0,file_missing,
s000376,False,False,False,False,False,0,file_missing,
s000377,False,False,False,False,False,0,file_missing,
s000378,False,False,False,False,False,0,file_missing,
s000379,False,False,False,False,False,0,file_missing,
s000380,False,False,False,False,False,0,file_missing,
s000381,False,False,False,False,False,0,file_missing,
s000382,False,False,False,False,False,0,file_missing,
s000383,False,False,False,False,False,0,file_missing,
s000384,False,False,False,False,False,0,file_missing,
s000385,False,False,False,False,False,0,file_missing,
s000386,False,False,False,False,False,0,file_missing,
s000387,False,False,False,False,False,0,file_missing,
s000388,False,False,False,False,False,0,file_missing,
s000389,False,False,False,False,False,0,file_missing,
s000390,False,False,False,False,False,0,file_missing,
s000391,False,False,False,False,False,0,file_missing,
s000392,False,False,False,False,False,0,file_missing,
s000393,False,False,False,False,False,0,file_missing,
s000394,False,False,False,False,False,0,file_missing,
s000395,False,False,False,False,False,0,file_missing,
s000396,False,False,False,False,False,0,file_missing,
s000397,False,False,False,False,False,0,file_missing,
s000398,False,False,False,False,False,0,file_missing,
s000399,False,False,False,False,False,0,file_missing,
s000400,False,False,False,False,False,0,file_missing,
s000401,False,False,False,False,False,0,file_missing,
s000402,False,False,False,False,False,0,file_missing,
s000403,False,False,False,False,False,0,file_missing,
s000404,False,False,False,False,False,0,file_missing,
s000405,False,False,False,False,False,0,file_missing,
s000406,False,False,False,False,False,0,file_missing,
s000407,False,False,False,False,False,0,file_missing,
s000408,False,False,False,False,False,0,file_missing,
s000409,False,False,False,False,False,0,file_missing,
s000410,False,False,False,False,False,0,file_missing,
s000411,False,False,False,False,False,0,file_missing,
s000412,False,False,False,False,False,0,file_missing,
s000413,False,False,False,False,False,0,file_missing,
s000414,False,False,False,False,False,0,file_missing,
s000415,False,False,False,False,False,0,file_missing,
s000416,False,False,False,False,False,0,file_missing,
s000417,False,False,False,False,False,0,file_missing,
s000418,False,False,False,False,False,0,file_missing,
s000419,False,False,False,False,False,0,file_missing,
s000420,False,False,False,False,False,0,file_missing,
s000421,False,False,False,False,False,0,file_missing,
s000422,False,False,False,False,False,0,file_missing,
s000423,False,False,False,False,False,0,file_missing,
s000424,False,False,False,False,False,0,file_missing,
s000425,False,False,False,False,False,0,file_missing,
s000426,False,False,False,False,False,0,file_missing,
s000427,False,False,False,False,False,0,file_missing,
s000428,False,False,False,False,False,0,file_missing,
s000429,False,False,False,False,False,0,file_missing,
s000430,False,False,False,False,False,0,file_missing,
s000431,False,False,False,False,False,0,file_missing,
s000432,False,False,False,False,False,0,file_missing,
s000433,False,False,False,False,False,0,file_missing,
s000434,False,False,False,False,False,0,file_missing,
s000435,False,False,False,False,False,0,file_missing,
s000436,False,False,False,False,False,0,file_missing,
s000437,False,False,False,False,False,0,file_missing,
s000438,False,False,False,False,False,0,file_missing,
s000439,False,False,False,False,False,0,file_missing,
s000440,False,False,False,False,False,0,file_missing,
s000441,False,False,False,False,False,0,file_missing,
s000442,False,False,False,False,False,0,file_missing,
s000443,False,False,False,False,False,0,file_missing,
s000444,False,False,False,False,False,0,file_missing,
s000445,False,False,False,False,False,0,file_missing,
s000446,False,False,False,False,False,0,file_missing,
s000447,False,False,False,False,False,0,file_missing,
s000448,False,False,False,False,False,0,file_missing,
s000449,False,False,False,False,False,0,file_missing,
s000450,False,False,False,False,False,0,file_missing,
s000451,False,False,False,False,False,0,file_missing,
s000452,False,False,False,False,False,0,file_missing,
s000453,False,False,False,False,False,0,file_missing,
s000454,False,False,False,False,False,0,file_missing,
s000455,False,False,False,False,False,0,file_missing,
s000456,False,False,False,False,False,0,file_missing,
s000457,False,False,False,False,False,0,file_missing,
s000458,False,False,False,False,False,0,file_missing,
s000459,False,False,False,False,False,0,file_missing,
s000460,False,False,False,False,False,0,file_missing,
s000461,False,False,False,False,False,0,file_missing,
s000462,False,False,False,False,False,0,file_missing,
s000463,False,False,False,False,False,0,file_missing,
s000464,False,False,False,False,False,0,file_missing,
s000465,False,False,False,False,False,0,file_missing,
s000466,False,False,False,False,False,0,file_missing,
s000467,False,False,False,False,False,0,file_missing,
s000468,False,False,False,False,False,0,file_missing,
s000469,False,False,False,False,False,0,file_missing,
s000470,False,False,False,False,False,0,file_missing,
s000471,False,False,False,False,False,0,file_missing,
s000472,False,False,False,False,False,0,file_missing,
s000473,False,False,False,False,False,0,file_missing,
s000474,False,False,False,False,False,0,file_missing,
s000475,False,False,False,False,False,0,file_missing,
s000476,False,False,False,False,False,0,file_missing,
s000477,False,False,False,False,False,0,file_missing,
s000478,False,False,False,False,False,0,file_missing,
s000479,False,False,False,False,False,0,file_missing,
s000480,False,False,False,False,False,0,file_missing,
s000481,False,False,False,False,False,0,file_missing,
s000482,False,False,False,False,False,0,file_missing,
s000483,False,False,False,False,False,0,file_missing,
s000484,False,False,False,False,False,0,file_missing,
s000485,False,False,False,False,False,0,file_missing,
s000486,False,False,False,False,False,0,file_missing,
s000487,False,False,False,False,False,0,file_missing,
s000488,False,False,False,False,False,0,file_missing,
s000489,False,False,False,False,False,0,file_missing,
s000490,False,False,False,False,False,0,file_missing,
s000491,False,False,False,False,False,0,file_missing,
s000492,False,False,False,False,False,0,file_missing,
s000493,False,False,False,False,False,0,file_missing,
s000494,False,False,False,False,False,0,file_missing,
s000495,False,False,False,False,False,0,file_missing,
s000496,False,False,False,False,False,0,file_missing,
s000497,False,False,False,False,False,0,file_missing,
s000498,False,False,False,False,False,0,file_missing,
s000499,False,False,False,False,False,0,file_missing,
s000500,False,False,False,False,False,0,file_missing,
s000501,False,False,False,False,False,0,file_missing,
s000502,False,False,False,False,False,0,file_missing,
s000503,False,False,False,False,False,0,file_missing,
s000504,False,False,False,False,False,0,file_missing,
s000505,False,False,False,False,False,0,file_missing,
s000506,False,False,False,False,False,0,file_missing,
s000507,False,False,False,False,False,0,file_missing,
s000508,False,False,False,False,False,0,file_missing,
s000509,False,False,False,False,False,0,file_missing,
s000510,False,False,False,False,False,0,file_missing,
s000511,False,False,False,False,False,0,file_missing,
s000512,False,False,False,False,False,0,file_missing,
s000513,False,False,False,False,False,0,file_missing,
s000514,False,False,False,False,False,0,file_missing,
s000515,False,False,False,False,False,0,file_missing,
s000516,False,False,False,False,False,0,file_missing,
s000517,False,False,False,False,False,0,file_missing,
s000518,False,False,False,False,False,0,file_missing,
s000519,False,False,False,False,False,0,file_missing,
s000520,False,False,False,False,False,0,file_missing,
s000521,False,False,False,False,False,0,file_missing,
s000522,False,False,False,False,False,0,file_missing,
s000523,False,False,False,False,False,0,file_missing,
s000524,False,False,False,False,False,0,file_missing,
s000525,False,False,False,False,False,0,file_missing,
s000526,False,False,False,False,False,0,file_missing,
s000527,False,False,False,False,False,0,file_missing,
s000528,False,False,False,False,False,0,file_missing,
s000529,False,False,False,False,False,0,file_missing,
s000530,False,False,False,False,False,0,file_missing,
s000531,False,False,False,False,False,0,file_missing,
s000532,False,False,False,False,False,0,file_missing,
s000533,False,False,False,False,False,0,file_missing,
s000534,False,False,False,False,False,0,file_missing,
s000535,False,False,False,False,False,0,file_missing,
s000536,False,False,False,False,False,0,file_missing,
s000537,False,False,False,False,False,0,file_missing,
s000538,False,False,False,False,False,0,file_missing,
s000539,False,False,False,False,False,0,file_missing,
s000540,False,False,False,False,False,0,file_missing,
s000541,False,False,False,False,False,0,file_missing,
s000542,False,False,False,False,False,0,file_missing,
s000543,False,False,False,False,False,0,file_missing,
s000544,False,False,False,False,False,0,file_missing,
s000545,False,False,False,False,False,0,file_missing,
s000546,False,False,False,False,False,0,file_missing,
s000547,False,False,False,False,False,0,file_missing,
s000548,False,False,False,False,False,0,file_missing,
s000549,False,False,False,False,False,0,file_missing,
s000550,False,False,False,False,False,0,file_missing,
s000551,False,False,False,False,False,0,file_missing,
s000552,False,False,False,False,False,0,file_missing,
s000553,False,False,False,False,False,0,file_missing,
s000554,False,False,False,False,False,0,file_missing,
s000555,False,False,False,False,False,0,file_missing,
s000556,False,False,False,False,False,0,file_missing,
s000557,False,False,False,False,False,0,file_missing,
s000558,False,False,False,False,False,0,file_missing,
s000559,False,False,False,False,False,0,file_missing,
s000560,False,False,False,False,False,0,file_missing,
s000561,False,False,False,False,False,0,file_missing,
s000562,False,False,False,False,False,0,file_missing,
s000563,False,False,False,False,False,0,file_missing,
s000564,False,False,False,False,False,0,file_missing,
s000565,False,False,False,False,False,0,file_missing,
s000566,False,False,False,False,False,0,file_missing,
s000567,False,False,False,False,False,0,file_missing,
s000568,False,False,False,False,False,0,file_missing,
s000569,False,False,False,False,False,0,file_missing,
s000570,False,False,False,False,False,0,file_missing,
s000571,False,False,False,False,False,0,file_missing,
s000572,False,False,False,False,False,0,file_missing,
s000573,False,False,False,False,False,0,file_missing,
s000574,False,False,False,False,False,0,file_missing,
s000575,False,False,False,False,False,0,file_missing,
s000576,False,False,False,False,False,0,file_missing,
s000577,False,False,False,False,False,0,file_missing,
s000578,False,False,False,False,False,0,file_missing,
s000579,False,False,False,False,False,0,file_missing,
s000580,False,False,False,False,False,0,file_missing,
s000581,False,False,False,False,False,0,file_missing,
s000582,False,False,False,False,False,0,file_missing,
s000583,False,False,False,False,False,0,file_missing,
s000584,False,False,False,False,False,0,file_missing,
s000585,False,False,False,False,False,0,file_missing,
s000586,False,False,False,False,False,0,file_missing,
s000587,False,False,False,False,False,0,file_missing,
s000588,False,False,False,False,False,0,file_missing,
s000589,False,False,False,False,False,0,file_missing,
s000590,False,False,False,False,False,0,file_missing,
s000591,False,False,False,False,False,0,file_missing,
s000592,False,False,False,False,False,0,file_missing,
s000593,False,False,False,False,False,0,file_missing,
s000594,False,False,False,False,False,0,file_missing,
s000595,False,False,False,False,False,0,file_missing,
s000596,False,False,False,False,False,0,file_missing,
s000597,False,False,False,False,False,0,file_missing,
s000598,False,False,False,False,False,0,file_missing,
s000599,False,False,False,False,False,0,file_missing,
s000600,False,False,False,False,False,0,file_missing,
s000601,False,False,False,False,False,0,file_missing,
s000602,False,False,False,False,False,0,file_missing,
s000603,False,False,False,False,False,0,file_missing,
s000604,False,False,False,False,False,0,file_missing,
s000605,False,False,False,False,False,0,file_missing,
s000606,False,False,False,False,False,0,file_missing,
s000607,False,False,False,False,False,0,file_missing,
s000608,False,False,False,False,False,0,file_missing,
s000609,False,False,False,False,False,0,file_missing,
s000610,False,False,False,False,False,0,file_missing,
s000611,False,False,False,False,False,0,file_missing,
s000612,False,False,False,False,False,0,file_missing,
s000613,False,False,False,False,False,0,file_missing,
s000614,False,False,False,False,False,0,file_missing,
s000615,False,False,False,False,False,0,file_missing,
s000616,False,False,False,False,False,0,file_missing,
s000617,False,False,False,False,False,0,file_missing,
s000618,False,False,False,False,False,0,file_missing,
s000619,False,False,False,False,False,0,file_missing,
s000620,False,False,False,False,False,0,file_missing,
s000621,False,False,False,False,False,0,file_missing,
s000622,False,False,False,False,False,0,file_missing,
s000623,False,False,False,False,False,0,file_missing,
s000624,False,False,False,False,False,0,file_missing,
s000625,False,False,False,False,False,0,file_missing,
s000626,False,False,False,False,False,0,file_missing,
s000627,False,False,False,False,False,0,file_missing,
s000628,False,False,False,False,False,0,file_missing,
s000629,False,False,False,False,False,0,file_missing,
s000630,False,False,False,False,False,0,file_missing,
s000631,False,False,False,False,False,0,file_missing,
s000632,False,False,False,False,False,0,file_missing,
s000633,False,False,False,False,False,0,file_missing,
s000634,False,False,False,False,False,0,file_missing,
s000635,False,False,False,False,False,0,file_missing,
s000636,False,False,False,False,False,0,file_missing,
s000637,False,False,False,False,False,0,file_missing,
s000638,False,False,False,False,False,0,file_missing,
s000639,False,False,False,False,False,0,file_missing,
s000640,False,False,False,False,False,0,file_missing,
s000641,False,False,False,False,False,0,file_missing,
s000642,False,False,False,False,False,0,file_missing,
s000643,False,False,False,False,False,0,file_missing,
s000644,False,False,False,False,False,0,file_missing,
s000645,False,False,False,False,False,0,file_missing,
s000646,False,False,False,False,False,0,file_missing,
s000647,False,False,False,False,False,0,file_missing,
s000648,False,False,False,False,False,0,file_missing,
s000649,False,False,False,False,False,0,file_missing,
s000650,False,False,False,False,False,0,file_missing,
s000651,False,False,False,False,False,0,file_missing,
s000652,False,False,False,False,False,0,file_missing,
s000653,False,False,False,False,False,0,file_missing,
s000654,False,False,False,False,False,0,file_missing,
s000655,False,False,False,False,False,0,file_missing,
s000656,False,False,False,False,False,0,file_missing,
s000657,False,False,False,False,False,0,file_missing,
s000658,False,False,False,False,False,0,file_missing,
s000659,False,False,False,False,False,0,file_missing,
s000660,False,False,False,False,False,0,file_missing,
s000661,False,False,False,False,False,0,file_missing,
s000662,False,False,False,False,False,0,file_missing,
s000663,False,False,False,False,False,0,file_missing,
s000664,False,False,False,False,False,0,file_missing,
s000665,False,False,False,False,False,0,file_missing,
s000666,False,False,False,False,False,0,file_missing,
s000667,False,False,False,False,False,0,file_missing,
s000668,False,False,False,False,False,0,file_missing,
s000669,False,False,False,False,False,0,file_missing,
s000670,False,False,False,False,False,0,file_missing,
s000671,False,False,False,False,False,0,file_missing,
s000672,False,False,False,False,False,0,file_missing,
s000673,False,False,False,False,False,0,file_missing,
s000674,False,False,False,False,False,0,file_missing,
s000675,False,False,False,False,False,0,file_missing,
s000676,False,False,False,False,False,0,file_missing,
s000677,False,False,False,False,False,0,file_missing,
s000678,False,False,False,False,False,0,file_missing,
s000679,False,False,False,False,False,0,file_missing,
s000680,False,False,False,False,False,0,file_missing,
s000681,False,False,False,False,False,0,file_missing,
s000682,False,False,False,False,False,0,file_missing,
s000683,False,False,False,False,False,0,file_missing,
s000684,False,False,False,False,False,0,file_missing,
s000685,False,False,False,False,False,0,file_missing,
s000686,False,False,False,False,False,0,file_missing,
s000687,False,False,False,False,False,0,file_missing,
s000688,False,False,False,False,False,0,file_missing,
s000689,False,False,False,False,False,0,file_missing,
s000690,False,False,False,False,False,0,file_missing,
s000691,False,False,False,False,False,0,file_missing,
s000692,False,False,False,False,False,0,file_missing,
s000693,False,False,False,False,False,0,file_missing,
s000694,False,False,False,False,False,0,file_missing,
s000695,False,False,False,False,False,0,file_missing,
s000696,False,False,False,False,False,0,file_missing,
s000697,False,False,False,False,False,0,file_missing,
s000698,False,False,False,False,False,0,file_missing,
s000699,False,False,False,False,False,0,file_missing,
s000700,False,False,False,False,False,0,file_missing,
s000701,False,False,False,False,False,0,file_missing,
s000702,False,False,False,False,False,0,file_missing,
s000703,False,False,False,False,False,0,file_missing,
s000704,False,False,False,False,False,0,file_missing,
s000705,False,False,False,False,False,0,file_missing,
s000706,False,False,False,False,False,0,file_missing,
s000707,False,False,False,False,False,0,file_missing,
s000708,False,False,False,False,False,0,file_missing,
s000709,False,False,False,False,False,0,file_missing,
s000710,False,False,False,False,False,0,file_missing,
s000711,False,False,False,False,False,0,file_missing,
s000712,False,False,False,False,False,0,file_missing,
s000713,False,False,False,False,False,0,file_missing,
s000714,False,False,False,False,False,0,file_missing,
s000715,False,False,False,False,False,0,file_missing,
s000716,False,False,False,False,False,0,file_missing,
s000717,False,False,False,False,False,0,file_missing,
s000718,False,False,False,False,False,0,file_missing,
s000719,False,False,False,False,False,0,file_missing,
s000720,False,False,False,False,False,0,file_missing,
s000721,False,False,False,False,False,0,file_missing,
s000722,False,False,False,False,False,0,file_missing,
s000723,False,False,False,False,False,0,file_missing,
s000724,False,False,False,False,False,0,file_missing,
s000725,False,False,False,False,False,0,file_missing,
s000726,False,False,False,False,False,0,file_missing,
s000727,False,False,False,False,False,0,file_missing,
s000728,False,False,False,False,False,0,file_missing,
s000729,False,False,False,False,False,0,file_missing,
s000730,False,False,False,False,False,0,file_missing,
s000731,False,False,False,False,False,0,file_missing,
s000732,False,False,False,False,False,0,file_missing,
s000733,False,False,False,False,False,0,file_missing,
s000734,False,False,False,False,False,0,file_missing,
s000735,False,False,False,False,False,0,file_missing,
s000736,False,False,False,False,False,0,file_missing,
s000737,False,False,False,False,False,0,file_missing,
s000738,False,False,False,False,False,0,file_missing,
s000739,False,False,False,False,False,0,file_missing,
s000740,False,False,False,False,False,0,file_missing,
s000741,False,False,False,False,False,0,file_missing,
s000742,False,False,False,False,False,0,file_missing,
s000743,False,False,False,False,False,0,file_missing,
s000744,False,False,False,False,False,0,file_missing,
s000745,False,False,False,False,False,0,file_missing,
s000746,False,False,False,False,False,0,file_missing,
s000747,False,False,False,False,False,0,file_missing,
s000748,False,False,False,False,False,0,file_missing,
s000749,False,False,False,False,False,0,file_missing,
s000750,False,False,False,False,False,0,file_missing,
s000751,False,False,False,False,False,0,file_missing,
s000752,False,False,False,False,False,0,file_missing,
s000753,False,False,False,False,False,0,file_missing,
s000754,False,False,False,False,False,0,file_missing,
s000755,False,False,False,False,False,0,file_missing,
s000756,False,False,False,False,False,0,file_missing,
s000757,False,False,False,False,False,0,file_missing,
s000758,False,False,False,False,False,0,file_missing,
s000759,False,False,False,False,False,0,file_missing,
s000760,False,False,False,False,False,0,file_missing,
s000761,False,False,False,False,False,0,file_missing,
s000762,False,False,False,False,False,0,file_missing,
s000763,False,False,False,False,False,0,file_missing,
s000764,False,False,False,False,False,0,file_missing,
s000765,False,False,False,False,False,0,file_missing,
s000766,False,False,False,False,False,0,file_missing,
s000767,False,False,False,False,False,0,file_missing,
s000768,False,False,False,False,False,0,file_missing,
s000769,False,False,False,False,False,0,file_missing,
s000770,False,False,False,False,False,0,file_missing,
s000771,False,False,False,False,False,0,file_missing,
s000772,False,False,False,False,False,0,file_missing,
s000773,False,False,False,False,False,0,file_missing,
s000774,False,False,False,False,False,0,file_missing,
s000775,False,False,False,False,False,0,file_missing,
s000776,False,False,False,False,False,0,file_missing,
s000777,False,False,False,False,False,0,file_missing,
s000778,False,False,False,False,False,0,file_missing,
s000779,False,False,False,False,False,0,file_missing,
s000780,False,False,False,False,False,0,file_missing,
s000781,False,False,False,False,False,0,file_missing,
s000782,False,False,False,False,False,0,file_missing,
s000783,False,False,False,False,False,0,file_missing,
s000784,False,False,False,False,False,0,file_missing,
s000785,False,False,False,False,False,0,file_missing,
s000786,False,False,False,False,False,0,file_missing,
s000787,False,False,False,False,False,0,file_missing,
s000788,False,False,False,False,False,0,file_missing,
s000789,False,False,False,False,False,0,file_missing,
s000790,False,False,False,False,False,0,file_missing,
s000791,False,False,False,False,False,0,file_missing,
s000792,False,False,False,False,False,0,file_missing,
s000793,False,False,False,False,False,0,file_missing,
s000794,False,False,False,False,False,0,file_missing,
s000795,False,False,False,False,False,0,file_missing,
s000796,False,False,False,False,False,0,file_missing,
s000797,False,False,False,False,False,0,file_missing,
s000798,False,False,False,False,False,0,file_missing,
s000799,False,False,False,False,False,0,file_missing,
s000800,False,False,False,False,False,0,file_missing,
s000801,False,False,False,False,False,0,file_missing,
s000802,False,False,False,False,False,0,file_missing,
s000803,False,False,False,False,False,0,file_missing,
s000804,False,False,False,False,False,0,file_missing,
s000805,False,False,False,False,False,0,file_missing,
s000806,False,False,False,False,False,0,file_missing,
s000807,False,False,False,False,False,0,file_missing,
s000808,False,False,False,False,False,0,file_missing,
s000809,False,False,False,False,False,0,file_missing,
s000810,False,False,False,False,False,0,file_missing,
s000811,False,False,False,False,False,0,file_missing,
s000812,False,False,False,False,False,0,file_missing,
s000813,False,False,False,False,False,0,file_missing,
s000814,False,False,False,False,False,0,file_missing,
s000815,False,False,False,False,False,0,file_missing,
s000816,False,False,False,False,False,0,file_missing,
s000817,False,False,False,False,False,0,file_missing,
s000818,False,False,False,False,False,0,file_missing,
s000819,False,False,False,False,False,0,file_missing,
s000820,False,False,False,False,False,0,file_missing,
s000821,False,False,False,False,False,0,file_missing,
s000822,False,False,False,False,False,0,file_missing,
s000823,False,False,False,False,False,0,file_missing,
s000824,False,False,False,False,False,0,file_missing,
s000825,False,False,False,False,False,0,file_missing,
s000826,False,False,False,False,False,0,file_missing,
s000827,False,False,False,False,False,0,file_missing,
s000828,False,False,False,False,False,0,file_missing,
s000829,False,False,False,False,False,0,file_missing,
s000830,False,False,False,False,False,0,file_missing,
s000831,False,False,False,False,False,0,file_missing,
s000832,False,False,False,False,False,0,file_missing,
s000833,False,False,False,False,False,0,file_missing,
s000834,False,False,False,False,False,0,file_missing,
s000835,False,False,False,False,False,0,file_missing,
s000836,False,False,False,False,False,0,file_missing,
s000837,False,False,False,False,False,0,file_missing,
s000838,False,False,False,False,False,0,file_missing,
s000839,False,False,False,False,False,0,file_missing,
s000840,False,False,False,False,False,0,file_missing,
s000841,False,False,False,False,False,0,file_missing,
s000842,False,False,False,False,False,0,file_missing,
s000843,False,False,False,False,False,0,file_missing,
s000844,False,False,False,False,False,0,file_missing,
s000845,False,False,False,False,False,0,file_missing,
s000846,False,False,False,False,False,0,file_missing,
s000847,False,False,False,False,False,0,file_missing,
s000848,False,False,False,False,False,0,file_missing,
s000849,False,False,False,False,False,0,file_missing,
s000850,False,False,False,False,False,0,file_missing,
s000851,False,False,False,False,False,0,file_missing,
s000852,False,False,False,False,False,0,file_missing,
s000853,False,False,False,False,False,0,file_missing,
s000854,False,False,False,False,False,0,file_missing,
s000855,False,False,False,False,False,0,file_missing,
s000856,False,False,False,False,False,0,file_missing,
s000857,False,False,False,False,False,0,file_missing,
s000858,False,False,False,False,False,0,file_missing,
s000859,False,False,False,False,False,0,file_missing,
s000860,False,False,False,False,False,0,file_missing,
s000861,False,False,False,False,False,0,file_missing,
s000862,False,False,False,False,False,0,file_missing,
s000863,False,False,False,False,False,0,file_missing,
s000864,False,False,False,False,False,0,file_missing,
s000865,False,False,False,False,False,0,file_missing,
s000866,False,False,False,False,False,0,file_missing,
s000867,False,False,False,False,False,0,file_missing,
s000868,False,False,False,False,False,0,file_missing,
s000869,False,False,False,False,False,0,file_missing,
s000870,False,False,False,False,False,0,file_missing,
s000871,False,False,False,False,False,0,file_missing,
s000872,False,False,False,False,False,0,file_missing,
s000873,False,False,False,False,False,0,file_missing,
s000874,False,False,False,False,False,0,file_missing,
s000875,False,False,False,False,False,0,file_missing,
s000876,False,False,False,False,False,0,file_missing,
s000877,False,False,False,False,False,0,file_missing,
s000878,False,False,False,False,False,0,file_missing,
s000879,False,False,False,False,False,0,file_missing,
s000880,False,False,False,False,False,0,file_missing,
s000881,False,False,False,False,False,0,file_missing,
s000882,False,False,False,False,False,0,file_missing,
s000883,False,False,False,False,False,0,file_missing,
s000884,False,False,False,False,False,0,file_missing,
s000885,False,False,False,False,False,0,file_missing,
s000886,False,False,False,False,False,0,file_missing,
s000887,False,False,False,False,False,0,file_missing,
s000888,False,False,False,False,False,0,file_missing,
s000889,False,False,False,False,False,0,file_missing,
s000890,False,False,False,False,False,0,file_missing,
s000891,False,False,False,False,False,0,file_missing,
s000892,False,False,False,False,False,0,file_missing,
s000893,False,False,False,False,False,0,file_missing,
s000894,False,False,False,False,False,0,file_missing,
s000895,False,False,False,False,False,0,file_missing,
s000896,False,False,False,False,False,0,file_missing,
s000897,False,False,False,False,False,0,file_missing,
s000898,False,False,False,False,False,0,file_missing,
s000899,False,False,False,False,False,0,file_missing,
s000900,False,False,False,False,False,0,file_missing,
s000901,False,False,False,False,False,0,file_missing,
s000902,False,False,False,False,False,0,file_missing,
s000903,False,False,False,False,False,0,file_missing,
s000904,False,False,False,False,False,0,file_missing,
s000905,False,False,False,False,False,0,file_missing,
s000906,False,False,False,False,False,0,file_missing,
s000907,False,False,False,False,False,0,file_missing,
s000908,False,False,False,False,False,0,file_missing,
s000909,False,False,False,False,False,0,file_missing,
s000910,False,False,False,False,False,0,file_missing,
s000911,False,False,False,False,False,0,file_missing,
s000912,False,False,False,False,False,0,file_missing,
s000913,False,False,False,False,False,0,file_missing,
s000914,False,False,False,False,False,0,file_missing,
s000915,False,False,False,False,False,0,file_missing,
s000916,False,False,False,False,False,0,file_missing,
s000917,False,False,False,False,False,0,file_missing,
s000918,False,False,False,False,False,0,file_missing,
s000919,False,False,False,False,False,0,file_missing,
s000920,False,False,False,False,False,0,file_missing,
s000921,False,False,False,False,False,0,file_missing,
s000922,False,False,False,False,False,0,file_missing,
s000923,False,False,False,False,False,0,file_missing,
s000924,False,False,False,False,False,0,file_missing,
s000925,False,False,False,False,False,0,file_missing,
s000926,False,False,False,False,False,0,file_missing,
s000927,False,False,False,False,False,0,file_missing,
s000928,False,False,False,False,False,0,file_missing,
s000929,False,False,False,False,False,0,file_missing,
s000930,False,False,False,False,False,0,file_missing,
s000931,False,False,False,False,False,0,file_missing,
s000932,False,False,False,False,False,0,file_missing,
s000933,False,False,False,False,False,0,file_missing,
s000934,False,False,False,False,False,0,file_missing,
s000935,False,False,False,False,False,0,file_missing,
s000936,False,False,False,False,False,0,file_missing,
s000937,False,False,False,False,False,0,file_missing,
s000938,False,False,False,False,False,0,file_missing,
s000939,False,False,False,False,False,0,file_missing,
s000940,False,False,False,False,False,0,file_missing,
s000941,False,False,False,False,False,0,file_missing,
s000942,False,False,False,False,False,0,file_missing,
s000943,False,False,False,False,False,0,file_missing,
s000944,False,False,False,False,False,0,file_missing,
s000945,False,False,False,False,False,0,file_missing,
s000946,False,False,False,False,False,0,file_missing,
s000947,False,False,False,False,False,0,file_missing,
s000948,False,False,False,False,False,0,file_missing,
s000949,False,False,False,False,False,0,file_missing,
s000950,False,False,False,False,False,0,file_missing,
s000951,False,False,False,False,False,0,file_missing,
s000952,False,False,False,False,False,0,file_missing,
s000953,False,False,False,False,False,0,file_missing,
s000954,False,False,False,False,False,0,file_missing,
s000955,False,False,False,False,False,0,file_missing,
s000956,False,False,False,False,False,0,file_missing,
s000957,False,False,False,False,False,0,file_missing,
s000958,False,False,False,False,False,0,file_missing,
s000959,False,False,False,False,False,0,file_missing,
s000960,False,False,False,False,False,0,file_missing,
s000961,False,False,False,False,False,0,file_missing,
s000962,False,False,False,False,False,0,file_missing,
s000963,False,False,False,False,False,0,file_missing,
s000964,False,False,False,False,False,0,file_missing,
s000965,False,False,False,False,False,0,file_missing,
s000966,False,False,False,False,False,0,file_missing,
s000967,False,False,False,False,False,0,file_missing,
s000968,False,False,False,False,False,0,file_missing,
s000969,False,False,False,False,False,0,file_missing,
s000970,False,False,False,False,False,0,file_missing,
s000971,False,False,False,False,False,0,file_missing,
s000972,False,False,False,False,False,0,file_missing,
s000973,False,False,False,False,False,0,file_missing,
s000974,False,False,False,False,False,0,file_missing,
s000975,False,False,False,False,False,0,file_missing,
s000976,False,False,False,False,False,0,file_missing,
s000977,False,False,False,False,False,0,file_missing,
s000978,False,False,False,False,False,0,file_missing,
s000979,False,False,False,False,False,0,file_missing,
s000980,False,False,False,False,False,0,file_missing,
s000981,False,False,False,False,False,0,file_missing,
s000982,False,False,False,False,False,0,file_missing,
s000983,False,False,False,False,False,0,file_missing,
s000984,False,False,False,False,False,0,file_missing,
s000985,False,False,False,False,False,0,file_missing,
s000986,False,False,False,False,False,0,file_missing,
s000987,False,False,False,False,False,0,file_missing,
s000988,False,False,False,False,False,0,file_missing,
s000989,False,False,False,False,False,0,file_missing,
s000990,False,False,False,False,False,0,file_missing,
s000991,False,False,False,False,False,0,file_missing,
s000992,False,False,False,False,False,0,file_missing,
s000993,False,False,False,False,False,0,file_missing,
s000994,False,False,False,False,False,0,file_missing,
s000995,False,False,False,False,False,0,file_missing,
s000996,False,False,False,False,False,0,file_missing,
s000997,False,False,False,False,False,0,file_missing,
s000998,False,False,False,False,False,0,file_missing,
s000999,False,False,False,False,False,0,file_missing,
s001000,False,False,False,False,False,0,file_missing,
s001001,False,False,False,False,False,0,file_missing,
s001002,False,False,False,False,False,0,file_missing,
s001003,False,False,False,False,False,0,file_missing,
s001004,False,False,False,False,False,0,file_missing,
s001005,False,False,False,False,False,0,file_missing,
s001006,False,False,False,False,False,0,file_missing,
s001007,False,False,False,False,False,0,file_missing,
s001008,False,False,False,False,False,0,file_missing,
s001009,False,False,False,False,False,0,file_missing,
s001010,False,False,False,False,False,0,file_missing,
s001011,False,False,False,False,False,0,file_missing,
s001012,False,False,False,False,False,0,file_missing,
s001013,False,False,False,False,False,0,file_missing,
s001014,False,False,False,False,False,0,file_missing,
s001015,False,False,False,False,False,0,file_missing,
s001016,False,False,False,False,False,0,file_missing,
s001017,False,False,False,False,False,0,file_missing,
s001018,False,False,False,False,False,0,file_missing,
s001019,False,False,False,False,False,0,file_missing,
s001020,False,False,False,False,False,0,file_missing,
s001021,False,False,False,False,False,0,file_missing,
s001022,False,False,False,False,False,0,file_missing,
s001023,False,False,False,False,False,0,file_missing,
s001024,False,False,False,False,False,0,file_missing,
s001025,False,False,False,False,False,0,file_missing,
s001026,False,False,False,False,False,0,file_missing,
s001027,False,False,False,False,False,0,file_missing,
s001028,False,False,False,False,False,0,file_missing,
s001029,False,False,False,False,False,0,file_missing,
s001030,False,False,False,False,False,0,file_missing,
s001031,False,False,False,False,False,0,file_missing,
s001032,False,False,False,False,False,0,file_missing,
s001033,False,False,False,False,False,0,file_missing,
s001034,False,False,False,False,False,0,file_missing,
s001035,False,False,False,False,False,0,file_missing,
s001036,False,False,False,False,False,0,file_missing,
s001037,False,False,False,False,False,0,file_missing,
s001038,False,False,False,False,False,0,file_missing,
s001039,False,False,False,False,False,0,file_missing,
s001040,False,False,False,False,False,0,file_missing,
s001041,False,False,False,False,False,0,file_missing,
s001042,False,False,False,False,False,0,file_missing,
s001043,False,False,False,False,False,0,file_missing,
s001044,False,False,False,False,False,0,file_missing,
s001045,False,False,False,False,False,0,file_missing,
s001046,False,False,False,False,False,0,file_missing,
s001047,False,False,False,False,False,0,file_missing,
s001048,False,False,False,False,False,0,file_missing,
s001049,False,False,False,False,False,0,file_missing,
s001050,False,False,False,False,False,0,file_missing,
s001051,False,False,False,False,False,0,file_missing,
s001052,False,False,False,False,False,0,file_missing,
s001053,False,False,False,False,False,0,file_missing,
s001054,False,False,False,False,False,0,file_missing,
s001055,False,False,False,False,False,0,file_missing,
s001056,False,False,False,False,False,0,file_missing,
s001057,False,False,False,False,False,0,file_missing,
s001058,False,False,False,False,False,0,file_missing,
s001059,False,False,False,False,False,0,file_missing,
s001060,False,False,False,False,False,0,file_missing,
s001061,False,False,False,False,False,0,file_missing,
s001062,False,False,False,False,False,0,file_missing,
s001063,False,False,False,False,False,0,file_missing,
s001064,False,False,False,False,False,0,file_missing,
s001065,False,False,False,False,False,0,file_missing,
s001066,False,False,False,False,False,0,file_missing,
s001067,False,False,False,False,False,0,file_missing,
s001068,False,False,False,False,False,0,file_missing,
s001069,False,False,False,False,False,0,file_missing,
s001070,False,False,False,False,False,0,file_missing,
s001071,False,False,False,False,False,0,file_missing,
s001072,False,False,False,False,False,0,file_missing,
s001073,False,False,False,False,False,0,file_missing,
s001074,False,False,False,False,False,0,file_missing,
s001075,False,False,False,False,False,0,file_missing,
s001076,False,False,False,False,False,0,file_missing,
s001077,False,False,False,False,False,0,file_missing,
s001078,False,False,False,False,False,0,file_missing,
s001079,False,False,False,False,False,0,file_missing,
s001080,False,False,False,False,False,0,file_missing,
s001081,False,False,False,False,False,0,file_missing,
s001082,False,False,False,False,False,0,file_missing,
s001083,False,False,False,False,False,0,file_missing,
s001084,False,False,False,False,False,0,file_missing,
s001085,False,False,False,False,False,0,file_missing,
s001086,False,False,False,False,False,0,file_missing,
s001087,False,False,False,False,False,0,file_missing,
s001088,False,False,False,False,False,0,file_missing,
s001089,False,False,False,False,False,0,file_missing,
s001090,False,False,False,False,False,0,file_missing,
s001091,False,False,False,False,False,0,file_missing,
s001092,False,False,False,False,False,0,file_missing,
s001093,False,False,False,False,False,0,file_missing,
s001094,False,False,False,False,False,0,file_missing,
s001095,False,False,False,False,False,0,file_missing,
s001096,False,False,False,False,False,0,file_missing,
s001097,False,False,False,False,False,0,file_missing,
s001098,False,False,False,False,False,0,file_missing,
s001099,False,False,False,False,False,0,file_missing,
s001100,False,False,False,False,False,0,file_missing,
s001101,False,False,False,False,False,0,file_missing,
s001102,False,False,False,False,False,0,file_missing,
s001103,False,False,False,False,False,0,file_missing,
s001104,False,False,False,False,False,0,file_missing,
s001105,False,False,False,False,False,0,file_missing,
s001106,False,False,False,False,False,0,file_missing,
s001107,False,False,False,False,False,0,file_missing,
s001108,False,False,False,False,False,0,file_missing,
s001109,False,False,False,False,False,0,file_missing,
s001110,False,False,False,False,False,0,file_missing,
s001111,False,False,False,False,False,0,file_missing,
s001112,False,False,False,False,False,0,file_missing,
s001113,False,False,False,False,False,0,file_missing,
s001114,False,False,False,False,False,0,file_missing,
s001115,False,False,False,False,False,0,file_missing,
s001116,False,False,False,False,False,0,file_missing,
s001117,False,False,False,False,False,0,file_missing,
s001118,False,False,False,False,False,0,file_missing,
s001119,False,False,False,False,False,0,file_missing,
s001120,False,False,False,False,False,0,file_missing,
s001121,False,False,False,False,False,0,file_missing,
s001122,False,False,False,False,False,0,file_missing,
s001123,False,False,False,False,False,0,file_missing,
s001124,False,False,False,False,False,0,file_missing,
s001125,False,False,False,False,False,0,file_missing,
s001126,False,False,False,False,False,0,file_missing,
s001127,False,False,False,False,False,0,file_missing,
s001128,False,False,False,False,False,0,file_missing,
s001129,False,False,False,False,False,0,file_missing,
s001130,False,False,False,False,False,0,file_missing,
s001131,False,False,False,False,False,0,file_missing,
s001132,False,False,False,False,False,0,file_missing,
s001133,False,False,False,False,False,0,file_missing,
s001134,False,False,False,False,False,0,file_missing,
s001135,False,False,False,False,False,0,file_missing,
s001136,False,False,False,False,False,0,file_missing,
s001137,False,False,False,False,False,0,file_missing,
s001138,False,False,False,False,False,0,file_missing,
s001139,False,False,False,False,False,0,file_missing,
s001140,False,False,False,False,False,0,file_missing,
s001141,False,False,False,False,False,0,file_missing,
s001142,False,False,False,False,False,0,file_missing,
s001143,False,False,False,False,False,0,file_missing,
s001144,False,False,False,False,False,0,file_missing,
s001145,False,False,False,False,False,0,file_missing,
s001146,False,False,False,False,False,0,file_missing,
s001147,False,False,False,False,False,0,file_missing,
s001148,False,False,False,False,False,0,file_missing,
s001149,False,False,False,False,False,0,file_missing,
s001150,False,False,False,False,False,0,file_missing,
s001151,False,False,False,False,False,0,file_missing,
s001152,False,False,False,False,False,0,file_missing,
s001153,False,False,False,False,False,0,file_missing,
s001154,False,False,False,False,False,0,file_missing,
s001155,False,False,False,False,False,0,file_missing,
s001156,False,False,False,False,False,0,file_missing,
s001157,False,False,False,False,False,0,file_missing,
s001158,False,False,False,False,False,0,file_missing,
s001159,False,False,False,False,False,0,file_missing,
s001160,False,False,False,False,False,0,file_missing,
s001161,False,False,False,False,False,0,file_missing,
s001162,False,False,False,False,False,0,file_missing,
s001163,False,False,False,False,False,0,file_missing,
s001164,False,False,False,False,False,0,file_missing,
s001165,False,False,False,False,False,0,file_missing,
s001166,False,False,False,False,False,0,file_missing,
s001167,False,False,False,False,False,0,file_missing,
s001168,False,False,False,False,False,0,file_missing,
s001169,False,False,False,False,False,0,file_missing,
s001170,False,False,False,False,False,0,file_missing,
s001171,False,False,False,False,False,0,file_missing,
s001172,False,False,False,False,False,0,file_missing,
s001173,False,False,False,False,False,0,file_missing,
s001174,False,False,False,False,False,0,file_missing,
s001175,False,False,False,False,False,0,file_missing,
s001176,False,False,False,False,False,0,file_missing,
s001177,False,False,False,False,False,0,file_missing,
s001178,False,False,False,False,False,0,file_missing,
s001179,False,False,False,False,False,0,file_missing,
s001180,False,False,False,False,False,0,file_missing,
s001181,False,False,False,False,False,0,file_missing,
s001182,False,False,False,False,False,0,file_missing,
s001183,False,False,False,False,False,0,file_missing,
s001184,False,False,False,False,False,0,file_missing,
s001185,False,False,False,False,False,0,file_missing,
s001186,False,False,False,False,False,0,file_missing,
s001187,False,False,False,False,False,0,file_missing,
s001188,False,False,False,False,False,0,file_missing,
s001189,False,False,False,False,False,0,file_missing,
s001190,False,False,False,False,False,0,file_missing,
s001191,False,False,False,False,False,0,file_missing,
s001192,False,False,False,False,False,0,file_missing,
s001193,False,False,False,False,False,0,file_missing,
s001194,False,False,False,False,False,0,file_missing,
s001195,False,False,False,False,False,0,file_missing,
s001196,False,False,False,False,False,0,file_missing,
s001197,False,False,False,False,False,0,file_missing,
s001198,False,False,False,False,False,0,file_missing,
s001199,False,False,False,False,False,0,file_missing,
s001200,False,False,False,False,False,0,file_missing,
s001201,False,False,False,False,False,0,file_missing,
s001202,False,False,False,False,False,0,file_missing,
s001203,False,False,False,False,False,0,file_missing,
s001204,False,False,False,False,False,0,file_missing,
s001205,False,False,False,False,False,0,file_missing,
s001206,False,False,False,False,False,0,file_missing,
s001207,False,False,False,False,False,0,file_missing,
s001208,False,False,False,False,False,0,file_missing,
s001209,False,False,False,False,False,0,file_missing,
s001210,False,False,False,False,False,0,file_missing,
s001211,False,False,False,False,False,0,file_missing,
s001212,False,False,False,False,False,0,file_missing,
s001213,False,False,False,False,False,0,file_missing,
s001214,False,False,False,False,False,0,file_missing,
s001215,False,False,False,False,False,0,file_missing,
s001216,False,False,False,False,False,0,file_missing,
s001217,False,False,False,False,False,0,file_missing,
s001218,False,False,False,False,False,0,file_missing,
s001219,False,False,False,False,False,0,file_missing,
s001220,False,False,False,False,False,0,file_missing,
s001221,False,False,False,False,False,0,file_missing,
s001222,False,False,False,False,False,0,file_missing,
s001223,False,False,False,False,False,0,file_missing,
s001224,False,False,False,False,False,0,file_missing,
s001225,False,False,False,False,False,0,file_missing,
s001226,False,False,False,False,False,0,file_missing,
s001227,False,False,False,False,False,0,file_missing,
s001228,False,False,False,False,False,0,file_missing,
s001229,False,False,False,False,False,0,file_missing,
s001230,False,False,False,False,False,0,file_missing,
s001231,False,False,False,False,False,0,file_missing,
s001232,False,False,False,False,False,0,file_missing,
s001233,False,False,False,False,False,0,file_missing,
s001234,False,False,False,False,False,0,file_missing,
s001235,False,False,False,False,False,0,file_missing,
s001236,False,False,False,False,False,0,file_missing,
s001237,False,False,False,False,False,0,file_missing,
s001238,False,False,False,False,False,0,file_missing,
s001239,False,False,False,False,False,0,file_missing,
s001240,False,False,False,False,False,0,file_missing,
s001241,False,False,False,False,False,0,file_missing,
s001242,False,False,False,False,False,0,file_missing,
s001243,False,False,False,False,False,0,file_missing,
s001244,False,False,False,False,False,0,file_missing,
s001245,False,False,False,False,False,0,file_missing,
s001246,False,False,False,False,False,0,file_missing,
s001247,False,False,False,False,False,0,file_missing,
s001248,False,False,False,False,False,0,file_missing,
s001249,False,False,False,False,False,0,file_missing,
s001250,False,False,False,False,False,0,file_missing,
s001251,False,False,False,False,False,0,file_missing,
s001252,False,False,False,False,False,0,file_missing,
s001253,False,False,False,False,False,0,file_missing,
s001254,False,False,False,False,False,0,file_missing,
s001255,False,False,False,False,False,0,file_missing,
s001256,False,False,False,False,False,0,file_missing,
s001257,False,False,False,False,False,0,file_missing,
s001258,False,False,False,False,False,0,file_missing,
s001259,False,False,False,False,False,0,file_missing,
s001260,False,False,False,False,False,0,file_missing,
s001261,False,False,False,False,False,0,file_missing,
s001262,False,False,False,False,False,0,file_missing,
s001263,False,False,False,False,False,0,file_missing,
s001264,False,False,False,False,False,0,file_missing,
s001265,False,False,False,False,False,0,file_missing,
s001266,False,False,False,False,False,0,file_missing,
s001267,False,False,False,False,False,0,file_missing,
s001268,False,False,False,False,False,0,file_missing,
s001269,False,False,False,False,False,0,file_missing,
s001270,False,False,False,False,False,0,file_missing,
s001271,False,False,False,False,False,0,file_missing,
s001272,False,False,False,False,False,0,file_missing,
s001273,False,False,False,False,False,0,file_missing,
s001274,False,False,False,False,False,0,file_missing,
s001275,False,False,False,False,False,0,file_missing,
s001276,False,False,False,False,False,0,file_missing,
s001277,False,False,False,False,False,0,file_missing,
s001278,False,False,False,False,False,0,file_missing,
s001279,False,False,False,False,False,0,file_missing,
s001280,False,False,False,False,False,0,file_missing,
s001281,False,False,False,False,False,0,file_missing,
s001282,False,False,False,False,False,0,file_missing,
s001283,False,False,False,False,False,0,file_missing,
s001284,False,False,False,False,False,0,file_missing,
s001285,False,False,False,False,False,0,file_missing,
s001286,False,False,False,False,False,0,file_missing,
s001287,False,False,False,False,False,0,file_missing,
s001288,False,False,False,False,False,0,file_missing,
s001289,False,False,False,False,False,0,file_missing,
s001290,False,False,False,False,False,0,file_missing,
s001291,False,False,False,False,False,0,file_missing,
s001292,False,False,False,False,False,0,file_missing,
s001293,False,False,False,False,False,0,file_missing,
s001294,False,False,False,False,False,0,file_missing,
s001295,False,False,False,False,False,0,file_missing,
s001296,False,False,False,False,False,0,file_missing,
s001297,False,False,False,False,False,0,file_missing,
s001298,False,False,False,False,False,0,file_missing,
s001299,False,False,False,False,False,0,file_missing,
s001300,False,False,False,False,False,0,file_missing,
s001301,False,False,False,False,False,0,file_missing,
s001302,False,False,False,False,False,0,file_missing,
s001303,False,False,False,False,False,0,file_missing,
s001304,False,False,False,False,False,0,file_missing,
s001305,False,False,False,False,False,0,file_missing,
s001306,False,False,False,False,False,0,file_missing,
s001307,False,False,False,False,False,0,file_missing,
s001308,False,False,False,False,False,0,file_missing,
s001309,False,False,False,False,False,0,file_missing,
s001310,False,False,False,False,False,0,file_missing,
s001311,False,False,False,False,False,0,file_missing,
s001312,False,False,False,False,False,0,file_missing,
s001313,False,False,False,False,False,0,file_missing,
s001314,False,False,False,False,False,0,file_missing,
s001315,False,False,False,False,False,0,file_missing,
s001316,False,False,False,False,False,0,file_missing,
s001317,False,False,False,False,False,0,file_missing,
s001318,False,False,False,False,False,0,file_missing,
s001319,False,False,False,False,False,0,file_missing,
s001320,False,False,False,False,False,0,file_missing,
s001321,False,False,False,False,False,0,file_missing,
s001322,False,False,False,False,False,0,file_missing,
s001323,False,False,False,False,False,0,file_missing,
s001324,False,False,False,False,False,0,file_missing,
s001325,False,False,False,False,False,0,file_missing,
s001326,False,False,False,False,False,0,file_missing,
s001327,False,False,False,False,False,0,file_missing,
s001328,False,False,False,False,False,0,file_missing,
s001329,False,False,False,False,False,0,file_missing,
s001330,False,False,False,False,False,0,file_missing,
s001331,False,False,False,False,False,0,file_missing,
s001332,False,False,False,False,False,0,file_missing,
s001333,False,False,False,False,False,0,file_missing,
s001334,False,False,False,False,False,0,file_missing,
s001335,False,False,False,False,False,0,file_missing,
s001336,False,False,False,False,False,0,file_missing,
s001337,False,False,False,False,False,0,file_missing,
s001338,False,False,False,False,False,0,file_missing,
s001339,False,False,False,False,False,0,file_missing,
s001340,False,False,False,False,False,0,file_missing,
s001341,False,False,False,False,False,0,file_missing,
s001342,False,False,False,False,False,0,file_missing,
s001343,False,False,False,False,False,0,file_missing,
s001344,False,False,False,False,False,0,file_missing,
s001345,False,False,False,False,False,0,file_missing,
s001346,False,False,False,False,False,0,file_missing,
s001347,False,False,False,False,False,0,file_missing,
s001348,False,False,False,False,False,0,file_missing,
s001349,False,False,False,False,False,0,file_missing,
s001350,False,False,False,False,False,0,file_missing,
s001351,False,False,False,False,False,0,file_missing,
s001352,False,False,False,False,False,0,file_missing,
s001353,False,False,False,False,False,0,file_missing,
s001354,False,False,False,False,False,0,file_missing,
s001355,False,False,False,False,False,0,file_missing,
s001356,False,False,False,False,False,0,file_missing,
s001357,False,False,False,False,False,0,file_missing,
s001358,False,False,False,False,False,0,file_missing,
s001359,False,False,False,False,False,0,file_missing,
s001360,False,False,False,False,False,0,file_missing,
s001361,False,False,False,False,False,0,file_missing,
s001362,False,False,False,False,False,0,file_missing,
s001363,False,False,False,False,False,0,file_missing,
s001364,False,False,False,False,False,0,file_missing,
s001365,False,False,False,False,False,0,file_missing,
s001366,False,False,False,False,False,0,file_missing,
s001367,False,False,False,False,False,0,file_missing,
s001368,False,False,False,False,False,0,file_missing,
s001369,False,False,False,False,False,0,file_missing,
s001370,False,False,False,False,False,0,file_missing,
s001371,False,False,False,False,False,0,file_missing,
s001372,False,False,False,False,False,0,file_missing,
s001373,False,False,False,False,False,0,file_missing,
s001374,False,False,False,False,False,0,file_missing,
s001375,False,False,False,False,False,0,file_missing,
s001376,False,False,False,False,False,0,file_missing,
s001377,False,False,False,False,False,0,file_missing,
s001378,False,False,False,False,False,0,file_missing,
s001379,False,False,False,False,False,0,file_missing,
s001380,False,False,False,False,False,0,file_missing,
s001381,False,False,False,False,False,0,file_missing,
s001382,False,False,False,False,False,0,file_missing,
s001383,False,False,False,False,False,0,file_missing,
s001384,False,False,False,False,False,0,file_missing,
s001385,False,False,False,False,False,0,file_missing,
s001386,False,False,False,False,False,0,file_missing,
s001387,False,False,False,False,False,0,file_missing,
s001388,False,False,False,False,False,0,file_missing,
s001389,False,False,False,False,False,0,file_missing,
s001390,False,False,False,False,False,0,file_missing,
s001391,False,False,False,False,False,0,file_missing,
s001392,False,False,False,False,False,0,file_missing,
s001393,False,False,False,False,False,0,file_missing,
s001394,False,False,False,False,False,0,file_missing,
s001395,False,False,False,False,False,0,file_missing,
s001396,False,False,False,False,False,0,file_missing,
s001397,False,False,False,False,False,0,file_missing,
s001398,False,False,False,False,False,0,file_missing,
s001399,False,False,False,False,False,0,file_missing,
s001400,False,False,False,False,False,0,file_missing,
s001401,False,False,False,False,False,0,file_missing,
s001402,False,False,False,False,False,0,file_missing,
s001403,False,False,False,False,False,0,file_missing,
s001404,False,False,False,False,False,0,file_missing,
s001405,False,False,False,False,False,0,file_missing,
s001406,False,False,False,False,False,0,file_missing,
s001407,False,False,False,False,False,0,file_missing,
s001408,False,False,False,False,False,0,file_missing,
s001409,False,False,False,False,False,0,file_missing,
s001410,False,False,False,False,False,0,file_missing,
s001411,False,False,False,False,False,0,file_missing,
s001412,False,False,False,False,False,0,file_missing,
s001413,False,False,False,False,False,0,file_missing,
s001414,False,False,False,False,False,0,file_missing,
s001415,False,False,False,False,False,0,file_missing,
s001416,False,False,False,False,False,0,file_missing,
s001417,False,False,False,False,False,0,file_missing,
s001418,False,False,False,False,False,0,file_missing,
s001419,False,False,False,False,False,0,file_missing,
s001420,False,False,False,False,False,0,file_missing,
s001421,False,False,False,False,False,0,file_missing,
s001422,False,False,False,False,False,0,file_missing,
s001423,False,False,False,False,False,0,file_missing,
s001424,False,False,False,False,False,0,file_missing,
s001425,False,False,False,False,False,0,file_missing,
s001426,False,False,False,False,False,0,file_missing,
s001427,False,False,False,False,False,0,file_missing,
s001428,False,False,False,False,False,0,file_missing,
s001429,False,False,False,False,False,0,file_missing,
s001430,False,False,False,False,False,0,file_missing,
s001431,False,False,False,False,False,0,file_missing,
s001432,False,False,False,False,False,0,file_missing,
s001433,False,False,False,False,False,0,file_missing,
s001434,False,False,False,False,False,0,file_missing,
s001435,False,False,False,False,False,0,file_missing,
s001436,False,False,False,False,False,0,file_missing,
s001437,False,False,False,False,False,0,file_missing,
s001438,False,False,False,False,False,0,file_missing,
s001439,False,False,False,False,False,0,file_missing,
s001440,False,False,False,False,False,0,file_missing,
s001441,False,False,False,False,False,0,file_missing,
s001442,False,False,False,False,False,0,file_missing,
s001443,False,False,False,False,False,0,file_missing,
s001444,False,False,False,False,False,0,file_missing,
s001445,False,False,False,False,False,0,file_missing,
s001446,False,False,False,False,False,0,file_missing,
s001447,False,False,False,False,False,0,file_missing,
s001448,False,False,False,False,False,0,file_missing,
s001449,False,False,False,False,False,0,file_missing,
s001450,False,False,False,False,False,0,file_missing,
s001451,False,False,False,False,False,0,file_missing,
s001452,False,False,False,False,False,0,file_missing,
s001453,False,False,False,False,False,0,file_missing,
s001454,False,False,False,False,False,0,file_missing,
s001455,False,False,False,False,False,0,file_missing,
s001456,False,False,False,False,False,0,file_missing,
s001457,False,False,False,False,False,0,file_missing,
s001458,False,False,False,False,False,0,file_missing,
s001459,False,False,False,False,False,0,file_missing,
s001460,False,False,False,False,False,0,file_missing,
s001461,False,False,False,False,False,0,file_missing,
s001462,False,False,False,False,False,0,file_missing,
s001463,False,False,False,False,False,0,file_missing,
s001464,False,False,False,False,False,0,file_missing,
s001465,False,False,False,False,False,0,file_missing,
s001466,False,False,False,False,False,0,file_missing,
s001467,False,False,False,False,False,0,file_missing,
s001468,False,False,False,False,False,0,file_missing,
s001469,False,False,False,False,False,0,file_missing,
s001470,False,False,False,False,False,0,file_missing,
s001471,False,False,False,False,False,0,file_missing,
s001472,False,False,False,False,False,0,file_missing,
s001473,False,False,False,False,False,0,file_missing,
s001474,False,False,False,False,False,0,file_missing,
s001475,False,False,False,False,False,0,file_missing,
s001476,False,False,False,False,False,0,file_missing,
s001477,False,False,False,False,False,0,file_missing,
s001478,False,False,False,False,False,0,file_missing,
s001479,False,False,False,False,False,0,file_missing,
s001480,False,False,False,False,False,0,file_missing,
s001481,False,False,False,False,False,0,file_missing,
s001482,False,False,False,False,False,0,file_missing,
s001483,False,False,False,False,False,0,file_missing,
s001484,False,False,False,False,False,0,file_missing,
s001485,False,False,False,False,False,0,file_missing,
s001486,False,False,False,False,False,0,file_missing,
s001487,False,False,False,False,False,0,file_missing,
s001488,False,False,False,False,False,0,file_missing,
s001489,False,False,False,False,False,0,file_missing,
s001490,False,False,False,False,False,0,file_missing,
s001491,False,False,False,False,False,0,file_missing,
s001492,False,False,False,False,False,0,file_missing,
s001493,False,False,False,False,False,0,file_missing,
s001494,False,False,False,False,False,0,file_missing,
s001495,False,False,False,False,False,0,file_missing,
s001496,False,False,False,False,False,0,file_missing,
s001497,False,False,False,False,False,0,file_missing,
s001498,False,False,False,False,False,0,file_missing,
s001499,False,False,False,False,False,0,file_missing,
s001500,False,False,False,False,False,0,file_missing,
s001501,False,False,False,False,False,0,file_missing,
s001502,False,False,False,False,False,0,file_missing,
s001503,False,False,False,False,False,0,file_missing,
s001504,False,False,False,False,False,0,file_missing,
s001505,False,False,False,False,False,0,file_missing,
s001506,False,False,False,False,False,0,file_missing,
s001507,False,False,False,False,False,0,file_missing,
s001508,False,False,False,False,False,0,file_missing,
s001509,False,False,False,False,False,0,file_missing,
s001510,False,False,False,False,False,0,file_missing,
s001511,False,False,False,False,False,0,file_missing,
s001512,False,False,False,False,False,0,file_missing,
s001513,False,False,False,False,False,0,file_missing,
s001514,False,False,False,False,False,0,file_missing,
s001515,False,False,False,False,False,0,file_missing,
s001516,False,False,False,False,False,0,file_missing,
s001517,False,False,False,False,False,0,file_missing,
s001518,False,False,False,False,False,0,file_missing,
s001519,False,False,False,False,False,0,file_missing,
s001520,False,False,False,False,False,0,file_missing,
s001521,False,False,False,False,False,0,file_missing,
s001522,False,False,False,False,False,0,file_missing,
s001523,False,False,False,False,False,0,file_missing,
s001524,False,False,False,False,False,0,file_missing,
s001525,False,False,False,False,False,0,file_missing,
s001526,False,False,False,False,False,0,file_missing,
s001527,False,False,False,False,False,0,file_missing,
s001528,False,False,False,False,False,0,file_missing,
s001529,False,False,False,False,False,0,file_missing,
s001530,False,False,False,False,False,0,file_missing,
s001531,False,False,False,False,False,0,file_missing,
s001532,False,False,False,False,False,0,file_missing,
s001533,False,False,False,False,False,0,file_missing,
s001534,False,False,False,False,False,0,file_missing,
s001535,False,False,False,False,False,0,file_missing,
s001536,False,False,False,False,False,0,file_missing,
s001537,False,False,False,False,False,0,file_missing,
s001538,False,False,False,False,False,0,file_missing,
s001539,False,False,False,False,False,0,file_missing,
s001540,False,False,False,False,False,0,file_missing,
s001541,False,False,False,False,False,0,file_missing,
s001542,False,False,False,False,False,0,file_missing,
s001543,False,False,False,False,False,0,file_missing,
s001544,False,False,False,False,False,0,file_missing,
s001545,False,False,False,False,False,0,file_missing,
s001546,False,False,False,False,False,0,file_missing,
s001547,False,False,False,False,False,0,file_missing,
s001548,False,False,False,False,False,0,file_missing,
s001549,False,False,False,False,False,0,file_missing,
s001550,False,False,False,False,False,0,file_missing,
s001551,False,False,False,False,False,0,file_missing,
s001552,False,False,False,False,False,0,file_missing,
s001553,False,False,False,False,False,0,file_missing,
s001554,False,False,False,False,False,0,file_missing,
s001555,False,False,False,False,False,0,file_missing,
s001556,False,False,False,False,False,0,file_missing,
s001557,False,False,False,False,False,0,file_missing,
s001558,False,False,False,False,False,0,file_missing,
s001559,False,False,False,False,False,0,file_missing,
s001560,False,False,False,False,False,0,file_missing,
s001561,False,False,False,False,False,0,file_missing,
s001562,False,False,False,False,False,0,file_missing,
s001563,False,False,False,False,False,0,file_missing,
s001564,False,False,False,False,False,0,file_missing,
s001565,False,False,False,False,False,0,file_missing,
s001566,False,False,False,False,False,0,file_missing,
s001567,False,False,False,False,False,0,file_missing,
s001568,False,False,False,False,False,0,file_missing,
s001569,False,False,False,False,False,0,file_missing,
s001570,False,False,False,False,False,0,file_missing,
s001571,False,False,False,False,False,0,file_missing,
s001572,False,False,False,False,False,0,file_missing,
s001573,False,False,False,False,False,0,file_missing,
s001574,False,False,False,False,False,0,file_missing,
s001575,False,False,False,False,False,0,file_missing,
s001576,False,False,False,False,False,0,file_missing,
s001577,False,False,False,False,False,0,file_missing,
s001578,False,False,False,False,False,0,file_missing,
s001579,False,False,False,False,False,0,file_missing,
s001580,False,False,False,False,False,0,file_missing,
s001581,False,False,False,False,False,0,file_missing,
s001582,False,False,False,False,False,0,file_missing,
s001583,False,False,False,False,False,0,file_missing,
s001584,False,False,False,False,False,0,file_missing,
s001585,False,False,False,False,False,0,file_missing,
s001586,False,False,False,False,False,0,file_missing,
s001587,False,False,False,False,False,0,file_missing,
s001588,False,False,False,False,False,0,file_missing,
s001589,False,False,False,False,False,0,file_missing,
s001590,False,False,False,False,False,0,file_missing,
s001591,False,False,False,False,False,0,file_missing,
s001592,False,False,False,False,False,0,file_missing,
s001593,False,False,False,False,False,0,file_missing,
s001594,False,False,False,False,False,0,file_missing,
s001595,False,False,False,False,False,0,file_missing,
s001596,False,False,False,False,False,0,file_missing,
s001597,False,False,False,False,False,0,file_missing,
s001598,False,False,False,False,False,0,file_missing,
s001599,False,False,False,False,False,0,file_missing,
s001600,False,False,False,False,False,0,file_missing,
s001601,False,False,False,False,False,0,file_missing,
s001602,False,False,False,False,False,0,file_missing,
s001603,False,False,False,False,False,0,file_missing,
s001604,False,False,False,False,False,0,file_missing,
s001605,False,False,False,False,False,0,file_missing,
s001606,False,False,False,False,False,0,file_missing,
s001607,False,False,False,False,False,0,file_missing,
s001608,False,False,False,False,False,0,file_missing,
s001609,False,False,False,False,False,0,file_missing,
s001610,False,False,False,False,False,0,file_missing,
s001611,False,False,False,False,False,0,file_missing,
s001612,False,False,False,False,False,0,file_missing,
s001613,False,False,False,False,False,0,file_missing,
s001614,False,False,False,False,False,0,file_missing,
s001615,False,False,False,False,False,0,file_missing,
s001616,False,False,False,False,False,0,file_missing,
s001617,False,False,False,False,False,0,file_missing,
s001618,False,False,False,False,False,0,file_missing,
s001619,False,False,False,False,False,0,file_missing,
s001620,False,False,False,False,False,0,file_missing,
s001621,False,False,False,False,False,0,file_missing,
s001622,False,False,False,False,False,0,file_missing,
s001623,False,False,False,False,False,0,file_missing,
s001624,False,False,False,False,False,0,file_missing,
s001625,False,False,False,False,False,0,file_missing,
s001626,False,False,False,False,False,0,file_missing,
s001627,False,False,False,False,False,0,file_missing,
s001628,False,False,False,False,False,0,file_missing,
s001629,False,False,False,False,False,0,file_missing,
s001630,False,False,False,False,False,0,file_missing,
s001631,False,False,False,False,False,0,file_missing,
s001632,False,False,False,False,False,0,file_missing,
s001633,False,False,False,False,False,0,file_missing,
s001634,False,False,False,False,False,0,file_missing,
s001635,False,False,False,False,False,0,file_missing,
s001636,False,False,False,False,False,0,file_missing,
s001637,False,False,False,False,False,0,file_missing,
s001638,False,False,False,False,False,0,file_missing,
s001639,False,False,False,False,False,0,file_missing,
s001640,False,False,False,False,False,0,file_missing,
s001641,False,False,False,False,False,0,file_missing,
s001642,False,False,False,False,False,0,file_missing,
s001643,False,False,False,False,False,0,file_missing,
s001644,False,False,False,False,False,0,file_missing,
s001645,False,False,False,False,False,0,file_missing,
s001646,False,False,False,False,False,0,file_missing,
s001647,False,False,False,False,False,0,file_missing,
s001648,False,False,False,False,False,0,file_missing,
s001649,False,False,False,False,False,0,file_missing,
s001650,False,False,False,False,False,0,file_missing,
s001651,False,False,False,False,False,0,file_missing,
s001652,False,False,False,False,False,0,file_missing,
s001653,False,False,False,False,False,0,file_missing,
s001654,False,False,False,False,False,0,file_missing,
s001655,False,False,False,False,False,0,file_missing,
s001656,False,False,False,False,False,0,file_missing,
s001657,False,False,False,False,False,0,file_missing,
s001658,False,False,False,False,False,0,file_missing,
s001659,False,False,False,False,False,0,file_missing,
s001660,False,False,False,False,False,0,file_missing,
s001661,False,False,False,False,False,0,file_missing,
s001662,False,False,False,False,False,0,file_missing,
s001663,False,False,False,False,False,0,file_missing,
s001664,False,False,False,False,False,0,file_missing,
s001665,False,False,False,False,False,0,file_missing,
s001666,False,False,False,False,False,0,file_missing,
s001667,False,False,False,False,False,0,file_missing,
s001668,False,False,False,False,False,0,file_missing,
s001669,False,False,False,False,False,0,file_missing,
s001670,False,False,False,False,False,0,file_missing,
s001671,False,False,False,False,False,0,file_missing,
s001672,False,False,False,False,False,0,file_missing,
s001673,False,False,False,False,False,0,file_missing,
s001674,False,False,False,False,False,0,file_missing,
s001675,False,False,False,False,False,0,file_missing,
s001676,False,False,False,False,False,0,file_missing,
s001677,False,False,False,False,False,0,file_missing,
s001678,False,False,False,False,False,0,file_missing,
s001679,False,False,False,False,False,0,file_missing,
s001680,False,False,False,False,False,0,file_missing,
s001681,False,False,False,False,False,0,file_missing,
s001682,False,False,False,False,False,0,file_missing,
s001683,False,False,False,False,False,0,file_missing,
s001684,False,False,False,False,False,0,file_missing,
s001685,False,False,False,False,False,0,file_missing,
s001686,False,False,False,False,False,0,file_missing,
s001687,False,False,False,False,False,0,file_missing,
s001688,False,False,False,False,False,0,file_missing,
s001689,False,False,False,False,False,0,file_missing,
s001690,False,False,False,False,False,0,file_missing,
s001691,False,False,False,False,False,0,file_missing,
s001692,False,False,False,False,False,0,file_missing,
s001693,False,False,False,False,False,0,file_missing,
s001694,False,False,False,False,False,0,file_missing,
s001695,False,False,False,False,False,0,file_missing,
s001696,False,False,False,False,False,0,file_missing,
s001697,False,False,False,False,False,0,file_missing,
s001698,False,False,False,False,False,0,file_missing,
s001699,False,False,False,False,False,0,file_missing,
s001700,False,False,False,False,False,0,file_missing,
s001701,False,False,False,False,False,0,file_missing,
s001702,False,False,False,False,False,0,file_missing,
s001703,False,False,False,False,False,0,file_missing,
s001704,False,False,False,False,False,0,file_missing,
s001705,False,False,False,False,False,0,file_missing,
s001706,False,False,False,False,False,0,file_missing,
s001707,False,False,False,False,False,0,file_missing,
s001708,False,False,False,False,False,0,file_missing,
s001709,False,False,False,False,False,0,file_missing,
s001710,False,False,False,False,False,0,file_missing,
s001711,False,False,False,False,False,0,file_missing,
s001712,False,False,False,False,False,0,file_missing,
s001713,False,False,False,False,False,0,file_missing,
s001714,False,False,False,False,False,0,file_missing,
s001715,False,False,False,False,False,0,file_missing,
s001716,False,False,False,False,False,0,file_missing,
s001717,False,False,False,False,False,0,file_missing,
s001718,False,False,False,False,False,0,file_missing,
s001719,False,False,False,False,False,0,file_missing,
s001720,False,False,False,False,False,0,file_missing,
s001721,False,False,False,False,False,0,file_missing,
s001722,False,False,False,False,False,0,file_missing,
s001723,False,False,False,False,False,0,file_missing,
s001724,False,False,False,False,False,0,file_missing,
s001725,False,False,False,False,False,0,file_missing,
s001726,False,False,False,False,False,0,file_missing,
s001727,False,False,False,False,False,0,file_missing,
s001728,False,False,False,False,False,0,file_missing,
s001729,False,False,False,False,False,0,file_missing,
s001730,False,False,False,False,False,0,file_missing,
s001731,False,False,False,False,False,0,file_missing,
s001732,False,False,False,False,False,0,file_missing,
s001733,False,False,False,False,False,0,file_missing,
s001734,False,False,False,False,False,0,file_missing,
s001735,False,False,False,False,False,0,file_missing,
s001736,False,False,False,False,False,0,file_missing,
s001737,False,False,False,False,False,0,file_missing,
s001738,False,False,False,False,False,0,file_missing,
s001739,False,False,False,False,False,0,file_missing,
s001740,False,False,False,False,False,0,file_missing,
s001741,False,False,False,False,False,0,file_missing,
s001742,False,False,False,False,False,0,file_missing,
s001743,False,False,False,False,False,0,file_missing,
s001744,False,False,False,False,False,0,file_missing,
s001745,False,False,False,False,False,0,file_missing,
s001746,False,False,False,False,False,0,file_missing,
s001747,False,False,False,False,False,0,file_missing,
s001748,False,False,False,False,False,0,file_missing,
s001749,False,False,False,False,False,0,file_missing,
s001750,False,False,False,False,False,0,file_missing,
s001751,False,False,False,False,False,0,file_missing,
s001752,False,False,False,False,False,0,file_missing,
s001753,False,False,False,False,False,0,file_missing,
s001754,False,False,False,False,False,0,file_missing,
s001755,False,False,False,False,False,0,file_missing,
s001756,False,False,False,False,False,0,file_missing,
s001757,False,False,False,False,False,0,file_missing,
s001758,False,False,False,False,False,0,file_missing,
s001759,False,False,False,False,False,0,file_missing,
s001760,False,False,False,False,False,0,file_missing,
s001761,False,False,False,False,False,0,file_missing,
s001762,False,False,False,False,False,0,file_missing,
s001763,False,False,False,False,False,0,file_missing,
s001764,False,False,False,False,False,0,file_missing,
s001765,False,False,False,False,False,0,file_missing,
s001766,False,False,False,False,False,0,file_missing,
s001767,False,False,False,False,False,0,file_missing,
s001768,False,False,False,False,False,0,file_missing,
s001769,False,False,False,False,False,0,file_missing,
s001770,False,False,False,False,False,0,file_missing,
s001771,False,False,False,False,False,0,file_missing,
s001772,False,False,False,False,False,0,file_missing,
s001773,False,False,False,False,False,0,file_missing,
s001774,False,False,False,False,False,0,file_missing,
s001775,False,False,False,False,False,0,file_missing,
s001776,False,False,False,False,False,0,file_missing,
s001777,False,False,False,False,False,0,file_missing,
s001778,False,False,False,False,False,0,file_missing,
s001779,False,False,False,False,False,0,file_missing,
s001780,False,False,False,False,False,0,file_missing,
s001781,False,False,False,False,False,0,file_missing,
s001782,False,False,False,False,False,0,file_missing,
s001783,False,False,False,False,False,0,file_missing,
s001784,False,False,False,False,False,0,file_missing,
s001785,False,False,False,False,False,0,file_missing,
s001786,False,False,False,False,False,0,file_missing,
s001787,False,False,False,False,False,0,file_missing,
s001788,False,False,False,False,False,0,file_missing,
s001789,False,False,False,False,False,0,file_missing,
s001790,False,False,False,False,False,0,file_missing,
s001791,False,False,False,False,False,0,file_missing,
s001792,False,False,False,False,False,0,file_missing,
s001793,False,False,False,False,False,0,file_missing,
s001794,False,False,False,False,False,0,file_missing,
s001795,False,False,False,False,False,0,file_missing,
s001796,False,False,False,False,False,0,file_missing,
s001797,False,False,False,False,False,0,file_missing,
s001798,False,False,False,False,False,0,file_missing,
s001799,False,False,False,False,False,0,file_missing,
s001800,False,False,False,False,False,0,file_missing,
s001801,False,False,False,False,False,0,file_missing,
s001802,False,False,False,False,False,0,file_missing,
s001803,False,False,False,False,False,0,file_missing,
s001804,False,False,False,False,False,0,file_missing,
s001805,False,False,False,False,False,0,file_missing,
s001806,False,False,False,False,False,0,file_missing,
s001807,False,False,False,False,False,0,file_missing,
s001808,False,False,False,False,False,0,file_missing,
s001809,False,False,False,False,False,0,file_missing,
s001810,False,False,False,False,False,0,file_missing,
s001811,False,False,False,False,False,0,file_missing,
s001812,False,False,False,False,False,0,file_missing,
s001813,False,False,False,False,False,0,file_missing,
s001814,False,False,False,False,False,0,file_missing,
s001815,False,False,False,False,False,0,file_missing,
s001816,False,False,False,False,False,0,file_missing,
s001817,False,False,False,False,False,0,file_missing,
s001818,False,False,False,False,False,0,file_missing,
s001819,False,False,False,False,False,0,file_missing,
s001820,False,False,False,False,False,0,file_missing,
s001821,False,False,False,False,False,0,file_missing,
s001822,False,False,False,False,False,0,file_missing,
s001823,False,False,False,False,False,0,file_missing,
s001824,False,False,False,False,False,0,file_missing,
s001825,False,False,False,False,False,0,file_missing,
s001826,False,False,False,False,False,0,file_missing,
s001827,False,False,False,False,False,0,file_missing,
s001828,False,False,False,False,False,0,file_missing,
s001829,False,False,False,False,False,0,file_missing,
s001830,False,False,False,False,False,0,file_missing,
s001831,False,False,False,False,False,0,file_missing,
s001832,False,False,False,False,False,0,file_missing,
s001833,False,False,False,False,False,0,file_missing,
s001834,False,False,False,False,False,0,file_missing,
s001835,False,False,False,False,False,0,file_missing,
s001836,False,False,False,False,False,0,file_missing,
s001837,False,False,False,False,False,0,file_missing,
s001838,False,False,False,False,False,0,file_missing,
s001839,False,False,False,False,False,0,file_missing,
s001840,False,False,False,False,False,0,file_missing,
s001841,False,False,False,False,False,0,file_missing,
s001842,False,False,False,False,False,0,file_missing,
s001843,False,False,False,False,False,0,file_missing,
s001844,False,False,False,False,False,0,file_missing,
s001845,False,False,False,False,False,0,file_missing,
s001846,False,False,False,False,False,0,file_missing,
s001847,False,False,False,False,False,0,file_missing,
s001848,False,False,False,False,False,0,file_missing,
s001849,False,False,False,False,False,0,file_missing,
s001850,False,False,False,False,False,0,file_missing,
s001851,False,False,False,False,False,0,file_missing,
s001852,False,False,False,False,False,0,file_missing,
s001853,False,False,False,False,False,0,file_missing,
s001854,False,False,False,False,False,0,file_missing,
s001855,False,False,False,False,False,0,file_missing,
s001856,False,False,False,False,False,0,file_missing,
s001857,False,False,False,False,False,0,file_missing,
s001858,False,False,False,False,False,0,file_missing,
s001859,False,False,False,False,False,0,file_missing,
s001860,False,False,False,False,False,0,file_missing,
s001861,False,False,False,False,False,0,file_missing,
s001862,False,False,False,False,False,0,file_missing,
s001863,False,False,False,False,False,0,file_missing,
s001864,False,False,False,False,False,0,file_missing,
s001865,False,False,False,False,False,0,file_missing,
s001866,False,False,False,False,False,0,file_missing,
s001867,False,False,False,False,False,0,file_missing,
s001868,False,False,False,False,False,0,file_missing,
s001869,False,False,False,False,False,0,file_missing,
s001870,False,False,False,False,False,0,file_missing,
s001871,False,False,False,False,False,0,file_missing,
s001872,False,False,False,False,False,0,file_missing,
s001873,False,False,False,False,False,0,file_missing,
s001874,False,False,False,False,False,0,file_missing,
s001875,False,False,False,False,False,0,file_missing,
s001876,False,False,False,False,False,0,file_missing,
s001877,False,False,False,False,False,0,file_missing,
s001878,False,False,False,False,False,0,file_missing,
s001879,False,False,False,False,False,0,file_missing,
s001880,False,False,False,False,False,0,file_missing,
s001881,False,False,False,False,False,0,file_missing,
s001882,False,False,False,False,False,0,file_missing,
s001883,False,False,False,False,False,0,file_missing,
s001884,False,False,False,False,False,0,file_missing,
s001885,False,False,False,False,False,0,file_missing,
s001886,False,False,False,False,False,0,file_missing,
s001887,False,False,False,False,False,0,file_missing,
s001888,False,False,False,False,False,0,file_missing,
s001889,False,False,False,False,False,0,file_missing,
s001890,False,False,False,False,False,0,file_missing,
s001891,False,False,False,False,False,0,file_missing,
s001892,False,False,False,False,False,0,file_missing,
s001893,False,False,False,False,False,0,file_missing,
s001894,False,False,False,False,False,0,file_missing,
s001895,False,False,False,False,False,0,file_missing,
s001896,False,False,False,False,False,0,file_missing,
s001897,False,False,False,False,False,0,file_missing,
s001898,False,False,False,False,False,0,file_missing,
s001899,False,False,False,False,False,0,file_missing,
s001900,False,False,False,False,False,0,file_missing,
s001901,False,False,False,False,False,0,file_missing,
s001902,False,False,False,False,False,0,file_missing,
s001903,False,False,False,False,False,0,file_missing,
s001904,False,False,False,False,False,0,file_missing,
s001905,False,False,False,False,False,0,file_missing,
s001906,False,False,False,False,False,0,file_missing,
s001907,False,False,False,False,False,0,file_missing,
s001908,False,False,False,False,False,0,file_missing,
s001909,False,False,False,False,False,0,file_missing,
s001910,False,False,False,False,False,0,file_missing,
s001911,False,False,False,False,False,0,file_missing,
s001912,False,False,False,False,False,0,file_missing,
s001913,False,False,False,False,False,0,file_missing,
s001914,False,False,False,False,False,0,file_missing,
s001915,False,False,False,False,False,0,file_missing,
s001916,False,False,False,False,False,0,file_missing,
s001917,False,False,False,False,False,0,file_missing,
s001918,False,False,False,False,False,0,file_missing,
s001919,False,False,False,False,False,0,file_missing,
s001920,False,False,False,False,False,0,file_missing,
s001921,False,False,False,False,False,0,file_missing,
s001922,False,False,False,False,False,0,file_missing,
s001923,False,False,False,False,False,0,file_missing,
s001924,False,False,False,False,False,0,file_missing,
s001925,False,False,False,False,False,0,file_missing,
s001926,False,False,False,False,False,0,file_missing,
s001927,False,False,False,False,False,0,file_missing,
s001928,False,False,False,False,False,0,file_missing,
s001929,False,False,False,False,False,0,file_missing,
s001930,False,False,False,False,False,0,file_missing,
s001931,False,False,False,False,False,0,file_missing,
s001932,False,False,False,False,False,0,file_missing,
s001933,False,False,False,False,False,0,file_missing,
s001934,False,False,False,False,False,0,file_missing,
s001935,False,False,False,False,False,0,file_missing,
s001936,False,False,False,False,False,0,file_missing,
s001937,False,False,False,False,False,0,file_missing,
s001938,False,False,False,False,False,0,file_missing,
s001939,False,False,False,False,False,0,file_missing,
s001940,False,False,False,False,False,0,file_missing,
s001941,False,False,False,False,False,0,file_missing,
s001942,False,False,False,False,False,0,file_missing,
s001943,False,False,False,False,False,0,file_missing,
s001944,False,False,False,False,False,0,file_missing,
s001945,False,False,False,False,False,0,file_missing,
s001946,False,False,False,False,False,0,file_missing,
s001947,False,False,False,False,False,0,file_missing,
s001948,False,False,False,False,False,0,file_missing,
s001949,False,False,False,False,False,0,file_missing,
s001950,False,False,False,False,False,0,file_missing,
s001951,False,False,False,False,False,0,file_missing,
s001952,False,False,False,False,False,0,file_missing,
s001953,False,False,False,False,False,0,file_missing,
s001954,False,False,False,False,False,0,file_missing,
s001955,False,False,False,False,False,0,file_missing,
s001956,False,False,False,False,False,0,file_missing,
s001957,False,False,False,False,False,0,file_missing,
s001958,False,False,False,False,False,0,file_missing,
s001959,False,False,False,False,False,0,file_missing,
s001960,False,False,False,False,False,0,file_missing,
s001961,False,False,False,False,False,0,file_missing,
s001962,False,False,False,False,False,0,file_missing,
s001963,False,False,False,False,False,0,file_missing,
s001964,False,False,False,False,False,0,file_missing,
s001965,False,False,False,False,False,0,file_missing,
s001966,False,False,False,False,False,0,file_missing,
s001967,False,False,False,False,False,0,file_missing,
s001968,False,False,False,False,False,0,file_missing,
s001969,False,False,False,False,False,0,file_missing,
s001970,False,False,False,False,False,0,file_missing,
s001971,False,False,False,False,False,0,file_missing,
s001972,False,False,False,False,False,0,file_missing,
s001973,False,False,False,False,False,0,file_missing,
s001974,False,False,False,False,False,0,file_missing,
s001975,False,False,False,False,False,0,file_missing,
s001976,False,False,False,False,False,0,file_missing,
s001977,False,False,False,False,False,0,file_missing,
s001978,False,False,False,False,False,0,file_missing,
s001979,False,False,False,False,False,0,file_missing,
s001980,False,False,False,False,False,0,file_missing,
s001981,False,False,False,False,False,0,file_missing,
s001982,False,False,False,False,False,0,file_missing,
s001983,False,False,False,False,False,0,file_missing,
s001984,False,False,False,False,False,0,file_missing,
s001985,False,False,False,False,False,0,file_missing,
s001986,False,False,False,False,False,0,file_missing,
s001987,False,False,False,False,False,0,file_missing,
s001988,False,False,False,False,False,0,file_missing,
s001989,False,False,False,False,False,0,file_missing,
s001990,False,False,False,False,False,0,file_missing,
s001991,False,False,False,False,False,0,file_missing,
s001992,False,False,False,False,False,0,file_missing,
s001993,False,False,False,False,False,0,file_missing,
s001994,False,False,False,False,False,0,file_missing,
s001995,False,False,False,False,False,0,file_missing,
s001996,False,False,False,False,False,0,file_missing,
s001997,False,False,False,False,False,0,file_missing,
s001998,False,False,False,False,False,0,file_missing,
s001999,False,False,False,False,False,0,file_missing,
s002000,False,False,False,False,False,0,file_missing,
s002001,False,False,False,False,False,0,file_missing,
s002002,False,False,False,False,False,0,file_missing,
s002003,False,False,False,False,False,0,file_missing,
s002004,False,False,False,False,False,0,file_missing,
s002005,False,False,False,False,False,0,file_missing,
s002006,False,False,False,False,False,0,file_missing,
s002007,False,False,False,False,False,0,file_missing,
s002008,False,False,False,False,False,0,file_missing,
s002009,False,False,False,False,False,0,file_missing,
s002010,False,False,False,False,False,0,file_missing,
s002011,False,False,False,False,False,0,file_missing,
s002012,False,False,False,False,False,0,file_missing,
s002013,False,False,False,False,False,0,file_missing,
s002014,False,False,False,False,False,0,file_missing,
s002015,False,False,False,False,False,0,file_missing,
s002016,False,False,False,False,False,0,file_missing,
s002017,False,False,False,False,False,0,file_missing,
s002018,False,False,False,False,False,0,file_missing,
s002019,False,False,False,False,False,0,file_missing,
s002020,False,False,False,False,False,0,file_missing,
s002021,False,False,False,False,False,0,file_missing,
s002022,False,False,False,False,False,0,file_missing,
s002023,False,False,False,False,False,0,file_missing,
s002024,False,False,False,False,False,0,file_missing,
s002025,False,False,False,False,False,0,file_missing,
s002026,False,False,False,False,False,0,file_missing,
s002027,False,False,False,False,False,0,file_missing,
s002028,False,False,False,False,False,0,file_missing,
s002029,False,False,False,False,False,0,file_missing,
s002030,False,False,False,False,False,0,file_missing,
s002031,False,False,False,False,False,0,file_missing,
s002032,False,False,False,False,False,0,file_missing,
s002033,False,False,False,False,False,0,file_missing,
s002034,False,False,False,False,False,0,file_missing,
s002035,False,False,False,False,False,0,file_missing,
s002036,False,False,False,False,False,0,file_missing,
s002037,False,False,False,False,False,0,file_missing,
s002038,False,False,False,False,False,0,file_missing,
s002039,False,False,False,False,False,0,file_missing,
s002040,False,False,False,False,False,0,file_missing,
s002041,False,False,False,False,False,0,file_missing,
s002042,False,False,False,False,False,0,file_missing,
s002043,False,False,False,False,False,0,file_missing,
s002044,False,False,False,False,False,0,file_missing,
s002045,False,False,False,False,False,0,file_missing,
s002046,False,False,False,False,False,0,file_missing,
s002047,False,False,False,False,False,0,file_missing,
s002048,False,False,False,False,False,0,file_missing,
s002049,False,False,False,False,False,0,file_missing,
s002050,False,False,False,False,False,0,file_missing,
s002051,False,False,False,False,False,0,file_missing,
s002052,False,False,False,False,False,0,file_missing,
s002053,False,False,False,False,False,0,file_missing,
s002054,False,False,False,False,False,0,file_missing,
s002055,False,False,False,False,False,0,file_missing,
s002056,False,False,False,False,False,0,file_missing,
s002057,False,False,False,False,False,0,file_missing,
s002058,False,False,False,False,False,0,file_missing,
s002059,False,False,False,False,False,0,file_missing,
s002060,False,False,False,False,False,0,file_missing,
s002061,False,False,False,False,False,0,file_missing,
s002062,False,False,False,False,False,0,file_missing,
s002063,False,False,False,False,False,0,file_missing,
s002064,False,False,False,False,False,0,file_missing,
s002065,False,False,False,False,False,0,file_missing,
s002066,False,False,False,False,False,0,file_missing,
s002067,False,False,False,False,False,0,file_missing,
s002068,False,False,False,False,False,0,file_missing,
s002069,False,False,False,False,False,0,file_missing,
s002070,False,False,False,False,False,0,file_missing,
s002071,False,False,False,False,False,0,file_missing,
s002072,False,False,False,False,False,0,file_missing,
s002073,False,False,False,False,False,0,file_missing,
s002074,False,False,False,False,False,0,file_missing,
s002075,False,False,False,False,False,0,file_missing,
s002076,False,False,False,False,False,0,file_missing,
s002077,False,False,False,False,False,0,file_missing,
s002078,False,False,False,False,False,0,file_missing,
s002079,False,False,False,False,False,0,file_missing,
s002080,False,False,False,False,False,0,file_missing,
s002081,False,False,False,False,False,0,file_missing,
s002082,False,False,False,False,False,0,file_missing,
s002083,False,False,False,False,False,0,file_missing,
s002084,False,False,False,False,False,0,file_missing,
s002085,False,False,False,False,False,0,file_missing,
s002086,False,False,False,False,False,0,file_missing,
s002087,False,False,False,False,False,0,file_missing,
s002088,False,False,False,False,False,0,file_missing,
s002089,False,False,False,False,False,0,file_missing,
s002090,False,False,False,False,False,0,file_missing,
s002091,False,False,False,False,False,0,file_missing,
s002092,False,False,False,False,False,0,file_missing,
s002093,False,False,False,False,False,0,file_missing,
s002094,False,False,False,False,False,0,file_missing,
s002095,False,False,False,False,False,0,file_missing,
s002096,False,False,False,False,False,0,file_missing,
s002097,False,False,False,False,False,0,file_missing,
s002098,False,False,False,False,False,0,file_missing,
s002099,False,False,False,False,False,0,file_missing,
s002100,False,False,False,False,False,0,file_missing,
s002101,False,False,False,False,False,0,file_missing,
s002102,False,False,False,False,False,0,file_missing,
s002103,False,False,False,False,False,0,file_missing,
s002104,False,False,False,False,False,0,file_missing,
s002105,False,False,False,False,False,0,file_missing,
s002106,False,False,False,False,False,0,file_missing,
s002107,False,False,False,False,False,0,file_missing,
s002108,False,False,False,False,False,0,file_missing,
s002109,False,False,False,False,False,0,file_missing,
s002110,False,False,False,False,False,0,file_missing,
s002111,False,False,False,False,False,0,file_missing,
s002112,False,False,False,False,False,0,file_missing,
s002113,False,False,False,False,False,0,file_missing,
s002114,False,False,False,False,False,0,file_missing,
s002115,False,False,False,False,False,0,file_missing,
s002116,False,False,False,False,False,0,file_missing,
s002117,False,False,False,False,False,0,file_missing,
s002118,False,False,False,False,False,0,file_missing,
s002119,False,False,False,False,False,0,file_missing,
s002120,False,False,False,False,False,0,file_missing,
s002121,False,False,False,False,False,0,file_missing,
s002122,False,False,False,False,False,0,file_missing,
s002123,False,False,False,False,False,0,file_missing,
s002124,False,False,False,False,False,0,file_missing,
s002125,False,False,False,False,False,0,file_missing,
s002126,False,False,False,False,False,0,file_missing,
s002127,False,False,False,False,False,0,file_missing,
s002128,False,False,False,False,False,0,file_missing,
s002129,False,False,False,False,False,0,file_missing,
s002130,False,False,False,False,False,0,file_missing,
s002131,False,False,False,False,False,0,file_missing,
s002132,False,False,False,False,False,0,file_missing,
s002133,False,False,False,False,False,0,file_missing,
s002134,False,False,False,False,False,0,file_missing,
s002135,False,False,False,False,False,0,file_missing,
s002136,False,False,False,False,False,0,file_missing,
s002137,False,False,False,False,False,0,file_missing,
s002138,False,False,False,False,False,0,file_missing,
s002139,False,False,False,False,False,0,file_missing,
s002140,False,False,False,False,False,0,file_missing,
s002141,False,False,False,False,False,0,file_missing,
s002142,False,False,False,False,False,0,file_missing,
s002143,False,False,False,False,False,0,file_missing,
s002144,False,False,False,False,False,0,file_missing,
s002145,False,False,False,False,False,0,file_missing,
s002146,False,False,False,False,False,0,file_missing,
s002147,False,False,False,False,False,0,file_missing,
s002148,False,False,False,False,False,0,file_missing,
s002149,False,False,False,False,False,0,file_missing,
s002150,False,False,False,False,False,0,file_missing,
s002151,False,False,False,False,False,0,file_missing,
s002152,False,False,False,False,False,0,file_missing,
s002153,False,False,False,False,False,0,file_missing,
s002154,False,False,False,False,False,0,file_missing,
s002155,False,False,False,False,False,0,file_missing,
s002156,False,False,False,False,False,0,file_missing,
s002157,False,False,False,False,False,0,file_missing,
s002158,False,False,False,False,False,0,file_missing,
s002159,False,False,False,False,False,0,file_missing,
s002160,False,False,False,False,False,0,file_missing,
s002161,False,False,False,False,False,0,file_missing,
s002162,False,False,False,False,False,0,file_missing,
s002163,False,False,False,False,False,0,file_missing,
s002164,False,False,False,False,False,0,file_missing,
s002165,False,False,False,False,False,0,file_missing,
s002166,False,False,False,False,False,0,file_missing,
s002167,False,False,False,False,False,0,file_missing,
s002168,False,False,False,False,False,0,file_missing,
s002169,False,False,False,False,False,0,file_missing,
s002170,False,False,False,False,False,0,file_missing,
s002171,False,False,False,False,False,0,file_missing,
s002172,False,False,False,False,False,0,file_missing,
s002173,False,False,False,False,False,0,file_missing,
s002174,False,False,False,False,False,0,file_missing,
s002175,False,False,False,False,False,0,file_missing,
s002176,False,False,False,False,False,0,file_missing,
s002177,False,False,False,False,False,0,file_missing,
s002178,False,False,False,False,False,0,file_missing,
s002179,False,False,False,False,False,0,file_missing,
s002180,False,False,False,False,False,0,file_missing,
s002181,False,False,False,False,False,0,file_missing,
s002182,False,False,False,False,False,0,file_missing,
s002183,False,False,False,False,False,0,file_missing,
s002184,False,False,False,False,False,0,file_missing,
s002185,False,False,False,False,False,0,file_missing,
s002186,False,False,False,False,False,0,file_missing,
s002187,False,False,False,False,False,0,file_missing,
s002188,False,False,False,False,False,0,file_missing,
s002189,False,False,False,False,False,0,file_missing,
s002190,False,False,False,False,False,0,file_missing,
s002191,False,False,False,False,False,0,file_missing,
s002192,False,False,False,False,False,0,file_missing,
s002193,False,False,False,False,False,0,file_missing,
s002194,False,False,False,False,False,0,file_missing,
s002195,False,False,False,False,False,0,file_missing,
s002196,False,False,False,False,False,0,file_missing,
s002197,False,False,False,False,False,0,file_missing,
s002198,False,False,False,False,False,0,file_missing,
s002199,False,False,False,False,False,0,file_missing,
s002200,False,False,False,False,False,0,file_missing,
s002201,False,False,False,False,False,0,file_missing,
s002202,False,False,False,False,False,0,file_missing,
s002203,False,False,False,False,False,0,file_missing,
s002204,False,False,False,False,False,0,file_missing,
s002205,False,False,False,False,False,0,file_missing,
s002206,False,False,False,False,False,0,file_missing,
s002207,False,False,False,False,False,0,file_missing,
s002208,False,False,False,False,False,0,file_missing,
s002209,False,False,False,False,False,0,file_missing,
s002210,False,False,False,False,False,0,file_missing,
s002211,False,False,False,False,False,0,file_missing,
s002212,False,False,False,False,False,0,file_missing,
s002213,False,False,False,False,False,0,file_missing,
s002214,False,False,False,False,False,0,file_missing,
s002215,False,False,False,False,False,0,file_missing,
s002216,False,False,False,False,False,0,file_missing,
s002217,False,False,False,False,False,0,file_missing,
s002218,False,False,False,False,False,0,file_missing,
s002219,False,False,False,False,False,0,file_missing,
s002220,False,False,False,False,False,0,file_missing,
s002221,False,False,False,False,False,0,file_missing,
s002222,False,False,False,False,False,0,file_missing,
s002223,False,False,False,False,False,0,file_missing,
s002224,False,False,False,False,False,0,file_missing,
s002225,False,False,False,False,False,0,file_missing,
s002226,False,False,False,False,False,0,file_missing,
s002227,False,False,False,False,False,0,file_missing,
s002228,False,False,False,False,False,0,file_missing,
s002229,False,False,False,False,False,0,file_missing,
s002230,False,False,False,False,False,0,file_missing,
s002231,False,False,False,False,False,0,file_missing,
s002232,False,False,False,False,False,0,file_missing,
s002233,False,False,False,False,False,0,file_missing,
s002234,False,False,False,False,False,0,file_missing,
s002235,False,False,False,False,False,0,file_missing,
s002236,False,False,False,False,False,0,file_missing,
s002237,False,False,False,False,False,0,file_missing,
s002238,False,False,False,False,False,0,file_missing,
s002239,False,False,False,False,False,0,file_missing,
s002240,False,False,False,False,False,0,file_missing,
s002241,False,False,False,False,False,0,file_missing,
s002242,False,False,False,False,False,0,file_missing,
s002243,False,False,False,False,False,0,file_missing,
s002244,False,False,False,False,False,0,file_missing,
s002245,False,False,False,False,False,0,file_missing,
s002246,False,False,False,False,False,0,file_missing,
s002247,False,False,False,False,False,0,file_missing,
s002248,False,False,False,False,False,0,file_missing,
s002249,False,False,False,False,False,0,file_missing,
s002250,False,False,False,False,False,0,file_missing,
s002251,False,False,False,False,False,0,file_missing,
s002252,False,False,False,False,False,0,file_missing,
s002253,False,False,False,False,False,0,file_missing,
s002254,False,False,False,False,False,0,file_missing,
s002255,False,False,False,False,False,0,file_missing,
s002256,False,False,False,False,False,0,file_missing,
s002257,False,False,False,False,False,0,file_missing,
s002258,False,False,False,False,False,0,file_missing,
s002259,False,False,False,False,False,0,file_missing,
s002260,False,False,False,False,False,0,file_missing,
s002261,False,False,False,False,False,0,file_missing,
s002262,False,False,False,False,False,0,file_missing,
s002263,False,False,False,False,False,0,file_missing,
s002264,False,False,False,False,False,0,file_missing,
s002265,False,False,False,False,False,0,file_missing,
s002266,False,False,False,False,False,0,file_missing,
s002267,False,False,False,False,False,0,file_missing,
s002268,False,False,False,False,False,0,file_missing,
s002269,False,False,False,False,False,0,file_missing,
s002270,False,False,False,False,False,0,file_missing,
s002271,False,False,False,False,False,0,file_missing,
s002272,False,False,False,False,False,0,file_missing,
s002273,False,False,False,False,False,0,file_missing,
s002274,False,False,False,False,False,0,file_missing,
s002275,False,False,False,False,False,0,file_missing,
s002276,False,False,False,False,False,0,file_missing,
s002277,False,False,False,False,False,0,file_missing,
s002278,False,False,False,False,False,0,file_missing,
s002279,False,False,False,False,False,0,file_missing,
s002280,False,False,False,False,False,0,file_missing,
s002281,False,False,False,False,False,0,file_missing,
s002282,False,False,False,False,False,0,file_missing,
s002283,False,False,False,False,False,0,file_missing,
s002284,False,False,False,False,False,0,file_missing,
s002285,False,False,False,False,False,0,file_missing,
s002286,False,False,False,False,False,0,file_missing,
s002287,False,False,False,False,False,0,file_missing,
s002288,False,False,False,False,False,0,file_missing,
s002289,False,False,False,False,False,0,file_missing,
s002290,False,False,False,False,False,0,file_missing,
s002291,False,False,False,False,False,0,file_missing,
s002292,False,False,False,False,False,0,file_missing,
s002293,False,False,False,False,False,0,file_missing,
s002294,False,False,False,False,False,0,file_missing,
s002295,False,False,False,False,False,0,file_missing,
s002296,False,False,False,False,False,0,file_missing,
s002297,False,False,False,False,False,0,file_missing,
s002298,False,False,False,False,False,0,file_missing,
s002299,False,False,False,False,False,0,file_missing,
s002300,False,False,False,False,False,0,file_missing,
s002301,False,False,False,False,False,0,file_missing,
s002302,False,False,False,False,False,0,file_missing,
s002303,False,False,False,False,False,0,file_missing,
s002304,False,False,False,False,False,0,file_missing,
s002305,False,False,False,False,False,0,file_missing,
s002306,False,False,False,False,False,0,file_missing,
s002307,False,False,False,False,False,0,file_missing,
s002308,False,False,False,False,False,0,file_missing,
s002309,False,False,False,False,False,0,file_missing,
s002310,False,False,False,False,False,0,file_missing,
s002311,False,False,False,False,False,0,file_missing,
s002312,False,False,False,False,False,0,file_missing,
s002313,False,False,False,False,False,0,file_missing,
s002314,False,False,False,False,False,0,file_missing,
s002315,False,False,False,False,False,0,file_missing,
s002316,False,False,False,False,False,0,file_missing,
s002317,False,False,False,False,False,0,file_missing,
s002318,False,False,False,False,False,0,file_missing,
s002319,False,False,False,False,False,0,file_missing,
s002320,False,False,False,False,False,0,file_missing,
s002321,False,False,False,False,False,0,file_missing,
s002322,False,False,False,False,False,0,file_missing,
s002323,False,False,False,False,False,0,file_missing,
s002324,False,False,False,False,False,0,file_missing,
s002325,False,False,False,False,False,0,file_missing,
s002326,False,False,False,False,False,0,file_missing,
s002327,False,False,False,False,False,0,file_missing,
s002328,False,False,False,False,False,0,file_missing,
s002329,False,False,False,False,False,0,file_missing,
s002330,False,False,False,False,False,0,file_missing,
s002331,False,False,False,False,False,0,file_missing,
s002332,False,False,False,False,False,0,file_missing,
s002333,False,False,False,False,False,0,file_missing,
s002334,False,False,False,False,False,0,file_missing,
s002335,False,False,False,False,False,0,file_missing,
s002336,False,False,False,False,False,0,file_missing,
s002337,False,False,False,False,False,0,file_missing,
s002338,False,False,False,False,False,0,file_missing,
s002339,False,False,False,False,False,0,file_missing,
s002340,False,False,False,False,False,0,file_missing,
s002341,False,False,False,False,False,0,file_missing,
s002342,False,False,False,False,False,0,file_missing,
s002343,False,False,False,False,False,0,file_missing,
s002344,False,False,False,False,False,0,file_missing,
s002345,False,False,False,False,False,0,file_missing,
s002346,False,False,False,False,False,0,file_missing,
s002347,False,False,False,False,False,0,file_missing,
s002348,False,False,False,False,False,0,file_missing,
s002349,False,False,False,False,False,0,file_missing,
s002350,False,False,False,False,False,0,file_missing,
s002351,False,False,False,False,False,0,file_missing,
s002352,False,False,False,False,False,0,file_missing,
s002353,False,False,False,False,False,0,file_missing,
s002354,False,False,False,False,False,0,file_missing,
s002355,False,False,False,False,False,0,file_missing,
s002356,False,False,False,False,False,0,file_missing,
s002357,False,False,False,False,False,0,file_missing,
s002358,False,False,False,False,False,0,file_missing,
s002359,False,False,False,False,False,0,file_missing,
s002360,False,False,False,False,False,0,file_missing,
s002361,False,False,False,False,False,0,file_missing,
s002362,False,False,False,False,False,0,file_missing,
s002363,False,False,False,False,False,0,file_missing,
s002364,False,False,False,False,False,0,file_missing,
s002365,False,False,False,False,False,0,file_missing,
s002366,False,False,False,False,False,0,file_missing,
s002367,False,False,False,False,False,0,file_missing,
s002368,False,False,False,False,False,0,file_missing,
s002369,False,False,False,False,False,0,file_missing,
s002370,False,False,False,False,False,0,file_missing,
s002371,False,False,False,False,False,0,file_missing,
s002372,False,False,False,False,False,0,file_missing,
s002373,False,False,False,False,False,0,file_missing,
s002374,False,False,False,False,False,0,file_missing,
s002375,False,False,False,False,False,0,file_missing,
s002376,False,False,False,False,False,0,file_missing,
s002377,False,False,False,False,False,0,file_missing,
s002378,False,False,False,False,False,0,file_missing,
s002379,False,False,False,False,False,0,file_missing,
s002380,False,False,False,False,False,0,file_missing,
s002381,False,False,False,False,False,0,file_missing,
s002382,False,False,False,False,False,0,file_missing,
s002383,False,False,False,False,False,0,file_missing,
s002384,False,False,False,False,False,0,file_missing,
s002385,False,False,False,False,False,0,file_missing,
s002386,False,False,False,False,False,0,file_missing,
s002387,False,False,False,False,False,0,file_missing,
s002388,False,False,False,False,False,0,file_missing,
s002389,False,False,False,False,False,0,file_missing,
s002390,False,False,False,False,False,0,file_missing,
s002391,False,False,False,False,False,0,file_missing,
s002392,False,False,False,False,False,0,file_missing,
s002393,False,False,False,False,False,0,file_missing,
s002394,False,False,False,False,False,0,file_missing,
s002395,False,False,False,False,False,0,file_missing,
s002396,False,False,False,False,False,0,file_missing,
s002397,False,False,False,False,False,0,file_missing,
s002398,False,False,False,False,False,0,file_missing,
s002399,False,False,False,False,False,0,file_missing,
s002400,False,False,False,False,False,0,file_missing,
s002401,False,False,False,False,False,0,file_missing,
s002402,False,False,False,False,False,0,file_missing,
s002403,False,False,False,False,False,0,file_missing,
s002404,False,False,False,False,False,0,file_missing,
s002405,False,False,False,False,False,0,file_missing,
s002406,False,False,False,False,False,0,file_missing,
s002407,False,False,False,False,False,0,file_missing,
s002408,False,False,False,False,False,0,file_missing,
s002409,False,False,False,False,False,0,file_missing,
s002410,False,False,False,False,False,0,file_missing,
s002411,False,False,False,False,False,0,file_missing,
s002412,False,False,False,False,False,0,file_missing,
s002413,False,False,False,False,False,0,file_missing,
s002414,False,False,False,False,False,0,file_missing,
s002415,False,False,False,False,False,0,file_missing,
s002416,False,False,False,False,False,0,file_missing,
s002417,False,False,False,False,False,0,file_missing,
s002418,False,False,False,False,False,0,file_missing,
s002419,False,False,False,False,False,0,file_missing,
s002420,False,False,False,False,False,0,file_missing,
s002421,False,False,False,False,False,0,file_missing,
s002422,False,False,False,False,False,0,file_missing,
s002423,False,False,False,False,False,0,file_missing,
s002424,False,False,False,False,False,0,file_missing,
s002425,False,False,False,False,False,0,file_missing,
s002426,False,False,False,False,False,0,file_missing,
s002427,False,False,False,False,False,0,file_missing,
s002428,False,False,False,False,False,0,file_missing,
s002429,False,False,False,False,False,0,file_missing,
s002430,False,False,False,False,False,0,file_missing,
s002431,False,False,False,False,False,0,file_missing,
s002432,False,False,False,False,False,0,file_missing,
s002433,False,False,False,False,False,0,file_missing,
s002434,False,False,False,False,False,0,file_missing,
s002435,False,False,False,False,False,0,file_missing,
s002436,False,False,False,False,False,0,file_missing,
s002437,False,False,False,False,False,0,file_missing,
s002438,False,False,False,False,False,0,file_missing,
s002439,False,False,False,False,False,0,file_missing,
s002440,False,False,False,False,False,0,file_missing,
s002441,False,False,False,False,False,0,file_missing,
s002442,False,False,False,False,False,0,file_missing,
s002443,False,False,False,False,False,0,file_missing,
s002444,False,False,False,False,False,0,file_missing,
s002445,False,False,False,False,False,0,file_missing,
s002446,False,False,False,False,False,0,file_missing,
s002447,False,False,False,False,False,0,file_missing,
s002448,False,False,False,False,False,0,file_missing,
s002449,False,False,False,False,False,0,file_missing,
s002450,False,False,False,False,False,0,file_missing,
s002451,False,False,False,False,False,0,file_missing,
s002452,False,False,False,False,False,0,file_missing,
s002453,False,False,False,False,False,0,file_missing,
s002454,False,False,False,False,False,0,file_missing,
s002455,False,False,False,False,False,0,file_missing,
s002456,False,False,False,False,False,0,file_missing,
s002457,False,False,False,False,False,0,file_missing,
s002458,False,False,False,False,False,0,file_missing,
s002459,False,False,False,False,False,0,file_missing,
s002460,False,False,False,False,False,0,file_missing,
s002461,False,False,False,False,False,0,file_missing,
s002462,False,False,False,False,False,0,file_missing,
s002463,False,False,False,False,False,0,file_missing,
s002464,False,False,False,False,False,0,file_missing,
s002465,False,False,False,False,False,0,file_missing,
s002466,False,False,False,False,False,0,file_missing,
s002467,False,False,False,False,False,0,file_missing,
s002468,False,False,False,False,False,0,file_missing,
s002469,False,False,False,False,False,0,file_missing,
s002470,False,False,False,False,False,0,file_missing,
s002471,False,False,False,False,False,0,file_missing,
s002472,False,False,False,False,False,0,file_missing,
s002473,False,False,False,False,False,0,file_missing,
s002474,False,False,False,False,False,0,file_missing,
s002475,False,False,False,False,False,0,file_missing,
s002476,False,False,False,False,False,0,file_missing,
s002477,False,False,False,False,False,0,file_missing,
s002478,False,False,False,False,False,0,file_missing,
s002479,False,False,False,False,False,0,file_missing,
s002480,False,False,False,False,False,0,file_missing,
s002481,False,False,False,False,False,0,file_missing,
s002482,False,False,False,False,False,0,file_missing,
s002483,False,False,False,False,False,0,file_missing,
s002484,False,False,False,False,False,0,file_missing,
s002485,False,False,False,False,False,0,file_missing,
s002486,False,False,False,False,False,0,file_missing,
s002487,False,False,False,False,False,0,file_missing,
s002488,False,False,False,False,False,0,file_missing,
s002489,False,False,False,False,False,0,file_missing,
s002490,False,False,False,False,False,0,file_missing,
s002491,False,False,False,False,False,0,file_missing,
s002492,False,False,False,False,False,0,file_missing,
s002493,False,False,False,False,False,0,file_missing,
s002494,False,False,False,False,False,0,file_missing,
s002495,False,False,False,False,False,0,file_missing,
s002496,False,False,False,False,False,0,file_missing,
s002497,False,False,False,False,False,0,file_missing,
s002498,False,False,False,False,False,0,file_missing,
s002499,False,False,False,False,False,0,file_missing,
s002500,False,False,False,False,False,0,file_missing,
s002501,False,False,False,False,False,0,file_missing,
s002502,False,False,False,False,False,0,file_missing,
s002503,False,False,False,False,False,0,file_missing,
s002504,False,False,False,False,False,0,file_missing,
s002505,False,False,False,False,False,0,file_missing,
s002506,False,False,False,False,False,0,file_missing,
s002507,False,False,False,False,False,0,file_missing,
s002508,False,False,False,False,False,0,file_missing,
s002509,False,False,False,False,False,0,file_missing,
s002510,False,False,False,False,False,0,file_missing,
s002511,False,False,False,False,False,0,file_missing,
s002512,False,False,False,False,False,0,file_missing,
s002513,False,False,False,False,False,0,file_missing,
s002514,False,False,False,False,False,0,file_missing,
s002515,False,False,False,False,False,0,file_missing,
s002516,False,False,False,False,False,0,file_missing,
s002517,False,False,False,False,False,0,file_missing,
s002518,False,False,False,False,False,0,file_missing,
s002519,False,False,False,False,False,0,file_missing,
s002520,False,False,False,False,False,0,file_missing,
s002521,False,False,False,False,False,0,file_missing,
s002522,False,False,False,False,False,0,file_missing,
s002523,False,False,False,False,False,0,file_missing,
s002524,False,False,False,False,False,0,file_missing,
s002525,False,False,False,False,False,0,file_missing,
s002526,False,False,False,False,False,0,file_missing,
s002527,False,False,False,False,False,0,file_missing,
s002528,False,False,False,False,False,0,file_missing,
s002529,False,False,False,False,False,0,file_missing,
s002530,False,False,False,False,False,0,file_missing,
s002531,False,False,False,False,False,0,file_missing,
s002532,False,False,False,False,False,0,file_missing,
s002533,False,False,False,False,False,0,file_missing,
s002534,False,False,False,False,False,0,file_missing,
s002535,False,False,False,False,False,0,file_missing,
s002536,False,False,False,False,False,0,file_missing,
s002537,False,False,False,False,False,0,file_missing,
s002538,False,False,False,False,False,0,file_missing,
s002539,False,False,False,False,False,0,file_missing,
s002540,False,False,False,False,False,0,file_missing,
s002541,False,False,False,False,False,0,file_missing,
s002542,False,False,False,False,False,0,file_missing,
s002543,False,False,False,False,False,0,file_missing,
s002544,False,False,False,False,False,0,file_missing,
s002545,False,False,False,False,False,0,file_missing,
s002546,False,False,False,False,False,0,file_missing,
s002547,False,False,False,False,False,0,file_missing,
s002548,False,False,False,False,False,0,file_missing,
s002549,False,False,False,False,False,0,file_missing,
s002550,False,False,False,False,False,0,file_missing,
s002551,False,False,False,False,False,0,file_missing,
s002552,False,False,False,False,False,0,file_missing,
s002553,False,False,False,False,False,0,file_missing,
s002554,False,False,False,False,False,0,file_missing,
s002555,False,False,False,False,False,0,file_missing,
s002556,False,False,False,False,False,0,file_missing,
s002557,False,False,False,False,False,0,file_missing,
s002558,False,False,False,False,False,0,file_missing,
s002559,False,False,False,False,False,0,file_missing,
s002560,False,False,False,False,False,0,file_missing,
s002561,False,False,False,False,False,0,file_missing,
s002562,False,False,False,False,False,0,file_missing,
s002563,False,False,False,False,False,0,file_missing,
s002564,False,False,False,False,False,0,file_missing,
s002565,False,False,False,False,False,0,file_missing,
s002566,False,False,False,False,False,0,file_missing,
s002567,False,False,False,False,False,0,file_missing,
s002568,False,False,False,False,False,0,file_missing,
s002569,False,False,False,False,False,0,file_missing,
s002570,False,False,False,False,False,0,file_missing,
s002571,False,False,False,False,False,0,file_missing,
s002572,False,False,False,False,False,0,file_missing,
s002573,False,False,False,False,False,0,file_missing,
s002574,False,False,False,False,False,0,file_missing,
s002575,False,False,False,False,False,0,file_missing,
s002576,False,False,False,False,False,0,file_missing,
s002577,False,False,False,False,False,0,file_missing,
s002578,False,False,False,False,False,0,file_missing,
s002579,False,False,False,False,False,0,file_missing,
s002580,False,False,False,False,False,0,file_missing,
s002581,False,False,False,False,False,0,file_missing,
s002582,False,False,False,False,False,0,file_missing,
s002583,False,False,False,False,False,0,file_missing,
s002584,False,False,False,False,False,0,file_missing,
s002585,False,False,False,False,False,0,file_missing,
s002586,False,False,False,False,False,0,file_missing,
s002587,False,False,False,False,False,0,file_missing,
s002588,False,False,False,False,False,0,file_missing,
s002589,False,False,False,False,False,0,file_missing,
s002590,False,False,False,False,False,0,file_missing,
s002591,False,False,False,False,False,0,file_missing,
s002592,False,False,False,False,False,0,file_missing,
s002593,False,False,False,False,False,0,file_missing,
s002594,False,False,False,False,False,0,file_missing,
s002595,False,False,False,False,False,0,file_missing,
s002596,False,False,False,False,False,0,file_missing,
s002597,False,False,False,False,False,0,file_missing,
s002598,False,False,False,False,False,0,file_missing,
s002599,False,False,False,False,False,0,file_missing,
s002600,False,False,False,False,False,0,file_missing,
s002601,False,False,False,False,False,0,file_missing,
s002602,False,False,False,False,False,0,file_missing,
s002603,False,False,False,False,False,0,file_missing,
s002604,False,False,False,False,False,0,file_missing,
s002605,False,False,False,False,False,0,file_missing,
s002606,False,False,False,False,False,0,file_missing,
s002607,False,False,False,False,False,0,file_missing,
s002608,False,False,False,False,False,0,file_missing,
s002609,False,False,False,False,False,0,file_missing,
s002610,False,False,False,False,False,0,file_missing,
s002611,False,False,False,False,False,0,file_missing,
s002612,False,False,False,False,False,0,file_missing,
s002613,False,False,False,False,False,0,file_missing,
s002614,False,False,False,False,False,0,file_missing,
s002615,False,False,False,False,False,0,file_missing,
s002616,False,False,False,False,False,0,file_missing,
s002617,False,False,False,False,False,0,file_missing,
s002618,False,False,False,False,False,0,file_missing,
s002619,False,False,False,False,False,0,file_missing,
s002620,False,False,False,False,False,0,file_missing,
s002621,False,False,False,False,False,0,file_missing,
s002622,False,False,False,False,False,0,file_missing,
s002623,False,False,False,False,False,0,file_missing,
s002624,False,False,False,False,False,0,file_missing,
s002625,False,False,False,False,False,0,file_missing,
s002626,False,False,False,False,False,0,file_missing,
s002627,False,False,False,False,False,0,file_missing,
s002628,False,False,False,False,False,0,file_missing,
s002629,False,False,False,False,False,0,file_missing,
s002630,False,False,False,False,False,0,file_missing,
s002631,False,False,False,False,False,0,file_missing,
s002632,False,False,False,False,False,0,file_missing,
s002633,False,False,False,False,False,0,file_missing,
s002634,False,False,False,False,False,0,file_missing,
s002635,False,False,False,False,False,0,file_missing,
s002636,False,False,False,False,False,0,file_missing,
s002637,False,False,False,False,False,0,file_missing,
s002638,False,False,False,False,False,0,file_missing,
s002639,False,False,False,False,False,0,file_missing,
s002640,False,False,False,False,False,0,file_missing,
s002641,False,False,False,False,False,0,file_missing,
s002642,False,False,False,False,False,0,file_missing,
s002643,False,False,False,False,False,0,file_missing,
s002644,False,False,False,False,False,0,file_missing,
s002645,False,False,False,False,False,0,file_missing,
s002646,False,False,False,False,False,0,file_missing,
s002647,False,False,False,False,False,0,file_missing,
s002648,False,False,False,False,False,0,file_missing,
s002649,False,False,False,False,False,0,file_missing,
s002650,False,False,False,False,False,0,file_missing,
s002651,False,False,False,False,False,0,file_missing,
s002652,False,False,False,False,False,0,file_missing,
s002653,False,False,False,False,False,0,file_missing,
s002654,False,False,False,False,False,0,file_missing,
s002655,False,False,False,False,False,0,file_missing,
s002656,False,False,False,False,False,0,file_missing,
s002657,False,False,False,False,False,0,file_missing,
s002658,False,False,False,False,False,0,file_missing,
s002659,False,False,False,False,False,0,file_missing,
s002660,False,False,False,False,False,0,file_missing,
s002661,False,False,False,False,False,0,file_missing,
s002662,False,False,False,False,False,0,file_missing,
s002663,False,False,False,False,False,0,file_missing,
s002664,False,False,False,False,False,0,file_missing,
s002665,False,False,False,False,False,0,file_missing,
s002666,False,False,False,False,False,0,file_missing,
s002667,False,False,False,False,False,0,file_missing,
s002668,False,False,False,False,False,0,file_missing,
s002669,False,False,False,False,False,0,file_missing,
s002670,False,False,False,False,False,0,file_missing,
s002671,False,False,False,False,False,0,file_missing,
s002672,False,False,False,False,False,0,file_missing,
s002673,False,False,False,False,False,0,file_missing,
s002674,False,False,False,False,False,0,file_missing,
s002675,False,False,False,False,False,0,file_missing,
s002676,False,False,False,False,False,0,file_missing,
s002677,False,False,False,False,False,0,file_missing,
s002678,False,False,False,False,False,0,file_missing,
s002679,False,False,False,False,False,0,file_missing,
s002680,False,False,False,False,False,0,file_missing,
s002681,False,False,False,False,False,0,file_missing,
s002682,False,False,False,False,False,0,file_missing,
s002683,False,False,False,False,False,0,file_missing,
s002684,False,False,False,False,False,0,file_missing,
s002685,False,False,False,False,False,0,file_missing,
s002686,False,False,False,False,False,0,file_missing,
s002687,False,False,False,False,False,0,file_missing,
s002688,False,False,False,False,False,0,file_missing,
s002689,False,False,False,False,False,0,file_missing,
s002690,False,False,False,False,False,0,file_missing,
s002691,False,False,False,False,False,0,file_missing,
s002692,False,False,False,False,False,0,file_missing,
s002693,False,False,False,False,False,0,file_missing,
s002694,False,False,False,False,False,0,file_missing,
s002695,False,False,False,False,False,0,file_missing,
s002696,False,False,False,False,False,0,file_missing,
s002697,False,False,False,False,False,0,file_missing,
s002698,False,False,False,False,False,0,file_missing,
s002699,False,False,False,False,False,0,file_missing,
s002700,False,False,False,False,False,0,file_missing,
s002701,False,False,False,False,False,0,file_missing,
s002702,False,False,False,False,False,0,file_missing,
s002703,False,False,False,False,False,0,file_missing,
s002704,False,False,False,False,False,0,file_missing,
s002705,False,False,False,False,False,0,file_missing,
s002706,False,False,False,False,False,0,file_missing,
s002707,False,False,False,False,False,0,file_missing,
s002708,False,False,False,False,False,0,file_missing,
s002709,False,False,False,False,False,0,file_missing,
s002710,False,False,False,False,False,0,file_missing,
s002711,False,False,False,False,False,0,file_missing,
s002712,False,False,False,False,False,0,file_missing,
s002713,False,False,False,False,False,0,file_missing,
s002714,False,False,False,False,False,0,file_missing,
s002715,False,False,False,False,False,0,file_missing,
s002716,False,False,False,False,False,0,file_missing,
s002717,False,False,False,False,False,0,file_missing,
s002718,False,False,False,False,False,0,file_missing,
s002719,False,False,False,False,False,0,file_missing,
s002720,False,False,False,False,False,0,file_missing,
s002721,False,False,False,False,False,0,file_missing,
s002722,False,False,False,False,False,0,file_missing,
s002723,False,False,False,False,False,0,file_missing,
s002724,False,False,False,False,False,0,file_missing,
s002725,False,False,False,False,False,0,file_missing,
s002726,False,False,False,False,False,0,file_missing,
s002727,False,False,False,False,False,0,file_missing,
s002728,False,False,False,False,False,0,file_missing,
s002729,False,False,False,False,False,0,file_missing,
s002730,False,False,False,False,False,0,file_missing,
s002731,False,False,False,False,False,0,file_missing,
s002732,False,False,False,False,False,0,file_missing,
s002733,False,False,False,False,False,0,file_missing,
s002734,False,False,False,False,False,0,file_missing,
s002735,False,False,False,False,False,0,file_missing,
s002736,False,False,False,False,False,0,file_missing,
s002737,False,False,False,False,False,0,file_missing,
s002738,False,False,False,False,False,0,file_missing,
s002739,False,False,False,False,False,0,file_missing,
s002740,False,False,False,False,False,0,file_missing,
s002741,False,False,False,False,False,0,file_missing,
s002742,False,False,False,False,False,0,file_missing,
s002743,False,False,False,False,False,0,file_missing,
s002744,False,False,False,False,False,0,file_missing,
s002745,False,False,False,False,False,0,file_missing,
s002746,False,False,False,False,False,0,file_missing,
s002747,False,False,False,False,False,0,file_missing,
s002748,False,False,False,False,False,0,file_missing,
s002749,False,False,False,False,False,0,file_missing,
s002750,False,False,False,False,False,0,file_missing,
s002751,False,False,False,False,False,0,file_missing,
s002752,False,False,False,False,False,0,file_missing,
s002753,False,False,False,False,False,0,file_missing,
s002754,False,False,False,False,False,0,file_missing,
s002755,False,False,False,False,False,0,file_missing,
s002756,False,False,False,False,False,0,file_missing,
s002757,False,False,False,False,False,0,file_missing,
s002758,False,False,False,False,False,0,file_missing,
s002759,False,False,False,False,False,0,file_missing,
s002760,False,False,False,False,False,0,file_missing,
s002761,False,False,False,False,False,0,file_missing,
s002762,False,False,False,False,False,0,file_missing,
s002763,False,False,False,False,False,0,file_missing,
s002764,False,False,False,False,False,0,file_missing,
s002765,False,False,False,False,False,0,file_missing,
s002766,False,False,False,False,False,0,file_missing,
s002767,False,False,False,False,False,0,file_missing,
s002768,False,False,False,False,False,0,file_missing,
s002769,False,False,False,False,False,0,file_missing,
s002770,False,False,False,False,False,0,file_missing,
s002771,False,False,False,False,False,0,file_missing,
s002772,False,False,False,False,False,0,file_missing,
s002773,False,False,False,False,False,0,file_missing,
s002774,False,False,False,False,False,0,file_missing,
s002775,False,False,False,False,False,0,file_missing,
s002776,False,False,False,False,False,0,file_missing,
s002777,False,False,False,False,False,0,file_missing,
s002778,False,False,False,False,False,0,file_missing,
s002779,False,False,False,False,False,0,file_missing,
s002780,False,False,False,False,False,0,file_missing,
s002781,False,False,False,False,False,0,file_missing,
s002782,False,False,False,False,False,0,file_missing,
s002783,False,False,False,False,False,0,file_missing,
s002784,False,False,False,False,False,0,file_missing,
s002785,False,False,False,False,False,0,file_missing,
s002786,False,False,False,False,False,0,file_missing,
s002787,False,False,False,False,False,0,file_missing,
s002788,False,False,False,False,False,0,file_missing,
s002789,False,False,False,False,False,0,file_missing,
s002790,False,False,False,False,False,0,file_missing,
s002791,False,False,False,False,False,0,file_missing,
s002792,False,False,False,False,False,0,file_missing,
s002793,False,False,False,False,False,0,file_missing,
s002794,False,False,False,False,False,0,file_missing,
s002795,False,False,False,False,False,0,file_missing,
s002796,False,False,False,False,False,0,file_missing,
s002797,False,False,False,False,False,0,file_missing,
s002798,False,False,False,False,False,0,file_missing,
s002799,False,False,False,False,False,0,file_missing,
s002800,False,False,False,False,False,0,file_missing,
s002801,False,False,False,False,False,0,file_missing,
s002802,False,False,False,False,False,0,file_missing,
s002803,False,False,False,False,False,0,file_missing,
s002804,False,False,False,False,False,0,file_missing,
s002805,False,False,False,False,False,0,file_missing,
s002806,False,False,False,False,False,0,file_missing,
s002807,False,False,False,False,False,0,file_missing,
s002808,False,False,False,False,False,0,file_missing,
s002809,False,False,False,False,False,0,file_missing,
s002810,False,False,False,False,False,0,file_missing,
s002811,False,False,False,False,False,0,file_missing,
s002812,False,False,False,False,False,0,file_missing,
s002813,False,False,False,False,False,0,file_missing,
s002814,False,False,False,False,False,0,file_missing,
s002815,False,False,False,False,False,0,file_missing,
s002816,False,False,False,False,False,0,file_missing,
s002817,False,False,False,False,False,0,file_missing,
s002818,False,False,False,False,False,0,file_missing,
s002819,False,False,False,False,False,0,file_missing,
s002820,False,False,False,False,False,0,file_missing,
s002821,False,False,False,False,False,0,file_missing,
s002822,False,False,False,False,False,0,file_missing,
s002823,False,False,False,False,False,0,file_missing,
s002824,False,False,False,False,False,0,file_missing,
s002825,False,False,False,False,False,0,file_missing,
s002826,False,False,False,False,False,0,file_missing,
s002827,False,False,False,False,False,0,file_missing,
s002828,False,False,False,False,False,0,file_missing,
s002829,False,False,False,False,False,0,file_missing,
s002830,False,False,False,False,False,0,file_missing,
s002831,False,False,False,False,False,0,file_missing,
s002832,False,False,False,False,False,0,file_missing,
s002833,False,False,False,False,False,0,file_missing,
s002834,False,False,False,False,False,0,file_missing,
s002835,False,False,False,False,False,0,file_missing,
s002836,False,False,False,False,False,0,file_missing,
s002837,False,False,False,False,False,0,file_missing,
s002838,False,False,False,False,False,0,file_missing,
s002839,False,False,False,False,False,0,file_missing,
s002840,False,False,False,False,False,0,file_missing,
s002841,False,False,False,False,False,0,file_missing,
s002842,False,False,False,False,False,0,file_missing,
s002843,False,False,False,False,False,0,file_missing,
s002844,False,False,False,False,False,0,file_missing,
s002845,False,False,False,False,False,0,file_missing,
s002846,False,False,False,False,False,0,file_missing,
s002847,False,False,False,False,False,0,file_missing,
s002848,False,False,False,False,False,0,file_missing,
s002849,False,False,False,False,False,0,file_missing,
s002850,False,False,False,False,False,0,file_missing,
s002851,False,False,False,False,False,0,file_missing,
s002852,False,False,False,False,False,0,file_missing,
s002853,False,False,False,False,False,0,file_missing,
s002854,False,False,False,False,False,0,file_missing,
s002855,False,False,False,False,False,0,file_missing,
s002856,False,False,False,False,False,0,file_missing,
s002857,False,False,False,False,False,0,file_missing,
s002858,False,False,False,False,False,0,file_missing,
s002859,False,False,False,False,False,0,file_missing,
s002860,False,False,False,False,False,0,file_missing,
s002861,False,False,False,False,False,0,file_missing,
s002862,False,False,False,False,False,0,file_missing,
s002863,False,False,False,False,False,0,file_missing,
s002864,False,False,False,False,False,0,file_missing,
s002865,False,False,False,False,False,0,file_missing,
s002866,False,False,False,False,False,0,file_missing,
s002867,False,False,False,False,False,0,file_missing,
s002868,False,False,False,False,False,0,file_missing,
s002869,False,False,False,False,False,0,file_missing,
s002870,False,False,False,False,False,0,file_missing,
s002871,False,False,False,False,False,0,file_missing,
s002872,False,False,False,False,False,0,file_missing,
s002873,False,False,False,False,False,0,file_missing,
s002874,False,False,False,False,False,0,file_missing,
s002875,False,False,False,False,False,0,file_missing,
s002876,False,False,False,False,False,0,file_missing,
s002877,False,False,False,False,False,0,file_missing,
s002878,False,False,False,False,False,0,file_missing,
s002879,False,False,False,False,False,0,file_missing,
s002880,False,False,False,False,False,0,file_missing,
s002881,False,False,False,False,False,0,file_missing,
s002882,False,False,False,False,False,0,file_missing,
s002883,False,False,False,False,False,0,file_missing,
s002884,False,False,False,False,False,0,file_missing,
s002885,False,False,False,False,False,0,file_missing,
s002886,False,False,False,False,False,0,file_missing,
s002887,False,False,False,False,False,0,file_missing,
s002888,False,False,False,False,False,0,file_missing,
s002889,False,False,False,False,False,0,file_missing,
s002890,False,False,False,False,False,0,file_missing,
s002891,False,False,False,False,False,0,file_missing,
s002892,False,False,False,False,False,0,file_missing,
s002893,False,False,False,False,False,0,file_missing,
s002894,False,False,False,False,False,0,file_missing,
s002895,False,False,False,False,False,0,file_missing,
s002896,False,False,False,False,False,0,file_missing,
s002897,False,False,False,False,False,0,file_missing,
s002898,False,False,False,False,False,0,file_missing,
s002899,False,False,False,False,False,0,file_missing,
s002900,False,False,False,False,False,0,file_missing,
s002901,False,False,False,False,False,0,file_missing,
s002902,False,False,False,False,False,0,file_missing,
s002903,False,False,False,False,False,0,file_missing,
s002904,False,False,False,False,False,0,file_missing,
s002905,False,False,False,False,False,0,file_missing,
s002906,False,False,False,False,False,0,file_missing,
s002907,False,False,False,False,False,0,file_missing,
s002908,False,False,False,False,False,0,file_missing,
s002909,False,False,False,False,False,0,file_missing,
s002910,False,False,False,False,False,0,file_missing,
s002911,False,False,False,False,False,0,file_missing,
s002912,False,False,False,False,False,0,file_missing,
s002913,False,False,False,False,False,0,file_missing,
s002914,False,False,False,False,False,0,file_missing,
s002915,False,False,False,False,False,0,file_missing,
s002916,False,False,False,False,False,0,file_missing,
s002917,False,False,False,False,False,0,file_missing,
s002918,False,False,False,False,False,0,file_missing,
s002919,False,False,False,False,False,0,file_missing,
s002920,False,False,False,False,False,0,file_missing,
s002921,False,False,False,False,False,0,file_missing,
s002922,False,False,False,False,False,0,file_missing,
s002923,False,False,False,False,False,0,file_missing,
s002924,False,False,False,False,False,0,file_missing,
s002925,False,False,False,False,False,0,file_missing,
s002926,False,False,False,False,False,0,file_missing,
s002927,False,False,False,False,False,0,file_missing,
s002928,False,False,False,False,False,0,file_missing,
s002929,False,False,False,False,False,0,file_missing,
s002930,False,False,False,False,False,0,file_missing,
s002931,False,False,False,False,False,0,file_missing,
s002932,False,False,False,False,False,0,file_missing,
s002933,False,False,False,False,False,0,file_missing,
s002934,False,False,False,False,False,0,file_missing,
s002935,False,False,False,False,False,0,file_missing,
s002936,False,False,False,False,False,0,file_missing,
s002937,False,False,False,False,False,0,file_missing,
s002938,False,False,False,False,False,0,file_missing,
s002939,False,False,False,False,False,0,file_missing,
s002940,False,False,False,False,False,0,file_missing,
s002941,False,False,False,False,False,0,file_missing,
s002942,False,False,False,False,False,0,file_missing,
s002943,False,False,False,False,False,0,file_missing,
s002944,False,False,False,False,False,0,file_missing,
s002945,False,False,False,False,False,0,file_missing,
s002946,False,False,False,False,False,0,file_missing,
s002947,False,False,False,False,False,0,file_missing,
s002948,False,False,False,False,False,0,file_missing,
s002949,False,False,False,False,False,0,file_missing,
s002950,False,False,False,False,False,0,file_missing,
s002951,False,False,False,False,False,0,file_missing,
s002952,False,False,False,False,False,0,file_missing,
s002953,False,False,False,False,False,0,file_missing,
s002954,False,False,False,False,False,0,file_missing,
s002955,False,False,False,False,False,0,file_missing,
s002956,False,False,False,False,False,0,file_missing,
s002957,False,False,False,False,False,0,file_missing,
s002958,False,False,False,False,False,0,file_missing,
s002959,False,False,False,False,False,0,file_missing,
s002960,False,False,False,False,False,0,file_missing,
s002961,False,False,False,False,False,0,file_missing,
s002962,False,False,False,False,False,0,file_missing,
s002963,False,False,False,False,False,0,file_missing,
s002964,False,False,False,False,False,0,file_missing,
s002965,False,False,False,False,False,0,file_missing,
s002966,False,False,False,False,False,0,file_missing,
s002967,False,False,False,False,False,0,file_missing,
s002968,False,False,False,False,False,0,file_missing,
s002969,False,False,False,False,False,0,file_missing,
s002970,False,False,False,False,False,0,file_missing,
s002971,False,False,False,False,False,0,file_missing,
s002972,False,False,False,False,False,0,file_missing,
s002973,False,False,False,False,False,0,file_missing,
s002974,False,False,False,False,False,0,file_missing,
s002975,False,False,False,False,False,0,file_missing,
s002976,False,False,False,False,False,0,file_missing,
s002977,False,False,False,False,False,0,file_missing,
s002978,False,False,False,False,False,0,file_missing,
s002979,False,False,False,False,False,0,file_missing,
s002980,False,False,False,False,False,0,file_missing,
s002981,False,False,False,False,False,0,file_missing,
s002982,False,False,False,False,False,0,file_missing,
s002983,False,False,False,False,False,0,file_missing,
s002984,False,False,False,False,False,0,file_missing,
s002985,False,False,False,False,False,0,file_missing,
s002986,False,False,False,False,False,0,file_missing,
s002987,False,False,False,False,False,0,file_missing,
s002988,False,False,False,False,False,0,file_missing,
s002989,False,False,False,False,False,0,file_missing,
s002990,False,False,False,False,False,0,file_missing,
s002991,False,False,False,False,False,0,file_missing,
s002992,False,False,False,False,False,0,file_missing,
s002993,False,False,False,False,False,0,file_missing,
s002994,False,False,False,False,False,0,file_missing,
s002995,False,False,False,False,False,0,file_missing,
s002996,False,False,False,False,False,0,file_missing,
s002997,False,False,False,False,False,0,file_missing,
s002998,False,False,False,False,False,0,file_missing,
s002999,False,False,False,False,False,0,file_missing,
s003000,False,False,False,False,False,0,file_missing,
s003001,False,False,False,False,False,0,file_missing,
s003002,False,False,False,False,False,0,file_missing,
s003003,False,False,False,False,False,0,file_missing,
s003004,False,False,False,False,False,0,file_missing,
s003005,False,False,False,False,False,0,file_missing,
s003006,False,False,False,False,False,0,file_missing,
s003007,False,False,False,False,False,0,file_missing,
s003008,False,False,False,False,False,0,file_missing,
s003009,False,False,False,False,False,0,file_missing,
s003010,False,False,False,False,False,0,file_missing,
s003011,False,False,False,False,False,0,file_missing,
s003012,False,False,False,False,False,0,file_missing,
s003013,False,False,False,False,False,0,file_missing,
s003014,False,False,False,False,False,0,file_missing,
s003015,False,False,False,False,False,0,file_missing,
s003016,False,False,False,False,False,0,file_missing,
s003017,False,False,False,False,False,0,file_missing,
s003018,False,False,False,False,False,0,file_missing,
s003019,False,False,False,False,False,0,file_missing,
s003020,False,False,False,False,False,0,file_missing,
s003021,False,False,False,False,False,0,file_missing,
s003022,False,False,False,False,False,0,file_missing,
s003023,False,False,False,False,False,0,file_missing,
s003024,False,False,False,False,False,0,file_missing,
s003025,False,False,False,False,False,0,file_missing,
s003026,False,False,False,False,False,0,file_missing,
s003027,False,False,False,False,False,0,file_missing,
s003028,False,False,False,False,False,0,file_missing,
s003029,False,False,False,False,False,0,file_missing,
s003030,False,False,False,False,False,0,file_missing,
s003031,False,False,False,False,False,0,file_missing,
s003032,False,False,False,False,False,0,file_missing,
s003033,False,False,False,False,False,0,file_missing,
s003034,False,False,False,False,False,0,file_missing,
s003035,False,False,False,False,False,0,file_missing,
s003036,False,False,False,False,False,0,file_missing,
s003037,False,False,False,False,False,0,file_missing,
s003038,False,False,False,False,False,0,file_missing,
s003039,False,False,False,False,False,0,file_missing,
s003040,False,False,False,False,False,0,file_missing,
s003041,False,False,False,False,False,0,file_missing,
s003042,False,False,False,False,False,0,file_missing,
s003043,False,False,False,False,False,0,file_missing,
s003044,False,False,False,False,False,0,file_missing,
s003045,False,False,False,False,False,0,file_missing,
s003046,False,False,False,False,False,0,file_missing,
s003047,False,False,False,False,False,0,file_missing,
s003048,False,False,False,False,False,0,file_missing,
s003049,False,False,False,False,False,0,file_missing,
s003050,False,False,False,False,False,0,file_missing,
s003051,False,False,False,False,False,0,file_missing,
s003052,False,False,False,False,False,0,file_missing,
s003053,False,False,False,False,False,0,file_missing,
s003054,False,False,False,False,False,0,file_missing,
s003055,False,False,False,False,False,0,file_missing,
s003056,False,False,False,False,False,0,file_missing,
s003057,False,False,False,False,False,0,file_missing,
s003058,False,False,False,False,False,0,file_missing,
s003059,False,False,False,False,False,0,file_missing,
s003060,False,False,False,False,False,0,file_missing,
s003061,False,False,False,False,False,0,file_missing,
s003062,False,False,False,False,False,0,file_missing,
s003063,False,False,False,False,False,0,file_missing,
s003064,False,False,False,False,False,0,file_missing,
s003065,False,False,False,False,False,0,file_missing,
s003066,False,False,False,False,False,0,file_missing,
s003067,False,False,False,False,False,0,file_missing,
s003068,False,False,False,False,False,0,file_missing,
s003069,False,False,False,False,False,0,file_missing,
s003070,False,False,False,False,False,0,file_missing,
s003071,False,False,False,False,False,0,file_missing,
s003072,False,False,False,False,False,0,file_missing,
s003073,False,False,False,False,False,0,file_missing,
s003074,False,False,False,False,False,0,file_missing,
s003075,False,False,False,False,False,0,file_missing,
s003076,False,False,False,False,False,0,file_missing,
s003077,False,False,False,False,False,0,file_missing,
s003078,False,False,False,False,False,0,file_missing,
s003079,False,False,False,False,False,0,file_missing,
s003080,False,False,False,False,False,0,file_missing,
s003081,False,False,False,False,False,0,file_missing,
s003082,False,False,False,False,False,0,file_missing,
s003083,False,False,False,False,False,0,file_missing,
s003084,False,False,False,False,False,0,file_missing,
s003085,False,False,False,False,False,0,file_missing,
s003086,False,False,False,False,False,0,file_missing,
s003087,False,False,False,False,False,0,file_missing,
s003088,False,False,False,False,False,0,file_missing,
s003089,False,False,False,False,False,0,file_missing,
s003090,False,False,False,False,False,0,file_missing,
s003091,False,False,False,False,False,0,file_missing,
s003092,False,False,False,False,False,0,file_missing,
s003093,False,False,False,False,False,0,file_missing,
s003094,False,False,False,False,False,0,file_missing,
s003095,False,False,False,False,False,0,file_missing,
s003096,False,False,False,False,False,0,file_missing,
s003097,False,False,False,False,False,0,file_missing,
s003098,False,False,False,False,False,0,file_missing,
s003099,False,False,False,False,False,0,file_missing,
s003100,False,False,False,False,False,0,file_missing,
s003101,False,False,False,False,False,0,file_missing,
s003102,False,False,False,False,False,0,file_missing,
s003103,False,False,False,False,False,0,file_missing,
s003104,False,False,False,False,False,0,file_missing,
s003105,False,False,False,False,False,0,file_missing,
s003106,False,False,False,False,False,0,file_missing,
s003107,False,False,False,False,False,0,file_missing,
s003108,False,False,False,False,False,0,file_missing,
s003109,False,False,False,False,False,0,file_missing,
s003110,False,False,False,False,False,0,file_missing,
s003111,False,False,False,False,False,0,file_missing,
s003112,False,False,False,False,False,0,file_missing,
s003113,False,False,False,False,False,0,file_missing,
s003114,False,False,False,False,False,0,file_missing,
s003115,False,False,False,False,False,0,file_missing,
s003116,False,False,False,False,False,0,file_missing,
s003117,False,False,False,False,False,0,file_missing,
s003118,False,False,False,False,False,0,file_missing,
s003119,False,False,False,False,False,0,file_missing,
s003120,False,False,False,False,False,0,file_missing,
s003121,False,False,False,False,False,0,file_missing,
s003122,False,False,False,False,False,0,file_missing,
s003123,False,False,False,False,False,0,file_missing,
s003124,False,False,False,False,False,0,file_missing,
s003125,False,False,False,False,False,0,file_missing,
s003126,False,False,False,False,False,0,file_missing,
s003127,False,False,False,False,False,0,file_missing,
s003128,False,False,False,False,False,0,file_missing,
s003129,False,False,False,False,False,0,file_missing,
s003130,False,False,False,False,False,0,file_missing,
s003131,False,False,False,False,False,0,file_missing,
s003132,False,False,False,False,False,0,file_missing,
s003133,False,False,False,False,False,0,file_missing,
s003134,False,False,False,False,False,0,file_missing,
s003135,False,False,False,False,False,0,file_missing,
s003136,False,False,False,False,False,0,file_missing,
s003137,False,False,False,False,False,0,file_missing,
s003138,False,False,False,False,False,0,file_missing,
s003139,False,False,False,False,False,0,file_missing,
s003140,False,False,False,False,False,0,file_missing,
s003141,False,False,False,False,False,0,file_missing,
s003142,False,False,False,False,False,0,file_missing,
s003143,False,False,False,False,False,0,file_missing,
s003144,False,False,False,False,False,0,file_missing,
s003145,False,False,False,False,False,0,file_missing,
s003146,False,False,False,False,False,0,file_missing,
s003147,False,False,False,False,False,0,file_missing,
s003148,False,False,False,False,False,0,file_missing,
s003149,False,False,False,False,False,0,file_missing,
s003150,False,False,False,False,False,0,file_missing,
s003151,False,False,False,False,False,0,file_missing,
s003152,False,False,False,False,False,0,file_missing,
s003153,False,False,False,False,False,0,file_missing,
s003154,False,False,False,False,False,0,file_missing,
s003155,False,False,False,False,False,0,file_missing,
s003156,False,False,False,False,False,0,file_missing,
s003157,False,False,False,False,False,0,file_missing,
s003158,False,False,False,False,False,0,file_missing,
s003159,False,False,False,False,False,0,file_missing,
s003160,False,False,False,False,False,0,file_missing,
s003161,False,False,False,False,False,0,file_missing,
s003162,False,False,False,False,False,0,file_missing,
s003163,False,False,False,False,False,0,file_missing,
s003164,False,False,False,False,False,0,file_missing,
s003165,False,False,False,False,False,0,file_missing,
s003166,False,False,False,False,False,0,file_missing,
s003167,False,False,False,False,False,0,file_missing,
s003168,False,False,False,False,False,0,file_missing,
s003169,False,False,False,False,False,0,file_missing,
s003170,False,False,False,False,False,0,file_missing,
s003171,False,False,False,False,False,0,file_missing,
s003172,False,False,False,False,False,0,file_missing,
s003173,False,False,False,False,False,0,file_missing,
s003174,False,False,False,False,False,0,file_missing,
s003175,False,False,False,False,False,0,file_missing,
s003176,False,False,False,False,False,0,file_missing,
s003177,False,False,False,False,False,0,file_missing,
s003178,False,False,False,False,False,0,file_missing,
s003179,False,False,False,False,False,0,file_missing,
s003180,False,False,False,False,False,0,file_missing,
s003181,False,False,False,False,False,0,file_missing,
s003182,False,False,False,False,False,0,file_missing,
s003183,False,False,False,False,False,0,file_missing,
s003184,False,False,False,False,False,0,file_missing,
s003185,False,False,False,False,False,0,file_missing,
s003186,False,False,False,False,False,0,file_missing,
s003187,False,False,False,False,False,0,file_missing,
s003188,False,False,False,False,False,0,file_missing,
s003189,False,False,False,False,False,0,file_missing,
s003190,False,False,False,False,False,0,file_missing,
s003191,False,False,False,False,False,0,file_missing,
s003192,False,False,False,False,False,0,file_missing,
s003193,False,False,False,False,False,0,file_missing,
s003194,False,False,False,False,False,0,file_missing,
s003195,False,False,False,False,False,0,file_missing,
s003196,False,False,False,False,False,0,file_missing,
s003197,False,False,False,False,False,0,file_missing,
s003198,False,False,False,False,False,0,file_missing,
s003199,False,False,False,False,False,0,file_missing,
s003200,False,False,False,False,False,0,file_missing,
s003201,False,False,False,False,False,0,file_missing,
s003202,False,False,False,False,False,0,file_missing,
s003203,False,False,False,False,False,0,file_missing,
s003204,False,False,False,False,False,0,file_missing,
s003205,False,False,False,False,False,0,file_missing,
s003206,False,False,False,False,False,0,file_missing,
s003207,False,False,False,False,False,0,file_missing,
s003208,False,False,False,False,False,0,file_missing,
s003209,False,False,False,False,False,0,file_missing,
s003210,False,False,False,False,False,0,file_missing,
s003211,False,False,False,False,False,0,file_missing,
s003212,False,False,False,False,False,0,file_missing,
s003213,False,False,False,False,False,0,file_missing,
s003214,False,False,False,False,False,0,file_missing,
s003215,False,False,False,False,False,0,file_missing,
s003216,False,False,False,False,False,0,file_missing,
s003217,False,False,False,False,False,0,file_missing,
s003218,False,False,False,False,False,0,file_missing,
s003219,False,False,False,False,False,0,file_missing,
s003220,False,False,False,False,False,0,file_missing,
s003221,False,False,False,False,False,0,file_missing,
s003222,False,False,False,False,False,0,file_missing,
s003223,False,False,False,False,False,0,file_missing,
s003224,False,False,False,False,False,0,file_missing,
s003225,False,False,False,False,False,0,file_missing,
s003226,False,False,False,False,False,0,file_missing,
s003227,False,False,False,False,False,0,file_missing,
s003228,False,False,False,False,False,0,file_missing,
s003229,False,False,False,False,False,0,file_missing,
s003230,False,False,False,False,False,0,file_missing,
s003231,False,False,False,False,False,0,file_missing,
s003232,False,False,False,False,False,0,file_missing,
s003233,False,False,False,False,False,0,file_missing,
s003234,False,False,False,False,False,0,file_missing,
s003235,False,False,False,False,False,0,file_missing,
s003236,False,False,False,False,False,0,file_missing,
s003237,False,False,False,False,False,0,file_missing,
s003238,False,False,False,False,False,0,file_missing,
s003239,False,False,False,False,False,0,file_missing,
s003240,False,False,False,False,False,0,file_missing,
s003241,False,False,False,False,False,0,file_missing,
s003242,False,False,False,False,False,0,file_missing,
s003243,False,False,False,False,False,0,file_missing,
s003244,False,False,False,False,False,0,file_missing,
s003245,False,False,False,False,False,0,file_missing,
s003246,False,False,False,False,False,0,file_missing,
s003247,False,False,False,False,False,0,file_missing,
s003248,False,False,False,False,False,0,file_missing,
s003249,False,False,False,False,False,0,file_missing,
s003250,False,False,False,False,False,0,file_missing,
s003251,False,False,False,False,False,0,file_missing,
s003252,False,False,False,False,False,0,file_missing,
s003253,False,False,False,False,False,0,file_missing,
s003254,False,False,False,False,False,0,file_missing,
s003255,False,False,False,False,False,0,file_missing,
s003256,False,False,False,False,False,0,file_missing,
s003257,False,False,False,False,False,0,file_missing,
s003258,False,False,False,False,False,0,file_missing,
s003259,False,False,False,False,False,0,file_missing,
s003260,False,False,False,False,False,0,file_missing,
s003261,False,False,False,False,False,0,file_missing,
s003262,False,False,False,False,False,0,file_missing,
s003263,False,False,False,False,False,0,file_missing,
s003264,False,False,False,False,False,0,file_missing,
s003265,False,False,False,False,False,0,file_missing,
s003266,False,False,False,False,False,0,file_missing,
s003267,False,False,False,False,False,0,file_missing,
s003268,False,False,False,False,False,0,file_missing,
s003269,False,False,False,False,False,0,file_missing,
s003270,False,False,False,False,False,0,file_missing,
s003271,False,False,False,False,False,0,file_missing,
s003272,False,False,False,False,False,0,file_missing,
s003273,False,False,False,False,False,0,file_missing,
s003274,False,False,False,False,False,0,file_missing,
s003275,False,False,False,False,False,0,file_missing,
s003276,False,False,False,False,False,0,file_missing,
s003277,False,False,False,False,False,0,file_missing,
s003278,False,False,False,False,False,0,file_missing,
s003279,False,False,False,False,False,0,file_missing,
s003280,False,False,False,False,False,0,file_missing,
s003281,False,False,False,False,False,0,file_missing,
s003282,False,False,False,False,False,0,file_missing,
s003283,False,False,False,False,False,0,file_missing,
s003284,False,False,False,False,False,0,file_missing,
s003285,False,False,False,False,False,0,file_missing,
s003286,False,False,False,False,False,0,file_missing,
s003287,False,False,False,False,False,0,file_missing,
s003288,False,False,False,False,False,0,file_missing,
s003289,False,False,False,False,False,0,file_missing,
s003290,False,False,False,False,False,0,file_missing,
s003291,False,False,False,False,False,0,file_missing,
s003292,False,False,False,False,False,0,file_missing,
s003293,False,False,False,False,False,0,file_missing,
s003294,False,False,False,False,False,0,file_missing,
s003295,False,False,False,False,False,0,file_missing,
s003296,False,False,False,False,False,0,file_missing,
s003297,False,False,False,False,False,0,file_missing,
s003298,False,False,False,False,False,0,file_missing,
s003299,False,False,False,False,False,0,file_missing,
s003300,False,False,False,False,False,0,file_missing,
s003301,False,False,False,False,False,0,file_missing,
s003302,False,False,False,False,False,0,file_missing,
s003303,False,False,False,False,False,0,file_missing,
s003304,False,False,False,False,False,0,file_missing,
s003305,False,False,False,False,False,0,file_missing,
s003306,False,False,False,False,False,0,file_missing,
s003307,False,False,False,False,False,0,file_missing,
s003308,False,False,False,False,False,0,file_missing,
s003309,False,False,False,False,False,0,file_missing,
s003310,False,False,False,False,False,0,file_missing,
s003311,False,False,False,False,False,0,file_missing,
s003312,False,False,False,False,False,0,file_missing,
s003313,False,False,False,False,False,0,file_missing,
s003314,False,False,False,False,False,0,file_missing,
s003315,False,False,False,False,False,0,file_missing,
s003316,False,False,False,False,False,0,file_missing,
s003317,False,False,False,False,False,0,file_missing,
s003318,False,False,False,False,False,0,file_missing,
s003319,False,False,False,False,False,0,file_missing,
s003320,False,False,False,False,False,0,file_missing,
s003321,False,False,False,False,False,0,file_missing,
s003322,False,False,False,False,False,0,file_missing,
s003323,False,False,False,False,False,0,file_missing,
s003324,False,False,False,False,False,0,file_missing,
s003325,False,False,False,False,False,0,file_missing,
s003326,False,False,False,False,False,0,file_missing,
s003327,False,False,False,False,False,0,file_missing,
s003328,False,False,False,False,False,0,file_missing,
s003329,False,False,False,False,False,0,file_missing,
s003330,False,False,False,False,False,0,file_missing,
s003331,False,False,False,False,False,0,file_missing,
s003332,False,False,False,False,False,0,file_missing,
s003333,False,False,False,False,False,0,file_missing,
s003334,False,False,False,False,False,0,file_missing,
s003335,False,False,False,False,False,0,file_missing,
s003336,False,False,False,False,False,0,file_missing,
s003337,False,False,False,False,False,0,file_missing,
s003338,False,False,False,False,False,0,file_missing,
s003339,False,False,False,False,False,0,file_missing,
s003340,False,False,False,False,False,0,file_missing,
s003341,False,False,False,False,False,0,file_missing,
s003342,False,False,False,False,False,0,file_missing,
s003343,False,False,False,False,False,0,file_missing,
s003344,False,False,False,False,False,0,file_missing,
s003345,False,False,False,False,False,0,file_missing,
s003346,False,False,False,False,False,0,file_missing,
s003347,False,False,False,False,False,0,file_missing,
s003348,False,False,False,False,False,0,file_missing,
s003349,False,False,False,False,False,0,file_missing,
s003350,False,False,False,False,False,0,file_missing,
s003351,False,False,False,False,False,0,file_missing,
s003352,False,False,False,False,False,0,file_missing,
s003353,False,False,False,False,False,0,file_missing,
s003354,False,False,False,False,False,0,file_missing,
s003355,False,False,False,False,False,0,file_missing,
s003356,False,False,False,False,False,0,file_missing,
s003357,False,False,False,False,False,0,file_missing,
s003358,False,False,False,False,False,0,file_missing,
s003359,False,False,False,False,False,0,file_missing,
s003360,False,False,False,False,False,0,file_missing,
s003361,False,False,False,False,False,0,file_missing,
s003362,False,False,False,False,False,0,file_missing,
s003363,False,False,False,False,False,0,file_missing,
s003364,False,False,False,False,False,0,file_missing,
s003365,False,False,False,False,False,0,file_missing,
s003366,False,False,False,False,False,0,file_missing,
s003367,False,False,False,False,False,0,file_missing,
s003368,False,False,False,False,False,0,file_missing,
s003369,False,False,False,False,False,0,file_missing,
s003370,False,False,False,False,False,0,file_missing,
s003371,False,False,False,False,False,0,file_missing,
s003372,False,False,False,False,False,0,file_missing,
s003373,False,False,False,False,False,0,file_missing,
s003374,False,False,False,False,False,0,file_missing,
s003375,False,False,False,False,False,0,file_missing,
s003376,False,False,False,False,False,0,file_missing,
s003377,False,False,False,False,False,0,file_missing,
s003378,False,False,False,False,False,0,file_missing,
s003379,False,False,False,False,False,0,file_missing,
s003380,False,False,False,False,False,0,file_missing,
s003381,False,False,False,False,False,0,file_missing,
s003382,False,False,False,False,False,0,file_missing,
s003383,False,False,False,False,False,0,file_missing,
s003384,False,False,False,False,False,0,file_missing,
s003385,False,False,False,False,False,0,file_missing,
s003386,False,False,False,False,False,0,file_missing,
s003387,False,False,False,False,False,0,file_missing,
s003388,False,False,False,False,False,0,file_missing,
s003389,False,False,False,False,False,0,file_missing,
s003390,False,False,False,False,False,0,file_missing,
s003391,False,False,False,False,False,0,file_missing,
s003392,False,False,False,False,False,0,file_missing,
s003393,False,False,False,False,False,0,file_missing,
s003394,False,False,False,False,False,0,file_missing,
s003395,False,False,False,False,False,0,file_missing,
s003396,False,False,False,False,False,0,file_missing,
s003397,False,False,False,False,False,0,file_missing,
s003398,False,False,False,False,False,0,file_missing,
s003399,False,False,False,False,False,0,file_missing,
s003400,False,False,False,False,False,0,file_missing,
s003401,False,False,False,False,False,0,file_missing,
s003402,False,False,False,False,False,0,file_missing,
s003403,False,False,False,False,False,0,file_missing,
s003404,False,False,False,False,False,0,file_missing,
s003405,False,False,False,False,False,0,file_missing,
s003406,False,False,False,False,False,0,file_missing,
s003407,False,False,False,False,False,0,file_missing,
s003408,False,False,False,False,False,0,file_missing,
s003409,False,False,False,False,False,0,file_missing,
s003410,False,False,False,False,False,0,file_missing,
s003411,False,False,False,False,False,0,file_missing,
s003412,False,False,False,False,False,0,file_missing,
s003413,False,False,False,False,False,0,file_missing,
s003414,False,False,False,False,False,0,file_missing,
s003415,False,False,False,False,False,0,file_missing,
s003416,False,False,False,False,False,0,file_missing,
s003417,False,False,False,False,False,0,file_missing,
s003418,False,False,False,False,False,0,file_missing,
s003419,False,False,False,False,False,0,file_missing,
s003420,False,False,False,False,False,0,file_missing,
s003421,False,False,False,False,False,0,file_missing,
s003422,False,False,False,False,False,0,file_missing,
s003423,False,False,False,False,False,0,file_missing,
s003424,False,False,False,False,False,0,file_missing,
s003425,False,False,False,False,False,0,file_missing,
s003426,False,False,False,False,False,0,file_missing,
s003427,False,False,False,False,False,0,file_missing,
s003428,False,False,False,False,False,0,file_missing,
s003429,False,False,False,False,False,0,file_missing,
s003430,False,False,False,False,False,0,file_missing,
s003431,False,False,False,False,False,0,file_missing,
s003432,False,False,False,False,False,0,file_missing,
s003433,False,False,False,False,False,0,file_missing,
s003434,False,False,False,False,False,0,file_missing,
s003435,False,False,False,False,False,0,file_missing,
s003436,False,False,False,False,False,0,file_missing,
s003437,False,False,False,False,False,0,file_missing,
s003438,False,False,False,False,False,0,file_missing,
s003439,False,False,False,False,False,0,file_missing,
s003440,False,False,False,False,False,0,file_missing,
s003441,False,False,False,False,False,0,file_missing,
s003442,False,False,False,False,False,0,file_missing,
s003443,False,False,False,False,False,0,file_missing,
s003444,False,False,False,False,False,0,file_missing,
s003445,False,False,False,False,False,0,file_missing,
s003446,False,False,False,False,False,0,file_missing,
s003447,False,False,False,False,False,0,file_missing,
s003448,False,False,False,False,False,0,file_missing,
s003449,False,False,False,False,False,0,file_missing,
s003450,False,False,False,False,False,0,file_missing,
s003451,False,False,False,False,False,0,file_missing,
s003452,False,False,False,False,False,0,file_missing,
s003453,False,False,False,False,False,0,file_missing,
s003454,False,False,False,False,False,0,file_missing,
s003455,False,False,False,False,False,0,file_missing,
s003456,False,False,False,False,False,0,file_missing,
s003457,False,False,False,False,False,0,file_missing,
s003458,False,False,False,False,False,0,file_missing,
s003459,False,False,False,False,False,0,file_missing,
s003460,False,False,False,False,False,0,file_missing,
s003461,False,False,False,False,False,0,file_missing,
s003462,False,False,False,False,False,0,file_missing,
s003463,False,False,False,False,False,0,file_missing,
s003464,False,False,False,False,False,0,file_missing,
s003465,False,False,False,False,False,0,file_missing,
s003466,False,False,False,False,False,0,file_missing,
s003467,False,False,False,False,False,0,file_missing,
s003468,False,False,False,False,False,0,file_missing,
s003469,False,False,False,False,False,0,file_missing,
s003470,False,False,False,False,False,0,file_missing,
s003471,False,False,False,False,False,0,file_missing,
s003472,False,False,False,False,False,0,file_missing,
s003473,False,False,False,False,False,0,file_missing,
s003474,False,False,False,False,False,0,file_missing,
s003475,False,False,False,False,False,0,file_missing,
s003476,False,False,False,False,False,0,file_missing,
s003477,False,False,False,False,False,0,file_missing,
s003478,False,False,False,False,False,0,file_missing,
s003479,False,False,False,False,False,0,file_missing,
s003480,False,False,False,False,False,0,file_missing,
s003481,False,False,False,False,False,0,file_missing,
s003482,False,False,False,False,False,0,file_missing,
s003483,False,False,False,False,False,0,file_missing,
s003484,False,False,False,False,False,0,file_missing,
s003485,False,False,False,False,False,0,file_missing,
s003486,False,False,False,False,False,0,file_missing,
s003487,False,False,False,False,False,0,file_missing,
s003488,False,False,False,False,False,0,file_missing,
s003489,False,False,False,False,False,0,file_missing,
s003490,False,False,False,False,False,0,file_missing,
s003491,False,False,False,False,False,0,file_missing,
s003492,False,False,False,False,False,0,file_missing,
s003493,False,False,False,False,False,0,file_missing,
s003494,False,False,False,False,False,0,file_missing,
s003495,False,False,False,False,False,0,file_missing,
s003496,False,False,False,False,False,0,file_missing,
s003497,False,False,False,False,False,0,file_missing,
s003498,False,False,False,False,False,0,file_missing,
s003499,False,False,False,False,False,0,file_missing,
s003500,False,False,False,False,False,0,file_missing,
s003501,False,False,False,False,False,0,file_missing,
s003502,False,False,False,False,False,0,file_missing,
s003503,False,False,False,False,False,0,file_missing,
s003504,False,False,False,False,False,0,file_missing,
s003505,False,False,False,False,False,0,file_missing,
s003506,False,False,False,False,False,0,file_missing,
s003507,False,False,False,False,False,0,file_missing,
s003508,False,False,False,False,False,0,file_missing,
s003509,False,False,False,False,False,0,file_missing,
s003510,False,False,False,False,False,0,file_missing,
s003511,False,False,False,False,False,0,file_missing,
s003512,False,False,False,False,False,0,file_missing,
s003513,False,False,False,False,False,0,file_missing,
s003514,False,False,False,False,False,0,file_missing,
s003515,False,False,False,False,False,0,file_missing,
s003516,False,False,False,False,False,0,file_missing,
s003517,False,False,False,False,False,0,file_missing,
s003518,False,False,False,False,False,0,file_missing,
s003519,False,False,False,False,False,0,file_missing,
s003520,False,False,False,False,False,0,file_missing,
s003521,False,False,False,False,False,0,file_missing,
s003522,False,False,False,False,False,0,file_missing,
s003523,False,False,False,False,False,0,file_missing,
s003524,False,False,False,False,False,0,file_missing,
s003525,False,False,False,False,False,0,file_missing,
s003526,False,False,False,False,False,0,file_missing,
s003527,False,False,False,False,False,0,file_missing,
s003528,False,False,False,False,False,0,file_missing,
s003529,False,False,False,False,False,0,file_missing,
s003530,False,False,False,False,False,0,file_missing,
s003531,False,False,False,False,False,0,file_missing,
s003532,False,False,False,False,False,0,file_missing,
s003533,False,False,False,False,False,0,file_missing,
s003534,False,False,False,False,False,0,file_missing,
s003535,False,False,False,False,False,0,file_missing,
s003536,False,False,False,False,False,0,file_missing,
s003537,False,False,False,False,False,0,file_missing,
s003538,False,False,False,False,False,0,file_missing,
s003539,False,False,False,False,False,0,file_missing,
s003540,False,False,False,False,False,0,file_missing,
s003541,False,False,False,False,False,0,file_missing,
s003542,False,False,False,False,False,0,file_missing,
s003543,False,False,False,False,False,0,file_missing,
s003544,False,False,False,False,False,0,file_missing,
s003545,False,False,False,False,False,0,file_missing,
s003546,False,False,False,False,False,0,file_missing,
s003547,False,False,False,False,False,0,file_missing,
s003548,False,False,False,False,False,0,file_missing,
s003549,False,False,False,False,False,0,file_missing,
s003550,False,False,False,False,False,0,file_missing,
s003551,False,False,False,False,False,0,file_missing,
s003552,False,False,False,False,False,0,file_missing,
s003553,False,False,False,False,False,0,file_missing,
s003554,False,False,False,False,False,0,file_missing,
s003555,False,False,False,False,False,0,file_missing,
s003556,False,False,False,False,False,0,file_missing,
s003557,False,False,False,False,False,0,file_missing,
s003558,False,False,False,False,False,0,file_missing,
s003559,False,False,False,False,False,0,file_missing,
s003560,False,False,False,False,False,0,file_missing,
s003561,False,False,False,False,False,0,file_missing,
s003562,False,False,False,False,False,0,file_missing,
s003563,False,False,False,False,False,0,file_missing,
s003564,False,False,False,False,False,0,file_missing,
s003565,False,False,False,False,False,0,file_missing,
s003566,False,False,False,False,False,0,file_missing,
s003567,False,False,False,False,False,0,file_missing,
s003568,False,False,False,False,False,0,file_missing,
s003569,False,False,False,False,False,0,file_missing,
s003570,False,False,False,False,False,0,file_missing,
s003571,False,False,False,False,False,0,file_missing,
s003572,False,False,False,False,False,0,file_missing,
s003573,False,False,False,False,False,0,file_missing,
s003574,False,False,False,False,False,0,file_missing,
s003575,False,False,False,False,False,0,file_missing,
s003576,False,False,False,False,False,0,file_missing,
s003577,False,False,False,False,False,0,file_missing,
s003578,False,False,False,False,False,0,file_missing,
s003579,False,False,False,False,False,0,file_missing,
s003580,False,False,False,False,False,0,file_missing,
s003581,False,False,False,False,False,0,file_missing,
s003582,False,False,False,False,False,0,file_missing,
s003583,False,False,False,False,False,0,file_missing,
s003584,False,False,False,False,False,0,file_missing,
s003585,False,False,False,False,False,0,file_missing,
s003586,False,False,False,False,False,0,file_missing,
s003587,False,False,False,False,False,0,file_missing,
s003588,False,False,False,False,False,0,file_missing,
s003589,False,False,False,False,False,0,file_missing,
s003590,False,False,False,False,False,0,file_missing,
s003591,False,False,False,False,False,0,file_missing,
s003592,False,False,False,False,False,0,file_missing,
s003593,False,False,False,False,False,0,file_missing,
s003594,False,False,False,False,False,0,file_missing,
s003595,False,False,False,False,False,0,file_missing,
s003596,False,False,False,False,False,0,file_missing,
s003597,False,False,False,False,False,0,file_missing,
s003598,False,False,False,False,False,0,file_missing,
s003599,False,False,False,False,False,0,file_missing,
s003600,False,False,False,False,False,0,file_missing,
s003601,False,False,False,False,False,0,file_missing,
s003602,False,False,False,False,False,0,file_missing,
s003603,False,False,False,False,False,0,file_missing,
s003604,False,False,False,False,False,0,file_missing,
s003605,False,False,False,False,False,0,file_missing,
s003606,False,False,False,False,False,0,file_missing,
s003607,False,False,False,False,False,0,file_missing,
s003608,False,False,False,False,False,0,file_missing,
s003609,False,False,False,False,False,0,file_missing,
s003610,False,False,False,False,False,0,file_missing,
s003611,False,False,False,False,False,0,file_missing,
s003612,False,False,False,False,False,0,file_missing,
s003613,False,False,False,False,False,0,file_missing,
s003614,False,False,False,False,False,0,file_missing,
s003615,False,False,False,False,False,0,file_missing,
s003616,False,False,False,False,False,0,file_missing,
s003617,False,False,False,False,False,0,file_missing,
s003618,False,False,False,False,False,0,file_missing,
s003619,False,False,False,False,False,0,file_missing,
s003620,False,False,False,False,False,0,file_missing,
s003621,False,False,False,False,False,0,file_missing,
s003622,False,False,False,False,False,0,file_missing,
s003623,False,False,False,False,False,0,file_missing,
s003624,False,False,False,False,False,0,file_missing,
s003625,False,False,False,False,False,0,file_missing,
s003626,False,False,False,False,False,0,file_missing,
s003627,False,False,False,False,False,0,file_missing,
s003628,False,False,False,False,False,0,file_missing,
s003629,False,False,False,False,False,0,file_missing,
s003630,False,False,False,False,False,0,file_missing,
s003631,False,False,False,False,False,0,file_missing,
s003632,False,False,False,False,False,0,file_missing,
s003633,False,False,False,False,False,0,file_missing,
s003634,False,False,False,False,False,0,file_missing,
s003635,False,False,False,False,False,0,file_missing,
s003636,False,False,False,False,False,0,file_missing,
s003637,False,False,False,False,False,0,file_missing,
s003638,False,False,False,False,False,0,file_missing,
s003639,False,False,False,False,False,0,file_missing,
s003640,False,False,False,False,False,0,file_missing,
s003641,False,False,False,False,False,0,file_missing,
s003642,False,False,False,False,False,0,file_missing,
s003643,False,False,False,False,False,0,file_missing,
s003644,False,False,False,False,False,0,file_missing,
s003645,False,False,False,False,False,0,file_missing,
s003646,False,False,False,False,False,0,file_missing,
s003647,False,False,False,False,False,0,file_missing,
s003648,False,False,False,False,False,0,file_missing,
s003649,False,False,False,False,False,0,file_missing,
s003650,False,False,False,False,False,0,file_missing,
s003651,False,False,False,False,False,0,file_missing,
s003652,False,False,False,False,False,0,file_missing,
s003653,False,False,False,False,False,0,file_missing,
s003654,False,False,False,False,False,0,file_missing,
s003655,False,False,False,False,False,0,file_missing,
s003656,False,False,False,False,False,0,file_missing,
s003657,False,False,False,False,False,0,file_missing,
s003658,False,False,False,False,False,0,file_missing,
s003659,False,False,False,False,False,0,file_missing,
s003660,False,False,False,False,False,0,file_missing,
s003661,False,False,False,False,False,0,file_missing,
s003662,False,False,False,False,False,0,file_missing,
s003663,False,False,False,False,False,0,file_missing,
s003664,False,False,False,False,False,0,file_missing,
s003665,False,False,False,False,False,0,file_missing,
s003666,False,False,False,False,False,0,file_missing,
s003667,False,False,False,False,False,0,file_missing,
s003668,False,False,False,False,False,0,file_missing,
s003669,False,False,False,False,False,0,file_missing,
s003670,False,False,False,False,False,0,file_missing,
s003671,False,False,False,False,False,0,file_missing,
s003672,False,False,False,False,False,0,file_missing,
s003673,False,False,False,False,False,0,file_missing,
s003674,False,False,False,False,False,0,file_missing,
s003675,False,False,False,False,False,0,file_missing,
s003676,False,False,False,False,False,0,file_missing,
s003677,False,False,False,False,False,0,file_missing,
s003678,False,False,False,False,False,0,file_missing,
s003679,False,False,False,False,False,0,file_missing,
s003680,False,False,False,False,False,0,file_missing,
s003681,False,False,False,False,False,0,file_missing,
s003682,False,False,False,False,False,0,file_missing,
s003683,False,False,False,False,False,0,file_missing,
s003684,False,False,False,False,False,0,file_missing,
s003685,False,False,False,False,False,0,file_missing,
s003686,False,False,False,False,False,0,file_missing,
s003687,False,False,False,False,False,0,file_missing,
s003688,False,False,False,False,False,0,file_missing,
s003689,False,False,False,False,False,0,file_missing,
s003690,False,False,False,False,False,0,file_missing,
s003691,False,False,False,False,False,0,file_missing,
s003692,False,False,False,False,False,0,file_missing,
s003693,False,False,False,False,False,0,file_missing,
s003694,False,False,False,False,False,0,file_missing,
s003695,False,False,False,False,False,0,file_missing,
s003696,False,False,False,False,False,0,file_missing,
s003697,False,False,False,False,False,0,file_missing,
s003698,False,False,False,False,False,0,file_missing,
s003699,False,False,False,False,False,0,file_missing,
s003700,False,False,False,False,False,0,file_missing,
s003701,False,False,False,False,False,0,file_missing,
s003702,False,False,False,False,False,0,file_missing,
s003703,False,False,False,False,False,0,file_missing,
s003704,False,False,False,False,False,0,file_missing,
s003705,False,False,False,False,False,0,file_missing,
s003706,False,False,False,False,False,0,file_missing,
s003707,False,False,False,False,False,0,file_missing,
s003708,False,False,False,False,False,0,file_missing,
s003709,False,False,False,False,False,0,file_missing,
s003710,False,False,False,False,False,0,file_missing,
s003711,False,False,False,False,False,0,file_missing,
s003712,False,False,False,False,False,0,file_missing,
s003713,False,False,False,False,False,0,file_missing,
s003714,False,False,False,False,False,0,file_missing,
s003715,False,False,False,False,False,0,file_missing,
s003716,False,False,False,False,False,0,file_missing,
s003717,False,False,False,False,False,0,file_missing,
s003718,False,False,False,False,False,0,file_missing,
s003719,False,False,False,False,False,0,file_missing,
s003720,False,False,False,False,False,0,file_missing,
s003721,False,False,False,False,False,0,file_missing,
s003722,False,False,False,False,False,0,file_missing,
s003723,False,False,False,False,False,0,file_missing,
s003724,False,False,False,False,False,0,file_missing,
s003725,False,False,False,False,False,0,file_missing,
s003726,False,False,False,False,False,0,file_missing,
s003727,False,False,False,False,False,0,file_missing,
s003728,False,False,False,False,False,0,file_missing,
s003729,False,False,False,False,False,0,file_missing,
s003730,False,False,False,False,False,0,file_missing,
s003731,False,False,False,False,False,0,file_missing,
s003732,False,False,False,False,False,0,file_missing,
s003733,False,False,False,False,False,0,file_missing,
s003734,False,False,False,False,False,0,file_missing,
s003735,False,False,False,False,False,0,file_missing,
s003736,False,False,False,False,False,0,file_missing,
s003737,False,False,False,False,False,0,file_missing,
s003738,False,False,False,False,False,0,file_missing,
s003739,False,False,False,False,False,0,file_missing,
s003740,False,False,False,False,False,0,file_missing,
s003741,False,False,False,False,False,0,file_missing,
s003742,False,False,False,False,False,0,file_missing,
s003743,False,False,False,False,False,0,file_missing,
s003744,False,False,False,False,False,0,file_missing,
s003745,False,False,False,False,False,0,file_missing,
s003746,False,False,False,False,False,0,file_missing,
s003747,False,False,False,False,False,0,file_missing,
s003748,False,False,False,False,False,0,file_missing,
s003749,False,False,False,False,False,0,file_missing,
s003750,False,False,False,False,False,0,file_missing,
s003751,False,False,False,False,False,0,file_missing,
s003752,False,False,False,False,False,0,file_missing,
s003753,False,False,False,False,False,0,file_missing,
s003754,False,False,False,False,False,0,file_missing,
s003755,False,False,False,False,False,0,file_missing,
s003756,False,False,False,False,False,0,file_missing,
s003757,False,False,False,False,False,0,file_missing,
s003758,False,False,False,False,False,0,file_missing,
s003759,False,False,False,False,False,0,file_missing,
s003760,False,False,False,False,False,0,file_missing,
s003761,False,False,False,False,False,0,file_missing,
s003762,False,False,False,False,False,0,file_missing,
s003763,False,False,False,False,False,0,file_missing,
s003764,False,False,False,False,False,0,file_missing,
s003765,False,False,False,False,False,0,file_missing,
s003766,False,False,False,False,False,0,file_missing,
s003767,False,False,False,False,False,0,file_missing,
s003768,False,False,False,False,False,0,file_missing,
s003769,False,False,False,False,False,0,file_missing,
s003770,False,False,False,False,False,0,file_missing,
s003771,False,False,False,False,False,0,file_missing,
s003772,False,False,False,False,False,0,file_missing,
s003773,False,False,False,False,False,0,file_missing,
s003774,False,False,False,False,False,0,file_missing,
s003775,False,False,False,False,False,0,file_missing,
s003776,False,False,False,False,False,0,file_missing,
s003777,False,False,False,False,False,0,file_missing,
s003778,False,False,False,False,False,0,file_missing,
s003779,False,False,False,False,False,0,file_missing,
s003780,False,False,False,False,False,0,file_missing,
s003781,False,False,False,False,False,0,file_missing,
s003782,False,False,False,False,False,0,file_missing,
s003783,False,False,False,False,False,0,file_missing,
s003784,False,False,False,False,False,0,file_missing,
s003785,False,False,False,False,False,0,file_missing,
s003786,False,False,False,False,False,0,file_missing,
s003787,False,False,False,False,False,0,file_missing,
s003788,False,False,False,False,False,0,file_missing,
s003789,False,False,False,False,False,0,file_missing,
s003790,False,False,False,False,False,0,file_missing,
s003791,False,False,False,False,False,0,file_missing,
s003792,False,False,False,False,False,0,file_missing,
s003793,False,False,False,False,False,0,file_missing,
s003794,False,False,False,False,False,0,file_missing,
s003795,False,False,False,False,False,0,file_missing,
s003796,False,False,False,False,False,0,file_missing,
s003797,False,False,False,False,False,0,file_missing,
s003798,False,False,False,False,False,0,file_missing,
s003799,False,False,False,False,False,0,file_missing,
s003800,False,False,False,False,False,0,file_missing,
s003801,False,False,False,False,False,0,file_missing,
s003802,False,False,False,False,False,0,file_missing,
s003803,False,False,False,False,False,0,file_missing,
s003804,False,False,False,False,False,0,file_missing,
s003805,False,False,False,False,False,0,file_missing,
s003806,False,False,False,False,False,0,file_missing,
s003807,False,False,False,False,False,0,file_missing,
s003808,False,False,False,False,False,0,file_missing,
s003809,False,False,False,False,False,0,file_missing,
s003810,False,False,False,False,False,0,file_missing,
s003811,False,False,False,False,False,0,file_missing,
s003812,False,False,False,False,False,0,file_missing,
s003813,False,False,False,False,False,0,file_missing,
s003814,False,False,False,False,False,0,file_missing,
s003815,False,False,False,False,False,0,file_missing,
s003816,False,False,False,False,False,0,file_missing,
s003817,False,False,False,False,False,0,file_missing,
s003818,False,False,False,False,False,0,file_missing,
s003819,False,False,False,False,False,0,file_missing,
s003820,False,False,False,False,False,0,file_missing,
s003821,False,False,False,False,False,0,file_missing,
s003822,False,False,False,False,False,0,file_missing,
s003823,False,False,False,False,False,0,file_missing,
s003824,False,False,False,False,False,0,file_missing,
s003825,False,False,False,False,False,0,file_missing,
s003826,False,False,False,False,False,0,file_missing,
s003827,False,False,False,False,False,0,file_missing,
s003828,False,False,False,False,False,0,file_missing,
s003829,False,False,False,False,False,0,file_missing,
s003830,False,False,False,False,False,0,file_missing,
s003831,False,False,False,False,False,0,file_missing,
s003832,False,False,False,False,False,0,file_missing,
s003833,False,False,False,False,False,0,file_missing,
s003834,False,False,False,False,False,0,file_missing,
s003835,False,False,False,False,False,0,file_missing,
s003836,False,False,False,False,False,0,file_missing,
s003837,False,False,False,False,False,0,file_missing,
s003838,False,False,False,False,False,0,file_missing,
s003839,False,False,False,False,False,0,file_missing,
s003840,False,False,False,False,False,0,file_missing,
s003841,False,False,False,False,False,0,file_missing,
s003842,False,False,False,False,False,0,file_missing,
s003843,False,False,False,False,False,0,file_missing,
s003844,False,False,False,False,False,0,file_missing,
s003845,False,False,False,False,False,0,file_missing,
s003846,False,False,False,False,False,0,file_missing,
s003847,False,False,False,False,False,0,file_missing,
s003848,False,False,False,False,False,0,file_missing,
s003849,False,False,False,False,False,0,file_missing,
s003850,False,False,False,False,False,0,file_missing,
s003851,False,False,False,False,False,0,file_missing,
s003852,False,False,False,False,False,0,file_missing,
s003853,False,False,False,False,False,0,file_missing,
s003854,False,False,False,False,False,0,file_missing,
s003855,False,False,False,False,False,0,file_missing,
s003856,False,False,False,False,False,0,file_missing,
s003857,False,False,False,False,False,0,file_missing,
s003858,False,False,False,False,False,0,file_missing,
s003859,False,False,False,False,False,0,file_missing,
s003860,False,False,False,False,False,0,file_missing,
s003861,False,False,False,False,False,0,file_missing,
s003862,False,False,False,False,False,0,file_missing,
s003863,False,False,False,False,False,0,file_missing,
s003864,False,False,False,False,False,0,file_missing,
s003865,False,False,False,False,False,0,file_missing,
s003866,False,False,False,False,False,0,file_missing,
s003867,False,False,False,False,False,0,file_missing,
s003868,False,False,False,False,False,0,file_missing,
s003869,False,False,False,False,False,0,file_missing,
s003870,False,False,False,False,False,0,file_missing,
s003871,False,False,False,False,False,0,file_missing,
s003872,False,False,False,False,False,0,file_missing,
s003873,False,False,False,False,False,0,file_missing,
s003874,False,False,False,False,False,0,file_missing,
s003875,False,False,False,False,False,0,file_missing,
s003876,False,False,False,False,False,0,file_missing,
s003877,False,False,False,False,False,0,file_missing,
s003878,False,False,False,False,False,0,file_missing,
s003879,False,False,False,False,False,0,file_missing,
s003880,False,False,False,False,False,0,file_missing,
s003881,False,False,False,False,False,0,file_missing,
s003882,False,False,False,False,False,0,file_missing,
s003883,False,False,False,False,False,0,file_missing,
s003884,False,False,False,False,False,0,file_missing,
s003885,False,False,False,False,False,0,file_missing,
s003886,False,False,False,False,False,0,file_missing,
s003887,False,False,False,False,False,0,file_missing,
s003888,False,False,False,False,False,0,file_missing,
s003889,False,False,False,False,False,0,file_missing,
s003890,False,False,False,False,False,0,file_missing,
s003891,False,False,False,False,False,0,file_missing,
s003892,False,False,False,False,False,0,file_missing,
s003893,False,False,False,False,False,0,file_missing,
s003894,False,False,False,False,False,0,file_missing,
s003895,False,False,False,False,False,0,file_missing,
s003896,False,False,False,False,False,0,file_missing,
s003897,False,False,False,False,False,0,file_missing,
s003898,False,False,False,False,False,0,file_missing,
s003899,False,False,False,False,False,0,file_missing,
s003900,False,False,False,False,False,0,file_missing,
s003901,False,False,False,False,False,0,file_missing,
s003902,False,False,False,False,False,0,file_missing,
s003903,False,False,False,False,False,0,file_missing,
s003904,False,False,False,False,False,0,file_missing,
s003905,False,False,False,False,False,0,file_missing,
s003906,False,False,False,False,False,0,file_missing,
s003907,False,False,False,False,False,0,file_missing,
s003908,False,False,False,False,False,0,file_missing,
s003909,False,False,False,False,False,0,file_missing,
s003910,False,False,False,False,False,0,file_missing,
s003911,False,False,False,False,False,0,file_missing,
s003912,False,False,False,False,False,0,file_missing,
s003913,False,False,False,False,False,0,file_missing,
s003914,False,False,False,False,False,0,file_missing,
s003915,False,False,False,False,False,0,file_missing,
s003916,False,False,False,False,False,0,file_missing,
s003917,False,False,False,False,False,0,file_missing,
s003918,False,False,False,False,False,0,file_missing,
s003919,False,False,False,False,False,0,file_missing,
s003920,False,False,False,False,False,0,file_missing,
s003921,False,False,False,False,False,0,file_missing,
s003922,False,False,False,False,False,0,file_missing,
s003923,False,False,False,False,False,0,file_missing,
s003924,False,False,False,False,False,0,file_missing,
s003925,False,False,False,False,False,0,file_missing,
s003926,False,False,False,False,False,0,file_missing,
s003927,False,False,False,False,False,0,file_missing,
s003928,False,False,False,False,False,0,file_missing,
s003929,False,False,False,False,False,0,file_missing,
s003930,False,False,False,False,False,0,file_missing,
s003931,False,False,False,False,False,0,file_missing,
s003932,False,False,False,False,False,0,file_missing,
s003933,False,False,False,False,False,0,file_missing,
s003934,False,False,False,False,False,0,file_missing,
s003935,False,False,False,False,False,0,file_missing,
s003936,False,False,False,False,False,0,file_missing,
s003937,False,False,False,False,False,0,file_missing,
s003938,False,False,False,False,False,0,file_missing,
s003939,False,False,False,False,False,0,file_missing,
s003940,False,False,False,False,False,0,file_missing,
s003941,False,False,False,False,False,0,file_missing,
s003942,False,False,False,False,False,0,file_missing,
s003943,False,False,False,False,False,0,file_missing,
s003944,False,False,False,False,False,0,file_missing,
s003945,False,False,False,False,False,0,file_missing,
s003946,False,False,False,False,False,0,file_missing,
s003947,False,False,False,False,False,0,file_missing,
s003948,False,False,False,False,False,0,file_missing,
s003949,False,False,False,False,False,0,file_missing,
s003950,False,False,False,False,False,0,file_missing,
s003951,False,False,False,False,False,0,file_missing,
s003952,False,False,False,False,False,0,file_missing,
s003953,False,False,False,False,False,0,file_missing,
s003954,False,False,False,False,False,0,file_missing,
s003955,False,False,False,False,False,0,file_missing,
s003956,False,False,False,False,False,0,file_missing,
s003957,False,False,False,False,False,0,file_missing,
s003958,False,False,False,False,False,0,file_missing,
s003959,False,False,False,False,False,0,file_missing,
s003960,False,False,False,False,False,0,file_missing,
s003961,False,False,False,False,False,0,file_missing,
s003962,False,False,False,False,False,0,file_missing,
s003963,False,False,False,False,False,0,file_missing,
s003964,False,False,False,False,False,0,file_missing,
s003965,False,False,False,False,False,0,file_missing,
s003966,False,False,False,False,False,0,file_missing,
s003967,False,False,False,False,False,0,file_missing,
s003968,False,False,False,False,False,0,file_missing,
s003969,False,False,False,False,False,0,file_missing,
s003970,False,False,False,False,False,0,file_missing,
s003971,False,False,False,False,False,0,file_missing,
s003972,False,False,False,False,False,0,file_missing,
s003973,False,False,False,False,False,0,file_missing,
s003974,False,False,False,False,False,0,file_missing,
s003975,False,False,False,False,False,0,file_missing,
s003976,False,False,False,False,False,0,file_missing,
s003977,False,False,False,False,False,0,file_missing,
s003978,False,False,False,False,False,0,file_missing,
s003979,False,False,False,False,False,0,file_missing,
s003980,False,False,False,False,False,0,file_missing,
s003981,False,False,False,False,False,0,file_missing,
s003982,False,False,False,False,False,0,file_missing,
s003983,False,False,False,False,False,0,file_missing,
s003984,False,False,False,False,False,0,file_missing,
s003985,False,False,False,False,False,0,file_missing,
s003986,False,False,False,False,False,0,file_missing,
s003987,False,False,False,False,False,0,file_missing,
s003988,False,False,False,False,False,0,file_missing,
s003989,False,False,False,False,False,0,file_missing,
s003990,False,False,False,False,False,0,file_missing,
s003991,False,False,False,False,False,0,file_missing,
s003992,False,False,False,False,False,0,file_missing,
s003993,False,False,False,False,False,0,file_missing,
s003994,False,False,False,False,False,0,file_missing,
s003995,False,False,False,False,False,0,file_missing,
s003996,False,False,False,False,False,0,file_missing,
s003997,False,False,False,False,False,0,file_missing,
s003998,False,False,False,False,False,0,file_missing,
s003999,False,False,False,False,False,0,file_missing,
s004000,False,False,False,False,False,0,file_missing,
s004001,False,False,False,False,False,0,file_missing,
s004002,False,False,False,False,False,0,file_missing,
s004003,False,False,False,False,False,0,file_missing,
s004004,False,False,False,False,False,0,file_missing,
s004005,False,False,False,False,False,0,file_missing,
s004006,False,False,False,False,False,0,file_missing,
s004007,False,False,False,False,False,0,file_missing,
s004008,False,False,False,False,False,0,file_missing,
s004009,False,False,False,False,False,0,file_missing,
s004010,False,False,False,False,False,0,file_missing,
s004011,False,False,False,False,False,0,file_missing,
s004012,False,False,False,False,False,0,file_missing,
s004013,False,False,False,False,False,0,file_missing,
s004014,False,False,False,False,False,0,file_missing,
s004015,False,False,False,False,False,0,file_missing,
s004016,False,False,False,False,False,0,file_missing,
s004017,False,False,False,False,False,0,file_missing,
s004018,False,False,False,False,False,0,file_missing,
s004019,False,False,False,False,False,0,file_missing,
s004020,False,False,False,False,False,0,file_missing,
s004021,False,False,False,False,False,0,file_missing,
s004022,False,False,False,False,False,0,file_missing,
s004023,False,False,False,False,False,0,file_missing,
s004024,False,False,False,False,False,0,file_missing,
s004025,False,False,False,False,False,0,file_missing,
s004026,False,False,False,False,False,0,file_missing,
s004027,False,False,False,False,False,0,file_missing,
s004028,False,False,False,False,False,0,file_missing,
s004029,False,False,False,False,False,0,file_missing,
s004030,False,False,False,False,False,0,file_missing,
s004031,False,False,False,False,False,0,file_missing,
s004032,False,False,False,False,False,0,file_missing,
s004033,False,False,False,False,False,0,file_missing,
s004034,False,False,False,False,False,0,file_missing,
s004035,False,False,False,False,False,0,file_missing,
s004036,False,False,False,False,False,0,file_missing,
s004037,False,False,False,False,False,0,file_missing,
s004038,False,False,False,False,False,0,file_missing,
s004039,False,False,False,False,False,0,file_missing,
s004040,False,False,False,False,False,0,file_missing,
s004041,False,False,False,False,False,0,file_missing,
s004042,False,False,False,False,False,0,file_missing,
s004043,False,False,False,False,False,0,file_missing,
s004044,False,False,False,False,False,0,file_missing,
s004045,False,False,False,False,False,0,file_missing,
s004046,False,False,False,False,False,0,file_missing,
s004047,False,False,False,False,False,0,file_missing,
s004048,False,False,False,False,False,0,file_missing,
s004049,False,False,False,False,False,0,file_missing,
s004050,False,False,False,False,False,0,file_missing,
s004051,False,False,False,False,False,0,file_missing,
s004052,False,False,False,False,False,0,file_missing,
s004053,False,False,False,False,False,0,file_missing,
s004054,False,False,False,False,False,0,file_missing,
s004055,False,False,False,False,False,0,file_missing,
s004056,False,False,False,False,False,0,file_missing,
s004057,False,False,False,False,False,0,file_missing,
s004058,False,False,False,False,False,0,file_missing,
s004059,False,False,False,False,False,0,file_missing,
s004060,False,False,False,False,False,0,file_missing,
s004061,False,False,False,False,False,0,file_missing,
s004062,False,False,False,False,False,0,file_missing,
s004063,False,False,False,False,False,0,file_missing,
s004064,False,False,False,False,False,0,file_missing,
s004065,False,False,False,False,False,0,file_missing,
s004066,False,False,False,False,False,0,file_missing,
s004067,False,False,False,False,False,0,file_missing,
s004068,False,False,False,False,False,0,file_missing,
s004069,False,False,False,False,False,0,file_missing,
s004070,False,False,False,False,False,0,file_missing,
s004071,False,False,False,False,False,0,file_missing,
s004072,False,False,False,False,False,0,file_missing,
s004073,False,False,False,False,False,0,file_missing,
s004074,False,False,False,False,False,0,file_missing,
s004075,False,False,False,False,False,0,file_missing,
s004076,False,False,False,False,False,0,file_missing,
s004077,False,False,False,False,False,0,file_missing,
s004078,False,False,False,False,False,0,file_missing,
s004079,False,False,False,False,False,0,file_missing,
s004080,False,False,False,False,False,0,file_missing,
s004081,False,False,False,False,False,0,file_missing,
s004082,False,False,False,False,False,0,file_missing,
s004083,False,False,False,False,False,0,file_missing,
s004084,False,False,False,False,False,0,file_missing,
s004085,False,False,False,False,False,0,file_missing,
s004086,False,False,False,False,False,0,file_missing,
s004087,False,False,False,False,False,0,file_missing,
s004088,False,False,False,False,False,0,file_missing,
s004089,False,False,False,False,False,0,file_missing,
s004090,False,False,False,False,False,0,file_missing,
s004091,False,False,False,False,False,0,file_missing,
s004092,False,False,False,False,False,0,file_missing,
s004093,False,False,False,False,False,0,file_missing,
s004094,False,False,False,False,False,0,file_missing,
s004095,False,False,False,False,False,0,file_missing,
s004096,False,False,False,False,False,0,file_missing,
s004097,False,False,False,False,False,0,file_missing,
s004098,False,False,False,False,False,0,file_missing,
s004099,False,False,False,False,False,0,file_missing,
s004100,False,False,False,False,False,0,file_missing,
s004101,False,False,False,False,False,0,file_missing,
s004102,False,False,False,False,False,0,file_missing,
s004103,False,False,False,False,False,0,file_missing,
s004104,False,False,False,False,False,0,file_missing,
s004105,False,False,False,False,False,0,file_missing,
s004106,False,False,False,False,False,0,file_missing,
s004107,False,False,False,False,False,0,file_missing,
s004108,False,False,False,False,False,0,file_missing,
s004109,False,False,False,False,False,0,file_missing,
s004110,False,False,False,False,False,0,file_missing,
s004111,False,False,False,False,False,0,file_missing,
s004112,False,False,False,False,False,0,file_missing,
s004113,False,False,False,False,False,0,file_missing,
s004114,False,False,False,False,False,0,file_missing,
s004115,False,False,False,False,False,0,file_missing,
s004116,False,False,False,False,False,0,file_missing,
s004117,False,False,False,False,False,0,file_missing,
s004118,False,False,False,False,False,0,file_missing,
s004119,False,False,False,False,False,0,file_missing,
s004120,False,False,False,False,False,0,file_missing,
s004121,False,False,False,False,False,0,file_missing,
s004122,False,False,False,False,False,0,file_missing,
s004123,False,False,False,False,False,0,file_missing,
s004124,False,False,False,False,False,0,file_missing,
s004125,False,False,False,False,False,0,file_missing,
s004126,False,False,False,False,False,0,file_missing,
s004127,False,False,False,False,False,0,file_missing,
s004128,False,False,False,False,False,0,file_missing,
s004129,False,False,False,False,False,0,file_missing,
s004130,False,False,False,False,False,0,file_missing,
s004131,False,False,False,False,False,0,file_missing,
s004132,False,False,False,False,False,0,file_missing,
s004133,False,False,False,False,False,0,file_missing,
s004134,False,False,False,False,False,0,file_missing,
s004135,False,False,False,False,False,0,file_missing,
s004136,False,False,False,False,False,0,file_missing,
s004137,False,False,False,False,False,0,file_missing,
s004138,False,False,False,False,False,0,file_missing,
s004139,False,False,False,False,False,0,file_missing,
s004140,False,False,False,False,False,0,file_missing,
s004141,False,False,False,False,False,0,file_missing,
s004142,False,False,False,False,False,0,file_missing,
s004143,False,False,False,False,False,0,file_missing,
s004144,False,False,False,False,False,0,file_missing,
s004145,False,False,False,False,False,0,file_missing,
s004146,False,False,False,False,False,0,file_missing,
s004147,False,False,False,False,False,0,file_missing,
s004148,False,False,False,False,False,0,file_missing,
s004149,False,False,False,False,False,0,file_missing,
s004150,False,False,False,False,False,0,file_missing,
s004151,False,False,False,False,False,0,file_missing,
s004152,False,False,False,False,False,0,file_missing,
s004153,False,False,False,False,False,0,file_missing,
s004154,False,False,False,False,False,0,file_missing,
s004155,False,False,False,False,False,0,file_missing,
s004156,False,False,False,False,False,0,file_missing,
s004157,False,False,False,False,False,0,file_missing,
s004158,False,False,False,False,False,0,file_missing,
s004159,False,False,False,False,False,0,file_missing,
s004160,False,False,False,False,False,0,file_missing,
s004161,False,False,False,False,False,0,file_missing,
s004162,False,False,False,False,False,0,file_missing,
s004163,False,False,False,False,False,0,file_missing,
s004164,False,False,False,False,False,0,file_missing,
s004165,False,False,False,False,False,0,file_missing,
s004166,False,False,False,False,False,0,file_missing,
s004167,False,False,False,False,False,0,file_missing,
s004168,False,False,False,False,False,0,file_missing,
s004169,False,False,False,False,False,0,file_missing,
s004170,False,False,False,False,False,0,file_missing,
s004171,False,False,False,False,False,0,file_missing,
s004172,False,False,False,False,False,0,file_missing,
s004173,False,False,False,False,False,0,file_missing,
s004174,False,False,False,False,False,0,file_missing,
s004175,False,False,False,False,False,0,file_missing,
s004176,False,False,False,False,False,0,file_missing,
s004177,False,False,False,False,False,0,file_missing,
s004178,False,False,False,False,False,0,file_missing,
s004179,False,False,False,False,False,0,file_missing,
s004180,False,False,False,False,False,0,file_missing,
s004181,False,False,False,False,False,0,file_missing,
s004182,False,False,False,False,False,0,file_missing,
s004183,False,False,False,False,False,0,file_missing,
s004184,False,False,False,False,False,0,file_missing,
s004185,False,False,False,False,False,0,file_missing,
s004186,False,False,False,False,False,0,file_missing,
s004187,False,False,False,False,False,0,file_missing,
s004188,False,False,False,False,False,0,file_missing,
s004189,False,False,False,False,False,0,file_missing,
s004190,False,False,False,False,False,0,file_missing,
s004191,False,False,False,False,False,0,file_missing,
s004192,False,False,False,False,False,0,file_missing,
s004193,False,False,False,False,False,0,file_missing,
s004194,False,False,False,False,False,0,file_missing,
s004195,False,False,False,False,False,0,file_missing,
s004196,False,False,False,False,False,0,file_missing,
s004197,False,False,False,False,False,0,file_missing,
s004198,False,False,False,False,False,0,file_missing,
s004199,False,False,False,False,False,0,file_missing,
s004200,False,False,False,False,False,0,file_missing,
s004201,False,False,False,False,False,0,file_missing,
s004202,False,False,False,False,False,0,file_missing,
s004203,False,False,False,False,False,0,file_missing,
s004204,False,False,False,False,False,0,file_missing,
s004205,False,False,False,False,False,0,file_missing,
s004206,False,False,False,False,False,0,file_missing,
s004207,False,False,False,False,False,0,file_missing,
s004208,False,False,False,False,False,0,file_missing,
s004209,False,False,False,False,False,0,file_missing,
s004210,False,False,False,False,False,0,file_missing,
s004211,False,False,False,False,False,0,file_missing,
s004212,False,False,False,False,False,0,file_missing,
s004213,False,False,False,False,False,0,file_missing,
s004214,False,False,False,False,False,0,file_missing,
s004215,False,False,False,False,False,0,file_missing,
s004216,False,False,False,False,False,0,file_missing,
s004217,False,False,False,False,False,0,file_missing,
s004218,False,False,False,False,False,0,file_missing,
s004219,False,False,False,False,False,0,file_missing,
s004220,False,False,False,False,False,0,file_missing,
s004221,False,False,False,False,False,0,file_missing,
s004222,False,False,False,False,False,0,file_missing,
s004223,False,False,False,False,False,0,file_missing,
s004224,False,False,False,False,False,0,file_missing,
s004225,False,False,False,False,False,0,file_missing,
s004226,False,False,False,False,False,0,file_missing,
s004227,False,False,False,False,False,0,file_missing,
s004228,False,False,False,False,False,0,file_missing,
s004229,False,False,False,False,False,0,file_missing,
s004230,False,False,False,False,False,0,file_missing,
s004231,False,False,False,False,False,0,file_missing,
s004232,False,False,False,False,False,0,file_missing,
s004233,False,False,False,False,False,0,file_missing,
s004234,False,False,False,False,False,0,file_missing,
s004235,False,False,False,False,False,0,file_missing,
s004236,False,False,False,False,False,0,file_missing,
s004237,False,False,False,False,False,0,file_missing,
s004238,False,False,False,False,False,0,file_missing,
s004239,False,False,False,False,False,0,file_missing,
s004240,False,False,False,False,False,0,file_missing,
s004241,False,False,False,False,False,0,file_missing,
s004242,False,False,False,False,False,0,file_missing,
s004243,False,False,False,False,False,0,file_missing,
s004244,False,False,False,False,False,0,file_missing,
s004245,False,False,False,False,False,0,file_missing,
s004246,False,False,False,False,False,0,file_missing,
s004247,False,False,False,False,False,0,file_missing,
s004248,False,False,False,False,False,0,file_missing,
s004249,False,False,False,False,False,0,file_missing,
s004250,False,False,False,False,False,0,file_missing,
s004251,False,False,False,False,False,0,file_missing,
s004252,False,False,False,False,False,0,file_missing,
s004253,False,False,False,False,False,0,file_missing,
s004254,False,False,False,False,False,0,file_missing,
s004255,False,False,False,False,False,0,file_missing,
s004256,False,False,False,False,False,0,file_missing,
s004257,False,False,False,False,False,0,file_missing,
s004258,False,False,False,False,False,0,file_missing,
s004259,False,False,False,False,False,0,file_missing,
s004260,False,False,False,False,False,0,file_missing,
s004261,False,False,False,False,False,0,file_missing,
s004262,False,False,False,False,False,0,file_missing,
s004263,False,False,False,False,False,0,file_missing,
s004264,False,False,False,False,False,0,file_missing,
s004265,False,False,False,False,False,0,file_missing,
s004266,False,False,False,False,False,0,file_missing,
s004267,False,False,False,False,False,0,file_missing,
s004268,False,False,False,False,False,0,file_missing,
s004269,False,False,False,False,False,0,file_missing,
s004270,False,False,False,False,False,0,file_missing,
s004271,False,False,False,False,False,0,file_missing,
s004272,False,False,False,False,False,0,file_missing,
s004273,False,False,False,False,False,0,file_missing,
s004274,False,False,False,False,False,0,file_missing,
s004275,False,False,False,False,False,0,file_missing,
s004276,False,False,False,False,False,0,file_missing,
s004277,False,False,False,False,False,0,file_missing,
s004278,False,False,False,False,False,0,file_missing,
s004279,False,False,False,False,False,0,file_missing,
s004280,False,False,False,False,False,0,file_missing,
s004281,False,False,False,False,False,0,file_missing,
s004282,False,False,False,False,False,0,file_missing,
s004283,False,False,False,False,False,0,file_missing,
s004284,False,False,False,False,False,0,file_missing,
s004285,False,False,False,False,False,0,file_missing,
s004286,False,False,False,False,False,0,file_missing,
s004287,False,False,False,False,False,0,file_missing,
s004288,False,False,False,False,False,0,file_missing,
s004289,False,False,False,False,False,0,file_missing,
s004290,False,False,False,False,False,0,file_missing,
s004291,False,False,False,False,False,0,file_missing,
s004292,False,False,False,False,False,0,file_missing,
s004293,False,False,False,False,False,0,file_missing,
s004294,False,False,False,False,False,0,file_missing,
s004295,False,False,False,False,False,0,file_missing,
s004296,False,False,False,False,False,0,file_missing,
s004297,False,False,False,False,False,0,file_missing,
s004298,False,False,False,False,False,0,file_missing,
s004299,False,False,False,False,False,0,file_missing,
s004300,False,False,False,False,False,0,file_missing,
s004301,False,False,False,False,False,0,file_missing,
s004302,False,False,False,False,False,0,file_missing,
s004303,False,False,False,False,False,0,file_missing,
s004304,False,False,False,False,False,0,file_missing,
s004305,False,False,False,False,False,0,file_missing,
s004306,False,False,False,False,False,0,file_missing,
s004307,False,False,False,False,False,0,file_missing,
s004308,False,False,False,False,False,0,file_missing,
s004309,False,False,False,False,False,0,file_missing,
s004310,False,False,False,False,False,0,file_missing,
s004311,False,False,False,False,False,0,file_missing,
s004312,False,False,False,False,False,0,file_missing,
s004313,False,False,False,False,False,0,file_missing,
s004314,False,False,False,False,False,0,file_missing,
s004315,False,False,False,False,False,0,file_missing,
s004316,False,False,False,False,False,0,file_missing,
s004317,False,False,False,False,False,0,file_missing,
s004318,False,False,False,False,False,0,file_missing,
s004319,False,False,False,False,False,0,file_missing,
s004320,False,False,False,False,False,0,file_missing,
s004321,False,False,False,False,False,0,file_missing,
s004322,False,False,False,False,False,0,file_missing,
s004323,False,False,False,False,False,0,file_missing,
s004324,False,False,False,False,False,0,file_missing,
s004325,False,False,False,False,False,0,file_missing,
s004326,False,False,False,False,False,0,file_missing,
s004327,False,False,False,False,False,0,file_missing,
s004328,False,False,False,False,False,0,file_missing,
s004329,False,False,False,False,False,0,file_missing,
s004330,False,False,False,False,False,0,file_missing,
s004331,False,False,False,False,False,0,file_missing,
s004332,False,False,False,False,False,0,file_missing,
s004333,False,False,False,False,False,0,file_missing,
s004334,False,False,False,False,False,0,file_missing,
s004335,False,False,False,False,False,0,file_missing,
s004336,False,False,False,False,False,0,file_missing,
s004337,False,False,False,False,False,0,file_missing,
s004338,False,False,False,False,False,0,file_missing,
s004339,False,False,False,False,False,0,file_missing,
s004340,False,False,False,False,False,0,file_missing,
s004341,False,False,False,False,False,0,file_missing,
s004342,False,False,False,False,False,0,file_missing,
s004343,False,False,False,False,False,0,file_missing,
s004344,False,False,False,False,False,0,file_missing,
s004345,False,False,False,False,False,0,file_missing,
s004346,False,False,False,False,False,0,file_missing,
s004347,False,False,False,False,False,0,file_missing,
s004348,False,False,False,False,False,0,file_missing,
s004349,False,False,False,False,False,0,file_missing,
s004350,False,False,False,False,False,0,file_missing,
s004351,False,False,False,False,False,0,file_missing,
s004352,False,False,False,False,False,0,file_missing,
s004353,False,False,False,False,False,0,file_missing,
s004354,False,False,False,False,False,0,file_missing,
s004355,False,False,False,False,False,0,file_missing,
s004356,False,False,False,False,False,0,file_missing,
s004357,False,False,False,False,False,0,file_missing,
s004358,False,False,False,False,False,0,file_missing,
s004359,False,False,False,False,False,0,file_missing,
s004360,False,False,False,False,False,0,file_missing,
s004361,False,False,False,False,False,0,file_missing,
s004362,False,False,False,False,False,0,file_missing,
s004363,False,False,False,False,False,0,file_missing,
s004364,False,False,False,False,False,0,file_missing,
s004365,False,False,False,False,False,0,file_missing,
s004366,False,False,False,False,False,0,file_missing,
s004367,False,False,False,False,False,0,file_missing,
s004368,False,False,False,False,False,0,file_missing,
s004369,False,False,False,False,False,0,file_missing,
s004370,False,False,False,False,False,0,file_missing,
s004371,False,False,False,False,False,0,file_missing,
s004372,False,False,False,False,False,0,file_missing,
s004373,False,False,False,False,False,0,file_missing,
s004374,False,False,False,False,False,0,file_missing,
s004375,False,False,False,False,False,0,file_missing,
s004376,False,False,False,False,False,0,file_missing,
s004377,False,False,False,False,False,0,file_missing,
s004378,False,False,False,False,False,0,file_missing,
s004379,False,False,False,False,False,0,file_missing,
s004380,False,False,False,False,False,0,file_missing,
s004381,False,False,False,False,False,0,file_missing,
s004382,False,False,False,False,False,0,file_missing,
s004383,False,False,False,False,False,0,file_missing,
s004384,False,False,False,False,False,0,file_missing,
s004385,False,False,False,False,False,0,file_missing,
s004386,False,False,False,False,False,0,file_missing,
s004387,False,False,False,False,False,0,file_missing,
s004388,False,False,False,False,False,0,file_missing,
s004389,False,False,False,False,False,0,file_missing,
s004390,False,False,False,False,False,0,file_missing,
s004391,False,False,False,False,False,0,file_missing,
s004392,False,False,False,False,False,0,file_missing,
s004393,False,False,False,False,False,0,file_missing,
s004394,False,False,False,False,False,0,file_missing,
s004395,False,False,False,False,False,0,file_missing,
s004396,False,False,False,False,False,0,file_missing,
s004397,False,False,False,False,False,0,file_missing,
s004398,False,False,False,False,False,0,file_missing,
s004399,False,False,False,False,False,0,file_missing,
s004400,False,False,False,False,False,0,file_missing,
s004401,False,False,False,False,False,0,file_missing,
s004402,False,False,False,False,False,0,file_missing,
s004403,False,False,False,False,False,0,file_missing,
s004404,False,False,False,False,False,0,file_missing,
s004405,False,False,False,False,False,0,file_missing,
s004406,False,False,False,False,False,0,file_missing,
s004407,False,False,False,False,False,0,file_missing,
s004408,False,False,False,False,False,0,file_missing,
s004409,False,False,False,False,False,0,file_missing,
s004410,False,False,False,False,False,0,file_missing,
s004411,False,False,False,False,False,0,file_missing,
s004412,False,False,False,False,False,0,file_missing,
s004413,False,False,False,False,False,0,file_missing,
s004414,False,False,False,False,False,0,file_missing,
s004415,False,False,False,False,False,0,file_missing,
s004416,False,False,False,False,False,0,file_missing,
s004417,False,False,False,False,False,0,file_missing,
s004418,False,False,False,False,False,0,file_missing,
s004419,False,False,False,False,False,0,file_missing,
s004420,False,False,False,False,False,0,file_missing,
s004421,False,False,False,False,False,0,file_missing,
s004422,False,False,False,False,False,0,file_missing,
s004423,False,False,False,False,False,0,file_missing,
s004424,False,False,False,False,False,0,file_missing,
s004425,False,False,False,False,False,0,file_missing,
s004426,False,False,False,False,False,0,file_missing,
s004427,False,False,False,False,False,0,file_missing,
s004428,False,False,False,False,False,0,file_missing,
s004429,False,False,False,False,False,0,file_missing,
s004430,False,False,False,False,False,0,file_missing,
s004431,False,False,False,False,False,0,file_missing,
s004432,False,False,False,False,False,0,file_missing,
s004433,False,False,False,False,False,0,file_missing,
s004434,False,False,False,False,False,0,file_missing,
s004435,False,False,False,False,False,0,file_missing,
s004436,False,False,False,False,False,0,file_missing,
s004437,False,False,False,False,False,0,file_missing,
s004438,False,False,False,False,False,0,file_missing,
s004439,False,False,False,False,False,0,file_missing,
s004440,False,False,False,False,False,0,file_missing,
s004441,False,False,False,False,False,0,file_missing,
s004442,False,False,False,False,False,0,file_missing,
s004443,False,False,False,False,False,0,file_missing,
s004444,False,False,False,False,False,0,file_missing,
s004445,False,False,False,False,False,0,file_missing,
s004446,False,False,False,False,False,0,file_missing,
s004447,False,False,False,False,False,0,file_missing,
s004448,False,False,False,False,False,0,file_missing,
s004449,False,False,False,False,False,0,file_missing,
s004450,False,False,False,False,False,0,file_missing,
s004451,False,False,False,False,False,0,file_missing,
s004452,False,False,False,False,False,0,file_missing,
s004453,False,False,False,False,False,0,file_missing,
s004454,False,False,False,False,False,0,file_missing,
s004455,False,False,False,False,False,0,file_missing,
s004456,False,False,False,False,False,0,file_missing,
s004457,False,False,False,False,False,0,file_missing,
s004458,False,False,False,False,False,0,file_missing,
s004459,False,False,False,False,False,0,file_missing,
s004460,False,False,False,False,False,0,file_missing,
s004461,False,False,False,False,False,0,file_missing,
s004462,False,False,False,False,False,0,file_missing,
s004463,False,False,False,False,False,0,file_missing,
s004464,False,False,False,False,False,0,file_missing,
s004465,False,False,False,False,False,0,file_missing,
s004466,False,False,False,False,False,0,file_missing,
s004467,False,False,False,False,False,0,file_missing,
s004468,False,False,False,False,False,0,file_missing,
s004469,False,False,False,False,False,0,file_missing,
s004470,False,False,False,False,False,0,file_missing,
s004471,False,False,False,False,False,0,file_missing,
s004472,False,False,False,False,False,0,file_missing,
s004473,False,False,False,False,False,0,file_missing,
s004474,False,False,False,False,False,0,file_missing,
s004475,False,False,False,False,False,0,file_missing,
s004476,False,False,False,False,False,0,file_missing,
s004477,False,False,False,False,False,0,file_missing,
s004478,False,False,False,False,False,0,file_missing,
s004479,False,False,False,False,False,0,file_missing,
s004480,False,False,False,False,False,0,file_missing,
s004481,False,False,False,False,False,0,file_missing,
s004482,False,False,False,False,False,0,file_missing,
s004483,False,False,False,False,False,0,file_missing,
s004484,False,False,False,False,False,0,file_missing,
s004485,False,False,False,False,False,0,file_missing,
s004486,False,False,False,False,False,0,file_missing,
s004487,False,False,False,False,False,0,file_missing,
s004488,False,False,False,False,False,0,file_missing,
s004489,False,False,False,False,False,0,file_missing,
s004490,False,False,False,False,False,0,file_missing,
s004491,False,False,False,False,False,0,file_missing,
s004492,False,False,False,False,False,0,file_missing,
s004493,False,False,False,False,False,0,file_missing,
s004494,False,False,False,False,False,0,file_missing,
s004495,False,False,False,False,False,0,file_missing,
s004496,False,False,False,False,False,0,file_missing,
s004497,False,False,False,False,False,0,file_missing,
s004498,False,False,False,False,False,0,file_missing,
s004499,False,False,False,False,False,0,file_missing,
s004500,False,False,False,False,False,0,file_missing,
s004501,False,False,False,False,False,0,file_missing,
s004502,False,False,False,False,False,0,file_missing,
s004503,False,False,False,False,False,0,file_missing,
s004504,False,False,False,False,False,0,file_missing,
s004505,False,False,False,False,False,0,file_missing,
s004506,False,False,False,False,False,0,file_missing,
s004507,False,False,False,False,False,0,file_missing,
s004508,False,False,False,False,False,0,file_missing,
s004509,False,False,False,False,False,0,file_missing,
s004510,False,False,False,False,False,0,file_missing,
s004511,False,False,False,False,False,0,file_missing,
s004512,False,False,False,False,False,0,file_missing,
s004513,False,False,False,False,False,0,file_missing,
s004514,False,False,False,False,False,0,file_missing,
s004515,False,False,False,False,False,0,file_missing,
s004516,False,False,False,False,False,0,file_missing,
s004517,False,False,False,False,False,0,file_missing,
s004518,False,False,False,False,False,0,file_missing,
s004519,False,False,False,False,False,0,file_missing,
s004520,False,False,False,False,False,0,file_missing,
s004521,False,False,False,False,False,0,file_missing,
s004522,False,False,False,False,False,0,file_missing,
s004523,False,False,False,False,False,0,file_missing,
s004524,False,False,False,False,False,0,file_missing,
s004525,False,False,False,False,False,0,file_missing,
s004526,False,False,False,False,False,0,file_missing,
s004527,False,False,False,False,False,0,file_missing,
s004528,False,False,False,False,False,0,file_missing,
s004529,False,False,False,False,False,0,file_missing,
s004530,False,False,False,False,False,0,file_missing,
s004531,False,False,False,False,False,0,file_missing,
s004532,False,False,False,False,False,0,file_missing,
s004533,False,False,False,False,False,0,file_missing,
s004534,False,False,False,False,False,0,file_missing,
s004535,False,False,False,False,False,0,file_missing,
s004536,False,False,False,False,False,0,file_missing,
s004537,False,False,False,False,False,0,file_missing,
s004538,False,False,False,False,False,0,file_missing,
s004539,False,False,False,False,False,0,file_missing,
s004540,False,False,False,False,False,0,file_missing,
s004541,False,False,False,False,False,0,file_missing,
s004542,False,False,False,False,False,0,file_missing,
s004543,False,False,False,False,False,0,file_missing,
s004544,False,False,False,False,False,0,file_missing,
s004545,False,False,False,False,False,0,file_missing,
s004546,False,False,False,False,False,0,file_missing,
s004547,False,False,False,False,False,0,file_missing,
s004548,False,False,False,False,False,0,file_missing,
s004549,False,False,False,False,False,0,file_missing,
s004550,False,False,False,False,False,0,file_missing,
s004551,False,False,False,False,False,0,file_missing,
s004552,False,False,False,False,False,0,file_missing,
s004553,False,False,False,False,False,0,file_missing,
s004554,False,False,False,False,False,0,file_missing,
s004555,False,False,False,False,False,0,file_missing,
s004556,False,False,False,False,False,0,file_missing,
s004557,False,False,False,False,False,0,file_missing,
s004558,False,False,False,False,False,0,file_missing,
s004559,False,False,False,False,False,0,file_missing,
s004560,False,False,False,False,False,0,file_missing,
s004561,False,False,False,False,False,0,file_missing,
s004562,False,False,False,False,False,0,file_missing,
s004563,False,False,False,False,False,0,file_missing,
s004564,False,False,False,False,False,0,file_missing,
s004565,False,False,False,False,False,0,file_missing,
s004566,False,False,False,False,False,0,file_missing,
s004567,False,False,False,False,False,0,file_missing,
s004568,False,False,False,False,False,0,file_missing,
s004569,False,False,False,False,False,0,file_missing,
s004570,False,False,False,False,False,0,file_missing,
s004571,False,False,False,False,False,0,file_missing,
s004572,False,False,False,False,False,0,file_missing,
s004573,False,False,False,False,False,0,file_missing,
s004574,False,False,False,False,False,0,file_missing,
s004575,False,False,False,False,False,0,file_missing,
s004576,False,False,False,False,False,0,file_missing,
s004577,False,False,False,False,False,0,file_missing,
s004578,False,False,False,False,False,0,file_missing,
s004579,False,False,False,False,False,0,file_missing,
s004580,False,False,False,False,False,0,file_missing,
s004581,False,False,False,False,False,0,file_missing,
s004582,False,False,False,False,False,0,file_missing,
s004583,False,False,False,False,False,0,file_missing,
s004584,False,False,False,False,False,0,file_missing,
s004585,False,False,False,False,False,0,file_missing,
s004586,False,False,False,False,False,0,file_missing,
s004587,False,False,False,False,False,0,file_missing,
s004588,False,False,False,False,False,0,file_missing,
s004589,False,False,False,False,False,0,file_missing,
s004590,False,False,False,False,False,0,file_missing,
s004591,False,False,False,False,False,0,file_missing,
s004592,False,False,False,False,False,0,file_missing,
s004593,False,False,False,False,False,0,file_missing,
s004594,False,False,False,False,False,0,file_missing,
s004595,False,False,False,False,False,0,file_missing,
s004596,False,False,False,False,False,0,file_missing,
s004597,False,False,False,False,False,0,file_missing,
s004598,False,False,False,False,False,0,file_missing,
s004599,False,False,False,False,False,0,file_missing,
s004600,False,False,False,False,False,0,file_missing,
s004601,False,False,False,False,False,0,file_missing,
s004602,False,False,False,False,False,0,file_missing,
s004603,False,False,False,False,False,0,file_missing,
s004604,False,False,False,False,False,0,file_missing,
s004605,False,False,False,False,False,0,file_missing,
s004606,False,False,False,False,False,0,file_missing,
s004607,False,False,False,False,False,0,file_missing,
s004608,False,False,False,False,False,0,file_missing,
s004609,False,False,False,False,False,0,file_missing,
s004610,False,False,False,False,False,0,file_missing,
s004611,False,False,False,False,False,0,file_missing,
s004612,False,False,False,False,False,0,file_missing,
s004613,False,False,False,False,False,0,file_missing,
s004614,False,False,False,False,False,0,file_missing,
s004615,False,False,False,False,False,0,file_missing,
s004616,False,False,False,False,False,0,file_missing,
s004617,False,False,False,False,False,0,file_missing,
s004618,False,False,False,False,False,0,file_missing,
s004619,False,False,False,False,False,0,file_missing,
s004620,False,False,False,False,False,0,file_missing,
s004621,False,False,False,False,False,0,file_missing,
s004622,False,False,False,False,False,0,file_missing,
s004623,False,False,False,False,False,0,file_missing,
s004624,False,False,False,False,False,0,file_missing,
s004625,False,False,False,False,False,0,file_missing,
s004626,False,False,False,False,False,0,file_missing,
s004627,False,False,False,False,False,0,file_missing,
s004628,False,False,False,False,False,0,file_missing,
s004629,False,False,False,False,False,0,file_missing,
s004630,False,False,False,False,False,0,file_missing,
s004631,False,False,False,False,False,0,file_missing,
s004632,False,False,False,False,False,0,file_missing,
s004633,False,False,False,False,False,0,file_missing,
s004634,False,False,False,False,False,0,file_missing,
s004635,False,False,False,False,False,0,file_missing,
s004636,False,False,False,False,False,0,file_missing,
s004637,False,False,False,False,False,0,file_missing,
s004638,False,False,False,False,False,0,file_missing,
s004639,False,False,False,False,False,0,file_missing,
s004640,False,False,False,False,False,0,file_missing,
s004641,False,False,False,False,False,0,file_missing,
s004642,False,False,False,False,False,0,file_missing,
s004643,False,False,False,False,False,0,file_missing,
s004644,False,False,False,False,False,0,file_missing,
s004645,False,False,False,False,False,0,file_missing,
s004646,False,False,False,False,False,0,file_missing,
s004647,False,False,False,False,False,0,file_missing,
s004648,False,False,False,False,False,0,file_missing,
s004649,False,False,False,False,False,0,file_missing,
s004650,False,False,False,False,False,0,file_missing,
s004651,False,False,False,False,False,0,file_missing,
s004652,False,False,False,False,False,0,file_missing,
s004653,False,False,False,False,False,0,file_missing,
s004654,False,False,False,False,False,0,file_missing,
s004655,False,False,False,False,False,0,file_missing,
s004656,False,False,False,False,False,0,file_missing,
s004657,False,False,False,False,False,0,file_missing,
s004658,False,False,False,False,False,0,file_missing,
s004659,False,False,False,False,False,0,file_missing,
s004660,False,False,False,False,False,0,file_missing,
s004661,False,False,False,False,False,0,file_missing,
s004662,False,False,False,False,False,0,file_missing,
s004663,False,False,False,False,False,0,file_missing,
s004664,False,False,False,False,False,0,file_missing,
s004665,False,False,False,False,False,0,file_missing,
s004666,False,False,False,False,False,0,file_missing,
s004667,False,False,False,False,False,0,file_missing,
s004668,False,False,False,False,False,0,file_missing,
s004669,False,False,False,False,False,0,file_missing,
s004670,False,False,False,False,False,0,file_missing,
s004671,False,False,False,False,False,0,file_missing,
s004672,False,False,False,False,False,0,file_missing,
s004673,False,False,False,False,False,0,file_missing,
s004674,False,False,False,False,False,0,file_missing,
s004675,False,False,False,False,False,0,file_missing,
s004676,False,False,False,False,False,0,file_missing,
s004677,False,False,False,False,False,0,file_missing,
s004678,False,False,False,False,False,0,file_missing,
s004679,False,False,False,False,False,0,file_missing,
s004680,False,False,False,False,False,0,file_missing,
s004681,False,False,False,False,False,0,file_missing,
s004682,False,False,False,False,False,0,file_missing,
s004683,False,False,False,False,False,0,file_missing,
s004684,False,False,False,False,False,0,file_missing,
s004685,False,False,False,False,False,0,file_missing,
s004686,False,False,False,False,False,0,file_missing,
s004687,False,False,False,False,False,0,file_missing,
s004688,False,False,False,False,False,0,file_missing,
s004689,False,False,False,False,False,0,file_missing,
s004690,False,False,False,False,False,0,file_missing,
s004691,False,False,False,False,False,0,file_missing,
s004692,False,False,False,False,False,0,file_missing,
s004693,False,False,False,False,False,0,file_missing,
s004694,False,False,False,False,False,0,file_missing,
s004695,False,False,False,False,False,0,file_missing,
s004696,False,False,False,False,False,0,file_missing,
s004697,False,False,False,False,False,0,file_missing,
s004698,False,False,False,False,False,0,file_missing,
s004699,False,False,False,False,False,0,file_missing,
s004700,False,False,False,False,False,0,file_missing,
s004701,False,False,False,False,False,0,file_missing,
s004702,False,False,False,False,False,0,file_missing,
s004703,False,False,False,False,False,0,file_missing,
s004704,False,False,False,False,False,0,file_missing,
s004705,False,False,False,False,False,0,file_missing,
s004706,False,False,False,False,False,0,file_missing,
s004707,False,False,False,False,False,0,file_missing,
s004708,False,False,False,False,False,0,file_missing,
s004709,False,False,False,False,False,0,file_missing,
s004710,False,False,False,False,False,0,file_missing,
s004711,False,False,False,False,False,0,file_missing,
s004712,False,False,False,False,False,0,file_missing,
s004713,False,False,False,False,False,0,file_missing,
s004714,False,False,False,False,False,0,file_missing,
s004715,False,False,False,False,False,0,file_missing,
s004716,False,False,False,False,False,0,file_missing,
s004717,False,False,False,False,False,0,file_missing,
s004718,False,False,False,False,False,0,file_missing,
s004719,False,False,False,False,False,0,file_missing,
s004720,False,False,False,False,False,0,file_missing,
s004721,False,False,False,False,False,0,file_missing,
s004722,False,False,False,False,False,0,file_missing,
s004723,False,False,False,False,False,0,file_missing,
s004724,False,False,False,False,False,0,file_missing,
s004725,False,False,False,False,False,0,file_missing,
s004726,False,False,False,False,False,0,file_missing,
s004727,False,False,False,False,False,0,file_missing,
s004728,False,False,False,False,False,0,file_missing,
s004729,False,False,False,False,False,0,file_missing,
s004730,False,False,False,False,False,0,file_missing,
s004731,False,False,False,False,False,0,file_missing,
s004732,False,False,False,False,False,0,file_missing,
s004733,False,False,False,False,False,0,file_missing,
s004734,False,False,False,False,False,0,file_missing,
s004735,False,False,False,False,False,0,file_missing,
s004736,False,False,False,False,False,0,file_missing,
s004737,False,False,False,False,False,0,file_missing,
s004738,False,False,False,False,False,0,file_missing,
s004739,False,False,False,False,False,0,file_missing,
s004740,False,False,False,False,False,0,file_missing,
s004741,False,False,False,False,False,0,file_missing,
s004742,False,False,False,False,False,0,file_missing,
s004743,False,False,False,False,False,0,file_missing,
s004744,False,False,False,False,False,0,file_missing,
s004745,False,False,False,False,False,0,file_missing,
s004746,False,False,False,False,False,0,file_missing,
s004747,False,False,False,False,False,0,file_missing,
s004748,False,False,False,False,False,0,file_missing,
s004749,False,False,False,False,False,0,file_missing,
s004750,False,False,False,False,False,0,file_missing,
s004751,False,False,False,False,False,0,file_missing,
s004752,False,False,False,False,False,0,file_missing,
s004753,False,False,False,False,False,0,file_missing,
s004754,False,False,False,False,False,0,file_missing,
s004755,False,False,False,False,False,0,file_missing,
s004756,False,False,False,False,False,0,file_missing,
s004757,False,False,False,False,False,0,file_missing,
s004758,False,False,False,False,False,0,file_missing,
s004759,False,False,False,False,False,0,file_missing,
s004760,False,False,False,False,False,0,file_missing,
s004761,False,False,False,False,False,0,file_missing,
s004762,False,False,False,False,False,0,file_missing,
s004763,False,False,False,False,False,0,file_missing,
s004764,False,False,False,False,False,0,file_missing,
s004765,False,False,False,False,False,0,file_missing,
s004766,False,False,False,False,False,0,file_missing,
s004767,False,False,False,False,False,0,file_missing,
s004768,False,False,False,False,False,0,file_missing,
s004769,False,False,False,False,False,0,file_missing,
s004770,False,False,False,False,False,0,file_missing,
s004771,False,False,False,False,False,0,file_missing,
s004772,False,False,False,False,False,0,file_missing,
s004773,False,False,False,False,False,0,file_missing,
s004774,False,False,False,False,False,0,file_missing,
s004775,False,False,False,False,False,0,file_missing,
s004776,False,False,False,False,False,0,file_missing,
s004777,False,False,False,False,False,0,file_missing,
s004778,False,False,False,False,False,0,file_missing,
s004779,False,False,False,False,False,0,file_missing,
s004780,False,False,False,False,False,0,file_missing,
s004781,False,False,False,False,False,0,file_missing,
s004782,False,False,False,False,False,0,file_missing,
s004783,False,False,False,False,False,0,file_missing,
s004784,False,False,False,False,False,0,file_missing,
s004785,False,False,False,False,False,0,file_missing,
s004786,False,False,False,False,False,0,file_missing,
s004787,False,False,False,False,False,0,file_missing,
s004788,False,False,False,False,False,0,file_missing,
s004789,False,False,False,False,False,0,file_missing,
s004790,False,False,False,False,False,0,file_missing,
s004791,False,False,False,False,False,0,file_missing,
s004792,False,False,False,False,False,0,file_missing,
s004793,False,False,False,False,False,0,file_missing,
s004794,False,False,False,False,False,0,file_missing,
s004795,False,False,False,False,False,0,file_missing,
s004796,False,False,False,False,False,0,file_missing,
s004797,False,False,False,False,False,0,file_missing,
s004798,False,False,False,False,False,0,file_missing,
s004799,False,False,False,False,False,0,file_missing,
s004800,False,False,False,False,False,0,file_missing,
s004801,False,False,False,False,False,0,file_missing,
s004802,False,False,False,False,False,0,file_missing,
s004803,False,False,False,False,False,0,file_missing,
s004804,False,False,False,False,False,0,file_missing,
s004805,False,False,False,False,False,0,file_missing,
s004806,False,False,False,False,False,0,file_missing,
s004807,False,False,False,False,False,0,file_missing,
s004808,False,False,False,False,False,0,file_missing,
s004809,False,False,False,False,False,0,file_missing,
s004810,False,False,False,False,False,0,file_missing,
s004811,False,False,False,False,False,0,file_missing,
s004812,False,False,False,False,False,0,file_missing,
s004813,False,False,False,False,False,0,file_missing,
s004814,False,False,False,False,False,0,file_missing,
s004815,False,False,False,False,False,0,file_missing,
s004816,False,False,False,False,False,0,file_missing,
s004817,False,False,False,False,False,0,file_missing,
s004818,False,False,False,False,False,0,file_missing,
s004819,False,False,False,False,False,0,file_missing,
s004820,False,False,False,False,False,0,file_missing,
s004821,False,False,False,False,False,0,file_missing,
s004822,False,False,False,False,False,0,file_missing,
s004823,False,False,False,False,False,0,file_missing,
s004824,False,False,False,False,False,0,file_missing,
s004825,False,False,False,False,False,0,file_missing,
s004826,False,False,False,False,False,0,file_missing,
s004827,False,False,False,False,False,0,file_missing,
s004828,False,False,False,False,False,0,file_missing,
s004829,False,False,False,False,False,0,file_missing,
s004830,False,False,False,False,False,0,file_missing,
s004831,False,False,False,False,False,0,file_missing,
s004832,False,False,False,False,False,0,file_missing,
s004833,False,False,False,False,False,0,file_missing,
s004834,False,False,False,False,False,0,file_missing,
s004835,False,False,False,False,False,0,file_missing,
s004836,False,False,False,False,False,0,file_missing,
s004837,False,False,False,False,False,0,file_missing,
s004838,False,False,False,False,False,0,file_missing,
s004839,False,False,False,False,False,0,file_missing,
s004840,False,False,False,False,False,0,file_missing,
s004841,False,False,False,False,False,0,file_missing,
s004842,False,False,False,False,False,0,file_missing,
s004843,False,False,False,False,False,0,file_missing,
s004844,False,False,False,False,False,0,file_missing,
s004845,False,False,False,False,False,0,file_missing,
s004846,False,False,False,False,False,0,file_missing,
s004847,False,False,False,False,False,0,file_missing,
s004848,False,False,False,False,False,0,file_missing,
s004849,False,False,False,False,False,0,file_missing,
s004850,False,False,False,False,False,0,file_missing,
s004851,False,False,False,False,False,0,file_missing,
s004852,False,False,False,False,False,0,file_missing,
s004853,False,False,False,False,False,0,file_missing,
s004854,False,False,False,False,False,0,file_missing,
s004855,False,False,False,False,False,0,file_missing,
s004856,False,False,False,False,False,0,file_missing,
s004857,False,False,False,False,False,0,file_missing,
s004858,False,False,False,False,False,0,file_missing,
s004859,False,False,False,False,False,0,file_missing,
s004860,False,False,False,False,False,0,file_missing,
s004861,False,False,False,False,False,0,file_missing,
s004862,False,False,False,False,False,0,file_missing,
s004863,False,False,False,False,False,0,file_missing,
s004864,False,False,False,False,False,0,file_missing,
s004865,False,False,False,False,False,0,file_missing,
s004866,False,False,False,False,False,0,file_missing,
s004867,False,False,False,False,False,0,file_missing,
s004868,False,False,False,False,False,0,file_missing,
s004869,False,False,False,False,False,0,file_missing,
s004870,False,False,False,False,False,0,file_missing,
s004871,False,False,False,False,False,0,file_missing,
s004872,False,False,False,False,False,0,file_missing,
s004873,False,False,False,False,False,0,file_missing,
s004874,False,False,False,False,False,0,file_missing,
s004875,False,False,False,False,False,0,file_missing,
s004876,False,False,False,False,False,0,file_missing,
s004877,False,False,False,False,False,0,file_missing,
s004878,False,False,False,False,False,0,file_missing,
s004879,False,False,False,False,False,0,file_missing,
s004880,False,False,False,False,False,0,file_missing,
s004881,False,False,False,False,False,0,file_missing,
s004882,False,False,False,False,False,0,file_missing,
s004883,False,False,False,False,False,0,file_missing,
s004884,False,False,False,False,False,0,file_missing,
s004885,False,False,False,False,False,0,file_missing,
s004886,False,False,False,False,False,0,file_missing,
s004887,False,False,False,False,False,0,file_missing,
s004888,False,False,False,False,False,0,file_missing,
s004889,False,False,False,False,False,0,file_missing,
s004890,False,False,False,False,False,0,file_missing,
s004891,False,False,False,False,False,0,file_missing,
s004892,False,False,False,False,False,0,file_missing,
s004893,False,False,False,False,False,0,file_missing,
s004894,False,False,False,False,False,0,file_missing,
s004895,False,False,False,False,False,0,file_missing,
s004896,False,False,False,False,False,0,file_missing,
s004897,False,False,False,False,False,0,file_missing,
s004898,False,False,False,False,False,0,file_missing,
s004899,False,False,False,False,False,0,file_missing,
s004900,False,False,False,False,False,0,file_missing,
s004901,False,False,False,False,False,0,file_missing,
s004902,False,False,False,False,False,0,file_missing,
s004903,False,False,False,False,False,0,file_missing,
s004904,False,False,False,False,False,0,file_missing,
s004905,False,False,False,False,False,0,file_missing,
s004906,False,False,False,False,False,0,file_missing,
s004907,False,False,False,False,False,0,file_missing,
s004908,False,False,False,False,False,0,file_missing,
s004909,False,False,False,False,False,0,file_missing,
s004910,False,False,False,False,False,0,file_missing,
s004911,False,False,False,False,False,0,file_missing,
s004912,False,False,False,False,False,0,file_missing,
s004913,False,False,False,False,False,0,file_missing,
s004914,False,False,False,False,False,0,file_missing,
s004915,False,False,False,False,False,0,file_missing,
s004916,False,False,False,False,False,0,file_missing,
s004917,False,False,False,False,False,0,file_missing,
s004918,False,False,False,False,False,0,file_missing,
s004919,False,False,False,False,False,0,file_missing,
s004920,False,False,False,False,False,0,file_missing,
s004921,False,False,False,False,False,0,file_missing,
s004922,False,False,False,False,False,0,file_missing,
s004923,False,False,False,False,False,0,file_missing,
s004924,False,False,False,False,False,0,file_missing,
s004925,False,False,False,False,False,0,file_missing,
s004926,False,False,False,False,False,0,file_missing,
s004927,False,False,False,False,False,0,file_missing,
s004928,False,False,False,False,False,0,file_missing,
s004929,False,False,False,False,False,0,file_missing,
s004930,False,False,False,False,False,0,file_missing,
s004931,False,False,False,False,False,0,file_missing,
s004932,False,False,False,False,False,0,file_missing,
s004933,False,False,False,False,False,0,file_missing,
s004934,False,False,False,False,False,0,file_missing,
s004935,False,False,False,False,False,0,file_missing,
s004936,False,False,False,False,False,0,file_missing,
s004937,False,False,False,False,False,0,file_missing,
s004938,False,False,False,False,False,0,file_missing,
s004939,False,False,False,False,False,0,file_missing,
s004940,False,False,False,False,False,0,file_missing,
s004941,False,False,False,False,False,0,file_missing,
s004942,False,False,False,False,False,0,file_missing,
s004943,False,False,False,False,False,0,file_missing,
s004944,False,False,False,False,False,0,file_missing,
s004945,False,False,False,False,False,0,file_missing,
s004946,False,False,False,False,False,0,file_missing,
s004947,False,False,False,False,False,0,file_missing,
s004948,False,False,False,False,False,0,file_missing,
s004949,False,False,False,False,False,0,file_missing,
s004950,False,False,False,False,False,0,file_missing,
s004951,False,False,False,False,False,0,file_missing,
s004952,False,False,False,False,False,0,file_missing,
s004953,False,False,False,False,False,0,file_missing,
s004954,False,False,False,False,False,0,file_missing,
s004955,False,False,False,False,False,0,file_missing,
s004956,False,False,False,False,False,0,file_missing,
s004957,False,False,False,False,False,0,file_missing,
s004958,False,False,False,False,False,0,file_missing,
s004959,False,False,False,False,False,0,file_missing,
s004960,False,False,False,False,False,0,file_missing,
s004961,False,False,False,False,False,0,file_missing,
s004962,False,False,False,False,False,0,file_missing,
s004963,False,False,False,False,False,0,file_missing,
s004964,False,False,False,False,False,0,file_missing,
s004965,False,False,False,False,False,0,file_missing,
s004966,False,False,False,False,False,0,file_missing,
s004967,False,False,False,False,False,0,file_missing,
s004968,False,False,False,False,False,0,file_missing,
s004969,False,False,False,False,False,0,file_missing,
s004970,False,False,False,False,False,0,file_missing,
s004971,False,False,False,False,False,0,file_missing,
s004972,False,False,False,False,False,0,file_missing,
s004973,False,False,False,False,False,0,file_missing,
s004974,False,False,False,False,False,0,file_missing,
s004975,False,False,False,False,False,0,file_missing,
s004976,False,False,False,False,False,0,file_missing,
s004977,False,False,False,False,False,0,file_missing,
s004978,False,False,False,False,False,0,file_missing,
s004979,False,False,False,False,False,0,file_missing,
s004980,False,False,False,False,False,0,file_missing,
s004981,False,False,False,False,False,0,file_missing,
s004982,False,False,False,False,False,0,file_missing,
s004983,False,False,False,False,False,0,file_missing,
s004984,False,False,False,False,False,0,file_missing,
s004985,False,False,False,False,False,0,file_missing,
s004986,False,False,False,False,False,0,file_missing,
s004987,False,False,False,False,False,0,file_missing,
s004988,False,False,False,False,False,0,file_missing,
s004989,False,False,False,False,False,0,file_missing,
s004990,False,False,False,False,False,0,file_missing,
s004991,False,False,False,False,False,0,file_missing,
s004992,False,False,False,False,False,0,file_missing,
s004993,False,False,False,False,False,0,file_missing,
s004994,False,False,False,False,False,0,file_missing,
s004995,False,False,False,False,False,0,file_missing,
s004996,False,False,False,False,False,0,file_missing,
s004997,False,False,False,False,False,0,file_missing,
s004998,False,False,False,False,False,0,file_missing,
s004999,False,False,False,False,False,0,file_missing,
s005000,False,False,False,False,False,0,file_missing,
s005001,False,False,False,False,False,0,file_missing,
s005002,False,False,False,False,False,0,file_missing,
s005003,False,False,False,False,False,0,file_missing,
s005004,False,False,False,False,False,0,file_missing,
s005005,False,False,False,False,False,0,file_missing,
s005006,False,False,False,False,False,0,file_missing,
s005007,False,False,False,False,False,0,file_missing,
s005008,False,False,False,False,False,0,file_missing,
s005009,False,False,False,False,False,0,file_missing,
s005010,False,False,False,False,False,0,file_missing,
s005011,False,False,False,False,False,0,file_missing,
s005012,False,False,False,False,False,0,file_missing,
s005013,False,False,False,False,False,0,file_missing,
s005014,False,False,False,False,False,0,file_missing,
s005015,False,False,False,False,False,0,file_missing,
s005016,False,False,False,False,False,0,file_missing,
s005017,False,False,False,False,False,0,file_missing,
s005018,False,False,False,False,False,0,file_missing,
s005019,False,False,False,False,False,0,file_missing,
s005020,False,False,False,False,False,0,file_missing,
s005021,False,False,False,False,False,0,file_missing,
s005022,False,False,False,False,False,0,file_missing,
s005023,False,False,False,False,False,0,file_missing,
s005024,False,False,False,False,False,0,file_missing,
s005025,False,False,False,False,False,0,file_missing,
s005026,False,False,False,False,False,0,file_missing,
s005027,False,False,False,False,False,0,file_missing,
s005028,False,False,False,False,False,0,file_missing,
s005029,False,False,False,False,False,0,file_missing,
s005030,False,False,False,False,False,0,file_missing,
s005031,False,False,False,False,False,0,file_missing,
s005032,False,False,False,False,False,0,file_missing,
s005033,False,False,False,False,False,0,file_missing,
s005034,False,False,False,False,False,0,file_missing,
s005035,False,False,False,False,False,0,file_missing,
s005036,False,False,False,False,False,0,file_missing,
s005037,False,False,False,False,False,0,file_missing,
s005038,False,False,False,False,False,0,file_missing,
s005039,False,False,False,False,False,0,file_missing,
s005040,False,False,False,False,False,0,file_missing,
s005041,False,False,False,False,False,0,file_missing,
s005042,False,False,False,False,False,0,file_missing,
s005043,False,False,False,False,False,0,file_missing,
s005044,False,False,False,False,False,0,file_missing,
s005045,False,False,False,False,False,0,file_missing,
s005046,False,False,False,False,False,0,file_missing,
s005047,False,False,False,False,False,0,file_missing,
s005048,False,False,False,False,False,0,file_missing,
s005049,False,False,False,False,False,0,file_missing,
s005050,False,False,False,False,False,0,file_missing,
s005051,False,False,False,False,False,0,file_missing,
s005052,False,False,False,False,False,0,file_missing,
s005053,False,False,False,False,False,0,file_missing,
s005054,False,False,False,False,False,0,file_missing,
s005055,False,False,False,False,False,0,file_missing,
s005056,False,False,False,False,False,0,file_missing,
s005057,False,False,False,False,False,0,file_missing,
s005058,False,False,False,False,False,0,file_missing,
s005059,False,False,False,False,False,0,file_missing,
s005060,False,False,False,False,False,0,file_missing,
s005061,False,False,False,False,False,0,file_missing,
s005062,False,False,False,False,False,0,file_missing,
s005063,False,False,False,False,False,0,file_missing,
s005064,False,False,False,False,False,0,file_missing,
s005065,False,False,False,False,False,0,file_missing,
s005066,False,False,False,False,False,0,file_missing,
s005067,False,False,False,False,False,0,file_missing,
s005068,False,False,False,False,False,0,file_missing,
s005069,False,False,False,False,False,0,file_missing,
s005070,False,False,False,False,False,0,file_missing,
s005071,False,False,False,False,False,0,file_missing,
s005072,False,False,False,False,False,0,file_missing,
s005073,False,False,False,False,False,0,file_missing,
s005074,False,False,False,False,False,0,file_missing,
s005075,False,False,False,False,False,0,file_missing,
s005076,False,False,False,False,False,0,file_missing,
s005077,False,False,False,False,False,0,file_missing,
s005078,False,False,False,False,False,0,file_missing,
s005079,False,False,False,False,False,0,file_missing,
s005080,False,False,False,False,False,0,file_missing,
s005081,False,False,False,False,False,0,file_missing,
s005082,False,False,False,False,False,0,file_missing,
s005083,False,False,False,False,False,0,file_missing,
s005084,False,False,False,False,False,0,file_missing,
s005085,False,False,False,False,False,0,file_missing,
s005086,False,False,False,False,False,0,file_missing,
s005087,False,False,False,False,False,0,file_missing,
s005088,False,False,False,False,False,0,file_missing,
s005089,False,False,False,False,False,0,file_missing,
s005090,False,False,False,False,False,0,file_missing,
s005091,False,False,False,False,False,0,file_missing,
s005092,False,False,False,False,False,0,file_missing,
s005093,False,False,False,False,False,0,file_missing,
s005094,False,False,False,False,False,0,file_missing,
s005095,False,False,False,False,False,0,file_missing,
s005096,False,False,False,False,False,0,file_missing,
s005097,False,False,False,False,False,0,file_missing,
s005098,False,False,False,False,False,0,file_missing,
s005099,False,False,False,False,False,0,file_missing,
s005100,False,False,False,False,False,0,file_missing,
s005101,False,False,False,False,False,0,file_missing,
s005102,False,False,False,False,False,0,file_missing,
s005103,False,False,False,False,False,0,file_missing,
s005104,False,False,False,False,False,0,file_missing,
s005105,False,False,False,False,False,0,file_missing,
s005106,False,False,False,False,False,0,file_missing,
s005107,False,False,False,False,False,0,file_missing,
s005108,False,False,False,False,False,0,file_missing,
s005109,False,False,False,False,False,0,file_missing,
s005110,False,False,False,False,False,0,file_missing,
s005111,False,False,False,False,False,0,file_missing,
s005112,False,False,False,False,False,0,file_missing,
s005113,False,False,False,False,False,0,file_missing,
s005114,False,False,False,False,False,0,file_missing,
s005115,False,False,False,False,False,0,file_missing,
s005116,False,False,False,False,False,0,file_missing,
s005117,False,False,False,False,False,0,file_missing,
s005118,False,False,False,False,False,0,file_missing,
s005119,False,False,False,False,False,0,file_missing,
s005120,False,False,False,False,False,0,file_missing,
s005121,False,False,False,False,False,0,file_missing,
s005122,False,False,False,False,False,0,file_missing,
s005123,False,False,False,False,False,0,file_missing,
s005124,False,False,False,False,False,0,file_missing,
s005125,False,False,False,False,False,0,file_missing,
s005126,False,False,False,False,False,0,file_missing,
s005127,False,False,False,False,False,0,file_missing,
s005128,False,False,False,False,False,0,file_missing,
s005129,False,False,False,False,False,0,file_missing,
s005130,False,False,False,False,False,0,file_missing,
s005131,False,False,False,False,False,0,file_missing,
s005132,False,False,False,False,False,0,file_missing,
s005133,False,False,False,False,False,0,file_missing,
s005134,False,False,False,False,False,0,file_missing,
s005135,False,False,False,False,False,0,file_missing,
s005136,False,False,False,False,False,0,file_missing,
s005137,False,False,False,False,False,0,file_missing,
s005138,False,False,False,False,False,0,file_missing,
s005139,False,False,False,False,False,0,file_missing,
s005140,False,False,False,False,False,0,file_missing,
s005141,False,False,False,False,False,0,file_missing,
s005142,False,False,False,False,False,0,file_missing,
s005143,False,False,False,False,False,0,file_missing,
s005144,False,False,False,False,False,0,file_missing,
s005145,False,False,False,False,False,0,file_missing,
s005146,False,False,False,False,False,0,file_missing,
s005147,False,False,False,False,False,0,file_missing,
s005148,False,False,False,False,False,0,file_missing,
s005149,False,False,False,False,False,0,file_missing,
s005150,False,False,False,False,False,0,file_missing,
s005151,False,False,False,False,False,0,file_missing,
s005152,False,False,False,False,False,0,file_missing,
s005153,False,False,False,False,False,0,file_missing,
s005154,False,False,False,False,False,0,file_missing,
s005155,False,False,False,False,False,0,file_missing,
s005156,False,False,False,False,False,0,file_missing,
s005157,False,False,False,False,False,0,file_missing,
s005158,False,False,False,False,False,0,file_missing,
s005159,False,False,False,False,False,0,file_missing,
s005160,False,False,False,False,False,0,file_missing,
s005161,False,False,False,False,False,0,file_missing,
s005162,False,False,False,False,False,0,file_missing,
s005163,False,False,False,False,False,0,file_missing,
s005164,False,False,False,False,False,0,file_missing,
s005165,False,False,False,False,False,0,file_missing,
s005166,False,False,False,False,False,0,file_missing,
s005167,False,False,False,False,False,0,file_missing,
s005168,False,False,False,False,False,0,file_missing,
s005169,False,False,False,False,False,0,file_missing,
s005170,False,False,False,False,False,0,file_missing,
s005171,False,False,False,False,False,0,file_missing,
s005172,False,False,False,False,False,0,file_missing,
s005173,False,False,False,False,False,0,file_missing,
s005174,False,False,False,False,False,0,file_missing,
s005175,False,False,False,False,False,0,file_missing,
s005176,False,False,False,False,False,0,file_missing,
s005177,False,False,False,False,False,0,file_missing,
s005178,False,False,False,False,False,0,file_missing,
s005179,False,False,False,False,False,0,file_missing,
s005180,False,False,False,False,False,0,file_missing,
s005181,False,False,False,False,False,0,file_missing,
s005182,False,False,False,False,False,0,file_missing,
s005183,False,False,False,False,False,0,file_missing,
s005184,False,False,False,False,False,0,file_missing,
s005185,False,False,False,False,False,0,file_missing,
s005186,False,False,False,False,False,0,file_missing,
s005187,False,False,False,False,False,0,file_missing,
s005188,False,False,False,False,False,0,file_missing,
s005189,False,False,False,False,False,0,file_missing,
s005190,False,False,False,False,False,0,file_missing,
s005191,False,False,False,False,False,0,file_missing,
s005192,False,False,False,False,False,0,file_missing,
s005193,False,False,False,False,False,0,file_missing,
s005194,False,False,False,False,False,0,file_missing,
s005195,False,False,False,False,False,0,file_missing,
s005196,False,False,False,False,False,0,file_missing,
s005197,False,False,False,False,False,0,file_missing,
s005198,False,False,False,False,False,0,file_missing,
s005199,False,False,False,False,False,0,file_missing,
s005200,False,False,False,False,False,0,file_missing,
s005201,False,False,False,False,False,0,file_missing,
s005202,False,False,False,False,False,0,file_missing,
s005203,False,False,False,False,False,0,file_missing,
s005204,False,False,False,False,False,0,file_missing,
s005205,False,False,False,False,False,0,file_missing,
s005206,False,False,False,False,False,0,file_missing,
s005207,False,False,False,False,False,0,file_missing,
s005208,False,False,False,False,False,0,file_missing,
s005209,False,False,False,False,False,0,file_missing,
s005210,False,False,False,False,False,0,file_missing,
s005211,False,False,False,False,False,0,file_missing,
s005212,False,False,False,False,False,0,file_missing,
s005213,False,False,False,False,False,0,file_missing,
s005214,False,False,False,False,False,0,file_missing,
s005215,False,False,False,False,False,0,file_missing,
s005216,False,False,False,False,False,0,file_missing,
s005217,False,False,False,False,False,0,file_missing,
s005218,False,False,False,False,False,0,file_missing,
s005219,False,False,False,False,False,0,file_missing,
s005220,False,False,False,False,False,0,file_missing,
s005221,False,False,False,False,False,0,file_missing,
s005222,False,False,False,False,False,0,file_missing,
s005223,False,False,False,False,False,0,file_missing,
s005224,False,False,False,False,False,0,file_missing,
s005225,False,False,False,False,False,0,file_missing,
s005226,False,False,False,False,False,0,file_missing,
s005227,False,False,False,False,False,0,file_missing,
s005228,False,False,False,False,False,0,file_missing,
s005229,False,False,False,False,False,0,file_missing,
s005230,False,False,False,False,False,0,file_missing,
s005231,False,False,False,False,False,0,file_missing,
s005232,False,False,False,False,False,0,file_missing,
s005233,False,False,False,False,False,0,file_missing,
s005234,False,False,False,False,False,0,file_missing,
s005235,False,False,False,False,False,0,file_missing,
s005236,False,False,False,False,False,0,file_missing,
s005237,False,False,False,False,False,0,file_missing,
s005238,False,False,False,False,False,0,file_missing,
s005239,False,False,False,False,False,0,file_missing,
s005240,False,False,False,False,False,0,file_missing,
s005241,False,False,False,False,False,0,file_missing,
s005242,False,False,False,False,False,0,file_missing,
s005243,False,False,False,False,False,0,file_missing,
s005244,False,False,False,False,False,0,file_missing,
s005245,False,False,False,False,False,0,file_missing,
s005246,False,False,False,False,False,0,file_missing,
s005247,False,False,False,False,False,0,file_missing,
s005248,False,False,False,False,False,0,file_missing,
s005249,False,False,False,False,False,0,file_missing,
s005250,False,False,False,False,False,0,file_missing,
s005251,False,False,False,False,False,0,file_missing,
s005252,False,False,False,False,False,0,file_missing,
s005253,False,False,False,False,False,0,file_missing,
s005254,False,False,False,False,False,0,file_missing,
s005255,False,False,False,False,False,0,file_missing,
s005256,False,False,False,False,False,0,file_missing,
s005257,False,False,False,False,False,0,file_missing,
s005258,False,False,False,False,False,0,file_missing,
s005259,False,False,False,False,False,0,file_missing,
s005260,False,False,False,False,False,0,file_missing,
s005261,False,False,False,False,False,0,file_missing,
s005262,False,False,False,False,False,0,file_missing,
s005263,False,False,False,False,False,0,file_missing,
s005264,False,False,False,False,False,0,file_missing,
s005265,False,False,False,False,False,0,file_missing,
s005266,False,False,False,False,False,0,file_missing,
s005267,False,False,False,False,False,0,file_missing,
s005268,False,False,False,False,False,0,file_missing,
s005269,False,False,False,False,False,0,file_missing,
s005270,False,False,False,False,False,0,file_missing,
s005271,False,False,False,False,False,0,file_missing,
s005272,False,False,False,False,False,0,file_missing,
s005273,False,False,False,False,False,0,file_missing,
s005274,False,False,False,False,False,0,file_missing,
s005275,False,False,False,False,False,0,file_missing,
s005276,False,False,False,False,False,0,file_missing,
s005277,False,False,False,False,False,0,file_missing,
s005278,False,False,False,False,False,0,file_missing,
s005279,False,False,False,False,False,0,file_missing,
s005280,False,False,False,False,False,0,file_missing,
s005281,False,False,False,False,False,0,file_missing,
s005282,False,False,False,False,False,0,file_missing,
s005283,False,False,False,False,False,0,file_missing,
s005284,False,False,False,False,False,0,file_missing,
s005285,False,False,False,False,False,0,file_missing,
s005286,False,False,False,False,False,0,file_missing,
s005287,False,False,False,False,False,0,file_missing,
s005288,False,False,False,False,False,0,file_missing,
s005289,False,False,False,False,False,0,file_missing,
s005290,False,False,False,False,False,0,file_missing,
s005291,False,False,False,False,False,0,file_missing,
s005292,False,False,False,False,False,0,file_missing,
s005293,False,False,False,False,False,0,file_missing,
s005294,False,False,False,False,False,0,file_missing,
s005295,False,False,False,False,False,0,file_missing,
s005296,False,False,False,False,False,0,file_missing,
s005297,False,False,False,False,False,0,file_missing,
s005298,False,False,False,False,False,0,file_missing,
s005299,False,False,False,False,False,0,file_missing,
s005300,False,False,False,False,False,0,file_missing,
s005301,False,False,False,False,False,0,file_missing,
s005302,False,False,False,False,False,0,file_missing,
s005303,False,False,False,False,False,0,file_missing,
s005304,False,False,False,False,False,0,file_missing,
s005305,False,False,False,False,False,0,file_missing,
s005306,False,False,False,False,False,0,file_missing,
s005307,False,False,False,False,False,0,file_missing,
s005308,False,False,False,False,False,0,file_missing,
s005309,False,False,False,False,False,0,file_missing,
s005310,False,False,False,False,False,0,file_missing,
s005311,False,False,False,False,False,0,file_missing,
s005312,False,False,False,False,False,0,file_missing,
s005313,False,False,False,False,False,0,file_missing,
s005314,False,False,False,False,False,0,file_missing,
s005315,False,False,False,False,False,0,file_missing,
s005316,False,False,False,False,False,0,file_missing,
s005317,False,False,False,False,False,0,file_missing,
s005318,False,False,False,False,False,0,file_missing,
s005319,False,False,False,False,False,0,file_missing,
s005320,False,False,False,False,False,0,file_missing,
s005321,False,False,False,False,False,0,file_missing,
s005322,False,False,False,False,False,0,file_missing,
s005323,False,False,False,False,False,0,file_missing,
s005324,False,False,False,False,False,0,file_missing,
s005325,False,False,False,False,False,0,file_missing,
s005326,False,False,False,False,False,0,file_missing,
s005327,False,False,False,False,False,0,file_missing,
s005328,False,False,False,False,False,0,file_missing,
s005329,False,False,False,False,False,0,file_missing,
s005330,False,False,False,False,False,0,file_missing,
s005331,False,False,False,False,False,0,file_missing,
s005332,False,False,False,False,False,0,file_missing,
s005333,False,False,False,False,False,0,file_missing,
s005334,False,False,False,False,False,0,file_missing,
s005335,False,False,False,False,False,0,file_missing,
s005336,False,False,False,False,False,0,file_missing,
s005337,False,False,False,False,False,0,file_missing,
s005338,False,False,False,False,False,0,file_missing,
s005339,False,False,False,False,False,0,file_missing,
s005340,False,False,False,False,False,0,file_missing,
s005341,False,False,False,False,False,0,file_missing,
s005342,False,False,False,False,False,0,file_missing,
s005343,False,False,False,False,False,0,file_missing,
s005344,False,False,False,False,False,0,file_missing,
s005345,False,False,False,False,False,0,file_missing,
s005346,False,False,False,False,False,0,file_missing,
s005347,False,False,False,False,False,0,file_missing,
s005348,False,False,False,False,False,0,file_missing,
s005349,False,False,False,False,False,0,file_missing,
s005350,False,False,False,False,False,0,file_missing,
s005351,False,False,False,False,False,0,file_missing,
s005352,False,False,False,False,False,0,file_missing,
s005353,False,False,False,False,False,0,file_missing,
s005354,False,False,False,False,False,0,file_missing,
s005355,False,False,False,False,False,0,file_missing,
s005356,False,False,False,False,False,0,file_missing,
s005357,False,False,False,False,False,0,file_missing,
s005358,False,False,False,False,False,0,file_missing,
s005359,False,False,False,False,False,0,file_missing,
s005360,False,False,False,False,False,0,file_missing,
s005361,False,False,False,False,False,0,file_missing,
s005362,False,False,False,False,False,0,file_missing,
s005363,False,False,False,False,False,0,file_missing,
s005364,False,False,False,False,False,0,file_missing,
s005365,False,False,False,False,False,0,file_missing,
s005366,False,False,False,False,False,0,file_missing,
s005367,False,False,False,False,False,0,file_missing,
s005368,False,False,False,False,False,0,file_missing,
s005369,False,False,False,False,False,0,file_missing,
s005370,False,False,False,False,False,0,file_missing,
s005371,False,False,False,False,False,0,file_missing,
s005372,False,False,False,False,False,0,file_missing,
s005373,False,False,False,False,False,0,file_missing,
s005374,False,False,False,False,False,0,file_missing,
s005375,False,False,False,False,False,0,file_missing,
s005376,False,False,False,False,False,0,file_missing,
s005377,False,False,False,False,False,0,file_missing,
s005378,False,False,False,False,False,0,file_missing,
s005379,False,False,False,False,False,0,file_missing,
s005380,False,False,False,False,False,0,file_missing,
s005381,False,False,False,False,False,0,file_missing,
s005382,False,False,False,False,False,0,file_missing,
s005383,False,False,False,False,False,0,file_missing,
s005384,False,False,False,False,False,0,file_missing,
s005385,False,False,False,False,False,0,file_missing,
s005386,False,False,False,False,False,0,file_missing,
s005387,False,False,False,False,False,0,file_missing,
s005388,False,False,False,False,False,0,file_missing,
s005389,False,False,False,False,False,0,file_missing,
s005390,False,False,False,False,False,0,file_missing,
s005391,False,False,False,False,False,0,file_missing,
s005392,False,False,False,False,False,0,file_missing,
s005393,False,False,False,False,False,0,file_missing,
s005394,False,False,False,False,False,0,file_missing,
s005395,False,False,False,False,False,0,file_missing,
s005396,False,False,False,False,False,0,file_missing,
s005397,False,False,False,False,False,0,file_missing,
s005398,False,False,False,False,False,0,file_missing,
s005399,False,False,False,False,False,0,file_missing,
s005400,False,False,False,False,False,0,file_missing,
s005401,False,False,False,False,False,0,file_missing,
s005402,False,False,False,False,False,0,file_missing,
s005403,False,False,False,False,False,0,file_missing,
s005404,False,False,False,False,False,0,file_missing,
s005405,False,False,False,False,False,0,file_missing,
s005406,False,False,False,False,False,0,file_missing,
s005407,False,False,False,False,False,0,file_missing,
s005408,False,False,False,False,False,0,file_missing,
s005409,False,False,False,False,False,0,file_missing,
s005410,False,False,False,False,False,0,file_missing,
s005411,False,False,False,False,False,0,file_missing,
s005412,False,False,False,False,False,0,file_missing,
s005413,False,False,False,False,False,0,file_missing,
s005414,False,False,False,False,False,0,file_missing,
s005415,False,False,False,False,False,0,file_missing,
s005416,False,False,False,False,False,0,file_missing,
s005417,False,False,False,False,False,0,file_missing,
s005418,False,False,False,False,False,0,file_missing,
s005419,False,False,False,False,False,0,file_missing,
s005420,False,False,False,False,False,0,file_missing,
s005421,False,False,False,False,False,0,file_missing,
s005422,False,False,False,False,False,0,file_missing,
s005423,False,False,False,False,False,0,file_missing,
s005424,False,False,False,False,False,0,file_missing,
s005425,False,False,False,False,False,0,file_missing,
s005426,False,False,False,False,False,0,file_missing,
s005427,False,False,False,False,False,0,file_missing,
s005428,False,False,False,False,False,0,file_missing,
s005429,False,False,False,False,False,0,file_missing,
s005430,False,False,False,False,False,0,file_missing,
s005431,False,False,False,False,False,0,file_missing,
s005432,False,False,False,False,False,0,file_missing,
s005433,False,False,False,False,False,0,file_missing,
s005434,False,False,False,False,False,0,file_missing,
s005435,False,False,False,False,False,0,file_missing,
s005436,False,False,False,False,False,0,file_missing,
s005437,False,False,False,False,False,0,file_missing,
s005438,False,False,False,False,False,0,file_missing,
s005439,False,False,False,False,False,0,file_missing,
s005440,False,False,False,False,False,0,file_missing,
s005441,False,False,False,False,False,0,file_missing,
s005442,False,False,False,False,False,0,file_missing,
s005443,False,False,False,False,False,0,file_missing,
s005444,False,False,False,False,False,0,file_missing,
s005445,False,False,False,False,False,0,file_missing,
s005446,False,False,False,False,False,0,file_missing,
s005447,False,False,False,False,False,0,file_missing,
s005448,False,False,False,False,False,0,file_missing,
s005449,False,False,False,False,False,0,file_missing,
s005450,False,False,False,False,False,0,file_missing,
s005451,False,False,False,False,False,0,file_missing,
s005452,False,False,False,False,False,0,file_missing,
s005453,False,False,False,False,False,0,file_missing,
s005454,False,False,False,False,False,0,file_missing,
s005455,False,False,False,False,False,0,file_missing,
s005456,False,False,False,False,False,0,file_missing,
s005457,False,False,False,False,False,0,file_missing,
s005458,False,False,False,False,False,0,file_missing,
s005459,False,False,False,False,False,0,file_missing,
s005460,False,False,False,False,False,0,file_missing,
s005461,False,False,False,False,False,0,file_missing,
s005462,False,False,False,False,False,0,file_missing,
s005463,False,False,False,False,False,0,file_missing,
s005464,False,False,False,False,False,0,file_missing,
s005465,False,False,False,False,False,0,file_missing,
s005466,False,False,False,False,False,0,file_missing,
s005467,False,False,False,False,False,0,file_missing,
s005468,False,False,False,False,False,0,file_missing,
s005469,False,False,False,False,False,0,file_missing,
s005470,False,False,False,False,False,0,file_missing,
s005471,False,False,False,False,False,0,file_missing,
s005472,False,False,False,False,False,0,file_missing,
s005473,False,False,False,False,False,0,file_missing,
s005474,False,False,False,False,False,0,file_missing,
s005475,False,False,False,False,False,0,file_missing,
s005476,False,False,False,False,False,0,file_missing,
s005477,False,False,False,False,False,0,file_missing,
s005478,False,False,False,False,False,0,file_missing,
s005479,False,False,False,False,False,0,file_missing,
s005480,False,False,False,False,False,0,file_missing,
s005481,False,False,False,False,False,0,file_missing,
s005482,False,False,False,False,False,0,file_missing,
s005483,False,False,False,False,False,0,file_missing,
s005484,False,False,False,False,False,0,file_missing,
s005485,False,False,False,False,False,0,file_missing,
s005486,False,False,False,False,False,0,file_missing,
s005487,False,False,False,False,False,0,file_missing,
s005488,False,False,False,False,False,0,file_missing,
s005489,False,False,False,False,False,0,file_missing,
s005490,False,False,False,False,False,0,file_missing,
s005491,False,False,False,False,False,0,file_missing,
s005492,False,False,False,False,False,0,file_missing,
s005493,False,False,False,False,False,0,file_missing,
s005494,False,False,False,False,False,0,file_missing,
s005495,False,False,False,False,False,0,file_missing,
s005496,False,False,False,False,False,0,file_missing,
s005497,False,False,False,False,False,0,file_missing,
s005498,False,False,False,False,False,0,file_missing,
s005499,False,False,False,False,False,0,file_missing,
s005500,False,False,False,False,False,0,file_missing,
s005501,False,False,False,False,False,0,file_missing,
s005502,False,False,False,False,False,0,file_missing,
s005503,False,False,False,False,False,0,file_missing,
s005504,False,False,False,False,False,0,file_missing,
s005505,False,False,False,False,False,0,file_missing,
s005506,False,False,False,False,False,0,file_missing,
s005507,False,False,False,False,False,0,file_missing,
s005508,False,False,False,False,False,0,file_missing,
s005509,False,False,False,False,False,0,file_missing,
s005510,False,False,False,False,False,0,file_missing,
s005511,False,False,False,False,False,0,file_missing,
s005512,False,False,False,False,False,0,file_missing,
s005513,False,False,False,False,False,0,file_missing,
s005514,False,False,False,False,False,0,file_missing,
s005515,False,False,False,False,False,0,file_missing,
s005516,False,False,False,False,False,0,file_missing,
s005517,False,False,False,False,False,0,file_missing,
s005518,False,False,False,False,False,0,file_missing,
s005519,False,False,False,False,False,0,file_missing,
s005520,False,False,False,False,False,0,file_missing,
s005521,False,False,False,False,False,0,file_missing,
s005522,False,False,False,False,False,0,file_missing,
s005523,False,False,False,False,False,0,file_missing,
s005524,False,False,False,False,False,0,file_missing,
s005525,False,False,False,False,False,0,file_missing,
s005526,False,False,False,False,False,0,file_missing,
s005527,False,False,False,False,False,0,file_missing,
s005528,False,False,False,False,False,0,file_missing,
s005529,False,False,False,False,False,0,file_missing,
s005530,False,False,False,False,False,0,file_missing,
s005531,False,False,False,False,False,0,file_missing,
s005532,False,False,False,False,False,0,file_missing,
s005533,False,False,False,False,False,0,file_missing,
s005534,False,False,False,False,False,0,file_missing,
s005535,False,False,False,False,False,0,file_missing,
s005536,False,False,False,False,False,0,file_missing,
s005537,False,False,False,False,False,0,file_missing,
s005538,False,False,False,False,False,0,file_missing,
s005539,False,False,False,False,False,0,file_missing,
s005540,False,False,False,False,False,0,file_missing,
s005541,False,False,False,False,False,0,file_missing,
s005542,False,False,False,False,False,0,file_missing,
s005543,False,False,False,False,False,0,file_missing,
s005544,False,False,False,False,False,0,file_missing,
s005545,False,False,False,False,False,0,file_missing,
s005546,False,False,False,False,False,0,file_missing,
s005547,False,False,False,False,False,0,file_missing,
s005548,False,False,False,False,False,0,file_missing,
s005549,False,False,False,False,False,0,file_missing,
s005550,False,False,False,False,False,0,file_missing,
s005551,False,False,False,False,False,0,file_missing,
s005552,False,False,False,False,False,0,file_missing,
s005553,False,False,False,False,False,0,file_missing,
s005554,False,False,False,False,False,0,file_missing,
s005555,False,False,False,False,False,0,file_missing,
s005556,False,False,False,False,False,0,file_missing,
s005557,False,False,False,False,False,0,file_missing,
s005558,False,False,False,False,False,0,file_missing,
s005559,False,False,False,False,False,0,file_missing,
s005560,False,False,False,False,False,0,file_missing,
s005561,False,False,False,False,False,0,file_missing,
s005562,False,False,False,False,False,0,file_missing,
s005563,False,False,False,False,False,0,file_missing,
s005564,False,False,False,False,False,0,file_missing,
s005565,False,False,False,False,False,0,file_missing,
s005566,False,False,False,False,False,0,file_missing,
s005567,False,False,False,False,False,0,file_missing,
s005568,False,False,False,False,False,0,file_missing,
s005569,False,False,False,False,False,0,file_missing,
s005570,False,False,False,False,False,0,file_missing,
s005571,False,False,False,False,False,0,file_missing,
s005572,False,False,False,False,False,0,file_missing,
s005573,False,False,False,False,False,0,file_missing,
s005574,False,False,False,False,False,0,file_missing,
s005575,False,False,False,False,False,0,file_missing,
s005576,False,False,False,False,False,0,file_missing,
s005577,False,False,False,False,False,0,file_missing,
s005578,False,False,False,False,False,0,file_missing,
s005579,False,False,False,False,False,0,file_missing,
s005580,False,False,False,False,False,0,file_missing,
s005581,False,False,False,False,False,0,file_missing,
s005582,False,False,False,False,False,0,file_missing,
s005583,False,False,False,False,False,0,file_missing,
s005584,False,False,False,False,False,0,file_missing,
s005585,False,False,False,False,False,0,file_missing,
s005586,False,False,False,False,False,0,file_missing,
s005587,False,False,False,False,False,0,file_missing,
s005588,False,False,False,False,False,0,file_missing,
s005589,False,False,False,False,False,0,file_missing,
s005590,False,False,False,False,False,0,file_missing,
s005591,False,False,False,False,False,0,file_missing,
s005592,False,False,False,False,False,0,file_missing,
s005593,False,False,False,False,False,0,file_missing,
s005594,False,False,False,False,False,0,file_missing,
s005595,False,False,False,False,False,0,file_missing,
s005596,False,False,False,False,False,0,file_missing,
s005597,False,False,False,False,False,0,file_missing,
s005598,False,False,False,False,False,0,file_missing,
s005599,False,False,False,False,False,0,file_missing,
s005600,False,False,False,False,False,0,file_missing,
s005601,False,False,False,False,False,0,file_missing,
s005602,False,False,False,False,False,0,file_missing,
s005603,False,False,False,False,False,0,file_missing,
s005604,False,False,False,False,False,0,file_missing,
s005605,False,False,False,False,False,0,file_missing,
s005606,False,False,False,False,False,0,file_missing,
s005607,False,False,False,False,False,0,file_missing,
s005608,False,False,False,False,False,0,file_missing,
s005609,False,False,False,False,False,0,file_missing,
s005610,False,False,False,False,False,0,file_missing,
s005611,False,False,False,False,False,0,file_missing,
s005612,False,False,False,False,False,0,file_missing,
s005613,False,False,False,False,False,0,file_missing,
s005614,False,False,False,False,False,0,file_missing,
s005615,False,False,False,False,False,0,file_missing,
s005616,False,False,False,False,False,0,file_missing,
s005617,False,False,False,False,False,0,file_missing,
s005618,False,False,False,False,False,0,file_missing,
s005619,False,False,False,False,False,0,file_missing,
s005620,False,False,False,False,False,0,file_missing,
s005621,False,False,False,False,False,0,file_missing,
s005622,False,False,False,False,False,0,file_missing,
s005623,False,False,False,False,False,0,file_missing,
s005624,False,False,False,False,False,0,file_missing,
s005625,False,False,False,False,False,0,file_missing,
s005626,False,False,False,False,False,0,file_missing,
s005627,False,False,False,False,False,0,file_missing,
s005628,False,False,False,False,False,0,file_missing,
s005629,False,False,False,False,False,0,file_missing,
s005630,False,False,False,False,False,0,file_missing,
s005631,False,False,False,False,False,0,file_missing,
s005632,False,False,False,False,False,0,file_missing,
s005633,False,False,False,False,False,0,file_missing,
s005634,False,False,False,False,False,0,file_missing,
s005635,False,False,False,False,False,0,file_missing,
s005636,False,False,False,False,False,0,file_missing,
s005637,False,False,False,False,False,0,file_missing,
s005638,False,False,False,False,False,0,file_missing,
s005639,False,False,False,False,False,0,file_missing,
s005640,False,False,False,False,False,0,file_missing,
s005641,False,False,False,False,False,0,file_missing,
s005642,False,False,False,False,False,0,file_missing,
s005643,False,False,False,False,False,0,file_missing,
s005644,False,False,False,False,False,0,file_missing,
s005645,False,False,False,False,False,0,file_missing,
s005646,False,False,False,False,False,0,file_missing,
s005647,False,False,False,False,False,0,file_missing,
s005648,False,False,False,False,False,0,file_missing,
s005649,False,False,False,False,False,0,file_missing,
s005650,False,False,False,False,False,0,file_missing,
s005651,False,False,False,False,False,0,file_missing,
s005652,False,False,False,False,False,0,file_missing,
s005653,False,False,False,False,False,0,file_missing,
s005654,False,False,False,False,False,0,file_missing,
s005655,False,False,False,False,False,0,file_missing,
s005656,False,False,False,False,False,0,file_missing,
s005657,False,False,False,False,False,0,file_missing,
s005658,False,False,False,False,False,0,file_missing,
s005659,False,False,False,False,False,0,file_missing,
s005660,False,False,False,False,False,0,file_missing,
s005661,False,False,False,False,False,0,file_missing,
s005662,False,False,False,False,False,0,file_missing,
s005663,False,False,False,False,False,0,file_missing,
s005664,False,False,False,False,False,0,file_missing,
s005665,False,False,False,False,False,0,file_missing,
s005666,False,False,False,False,False,0,file_missing,
s005667,False,False,False,False,False,0,file_missing,
s005668,False,False,False,False,False,0,file_missing,
s005669,False,False,False,False,False,0,file_missing,
s005670,False,False,False,False,False,0,file_missing,
s005671,False,False,False,False,False,0,file_missing,
s005672,False,False,False,False,False,0,file_missing,
s005673,False,False,False,False,False,0,file_missing,
s005674,False,False,False,False,False,0,file_missing,
s005675,False,False,False,False,False,0,file_missing,
s005676,False,False,False,False,False,0,file_missing,
s005677,False,False,False,False,False,0,file_missing,
s005678,False,False,False,False,False,0,file_missing,
s005679,False,False,False,False,False,0,file_missing,
s005680,False,False,False,False,False,0,file_missing,
s005681,False,False,False,False,False,0,file_missing,
s005682,False,False,False,False,False,0,file_missing,
s005683,False,False,False,False,False,0,file_missing,
s005684,False,False,False,False,False,0,file_missing,
s005685,False,False,False,False,False,0,file_missing,
s005686,False,False,False,False,False,0,file_missing,
s005687,False,False,False,False,False,0,file_missing,
s005688,False,False,False,False,False,0,file_missing,
s005689,False,False,False,False,False,0,file_missing,
s005690,False,False,False,False,False,0,file_missing,
s005691,False,False,False,False,False,0,file_missing,
s005692,False,False,False,False,False,0,file_missing,
s005693,False,False,False,False,False,0,file_missing,
s005694,False,False,False,False,False,0,file_missing,
s005695,False,False,False,False,False,0,file_missing,
s005696,False,False,False,False,False,0,file_missing,
s005697,False,False,False,False,False,0,file_missing,
s005698,False,False,False,False,False,0,file_missing,
s005699,False,False,False,False,False,0,file_missing,
s005700,False,False,False,False,False,0,file_missing,
s005701,False,False,False,False,False,0,file_missing,
s005702,False,False,False,False,False,0,file_missing,
s005703,False,False,False,False,False,0,file_missing,
s005704,False,False,False,False,False,0,file_missing,
s005705,False,False,False,False,False,0,file_missing,
s005706,False,False,False,False,False,0,file_missing,
s005707,False,False,False,False,False,0,file_missing,
s005708,False,False,False,False,False,0,file_missing,
s005709,False,False,False,False,False,0,file_missing,
s005710,False,False,False,False,False,0,file_missing,
s005711,False,False,False,False,False,0,file_missing,
s005712,False,False,False,False,False,0,file_missing,
s005713,False,False,False,False,False,0,file_missing,
s005714,False,False,False,False,False,0,file_missing,
s005715,False,False,False,False,False,0,file_missing,
s005716,False,False,False,False,False,0,file_missing,
s005717,False,False,False,False,False,0,file_missing,
s005718,False,False,False,False,False,0,file_missing,
s005719,False,False,False,False,False,0,file_missing,
s005720,False,False,False,False,False,0,file_missing,
s005721,False,False,False,False,False,0,file_missing,
s005722,False,False,False,False,False,0,file_missing,
s005723,False,False,False,False,False,0,file_missing,
s005724,False,False,False,False,False,0,file_missing,
s005725,False,False,False,False,False,0,file_missing,
s005726,False,False,False,False,False,0,file_missing,
s005727,False,False,False,False,False,0,file_missing,
s005728,False,False,False,False,False,0,file_missing,
s005729,False,False,False,False,False,0,file_missing,
s005730,False,False,False,False,False,0,file_missing,
s005731,False,False,False,False,False,0,file_missing,
s005732,False,False,False,False,False,0,file_missing,
s005733,False,False,False,False,False,0,file_missing,
s005734,False,False,False,False,False,0,file_missing,
s005735,False,False,False,False,False,0,file_missing,
s005736,False,False,False,False,False,0,file_missing,
s005737,False,False,False,False,False,0,file_missing,
s005738,False,False,False,False,False,0,file_missing,
s005739,False,False,False,False,False,0,file_missing,
s005740,False,False,False,False,False,0,file_missing,
s005741,False,False,False,False,False,0,file_missing,
s005742,False,False,False,False,False,0,file_missing,
s005743,False,False,False,False,False,0,file_missing,
s005744,False,False,False,False,False,0,file_missing,
s005745,False,False,False,False,False,0,file_missing,
s005746,False,False,False,False,False,0,file_missing,
s005747,False,False,False,False,False,0,file_missing,
s005748,False,False,False,False,False,0,file_missing,
s005749,False,False,False,False,False,0,file_missing,
s005750,False,False,False,False,False,0,file_missing,
s005751,False,False,False,False,False,0,file_missing,
s005752,False,False,False,False,False,0,file_missing,
s005753,False,False,False,False,False,0,file_missing,
s005754,False,False,False,False,False,0,file_missing,
s005755,False,False,False,False,False,0,file_missing,
s005756,False,False,False,False,False,0,file_missing,
s005757,False,False,False,False,False,0,file_missing,
s005758,False,False,False,False,False,0,file_missing,
s005759,False,False,False,False,False,0,file_missing,
s005760,False,False,False,False,False,0,file_missing,
s005761,False,False,False,False,False,0,file_missing,
s005762,False,False,False,False,False,0,file_missing,
s005763,False,False,False,False,False,0,file_missing,
s005764,False,False,False,False,False,0,file_missing,
s005765,False,False,False,False,False,0,file_missing,
s005766,False,False,False,False,False,0,file_missing,
s005767,False,False,False,False,False,0,file_missing,
s005768,False,False,False,False,False,0,file_missing,
s005769,False,False,False,False,False,0,file_missing,
s005770,False,False,False,False,False,0,file_missing,
s005771,False,False,False,False,False,0,file_missing,
s005772,False,False,False,False,False,0,file_missing,
s005773,False,False,False,False,False,0,file_missing,
s005774,False,False,False,False,False,0,file_missing,
s005775,False,False,False,False,False,0,file_missing,
s005776,False,False,False,False,False,0,file_missing,
s005777,False,False,False,False,False,0,file_missing,
s005778,False,False,False,False,False,0,file_missing,
s005779,False,False,False,False,False,0,file_missing,
s005780,False,False,False,False,False,0,file_missing,
s005781,False,False,False,False,False,0,file_missing,
s005782,False,False,False,False,False,0,file_missing,
s005783,False,False,False,False,False,0,file_missing,
s005784,False,False,False,False,False,0,file_missing,
s005785,False,False,False,False,False,0,file_missing,
s005786,False,False,False,False,False,0,file_missing,
s005787,False,False,False,False,False,0,file_missing,
s005788,False,False,False,False,False,0,file_missing,
s005789,False,False,False,False,False,0,file_missing,
s005790,False,False,False,False,False,0,file_missing,
s005791,False,False,False,False,False,0,file_missing,
s005792,False,False,False,False,False,0,file_missing,
s005793,False,False,False,False,False,0,file_missing,
s005794,False,False,False,False,False,0,file_missing,
s005795,False,False,False,False,False,0,file_missing,
s005796,False,False,False,False,False,0,file_missing,
s005797,False,False,False,False,False,0,file_missing,
s005798,False,False,False,False,False,0,file_missing,
s005799,False,False,False,False,False,0,file_missing,
s005800,False,False,False,False,False,0,file_missing,
s005801,False,False,False,False,False,0,file_missing,
s005802,False,False,False,False,False,0,file_missing,
s005803,False,False,False,False,False,0,file_missing,
s005804,False,False,False,False,False,0,file_missing,
s005805,False,False,False,False,False,0,file_missing,
s005806,False,False,False,False,False,0,file_missing,
s005807,False,False,False,False,False,0,file_missing,
s005808,False,False,False,False,False,0,file_missing,
s005809,False,False,False,False,False,0,file_missing,
s005810,False,False,False,False,False,0,file_missing,
s005811,False,False,False,False,False,0,file_missing,
s005812,False,False,False,False,False,0,file_missing,
s005813,False,False,False,False,False,0,file_missing,
s005814,False,False,False,False,False,0,file_missing,
s005815,False,False,False,False,False,0,file_missing,
s005816,False,False,False,False,False,0,file_missing,
s005817,False,False,False,False,False,0,file_missing,
s005818,False,False,False,False,False,0,file_missing,
s005819,False,False,False,False,False,0,file_missing,
s005820,False,False,False,False,False,0,file_missing,
s005821,False,False,False,False,False,0,file_missing,
s005822,False,False,False,False,False,0,file_missing,
s005823,False,False,False,False,False,0,file_missing,
s005824,False,False,False,False,False,0,file_missing,
s005825,False,False,False,False,False,0,file_missing,
s005826,False,False,False,False,False,0,file_missing,
s005827,False,False,False,False,False,0,file_missing,
s005828,False,False,False,False,False,0,file_missing,
s005829,False,False,False,False,False,0,file_missing,
s005830,False,False,False,False,False,0,file_missing,
s005831,False,False,False,False,False,0,file_missing,
s005832,False,False,False,False,False,0,file_missing,
s005833,False,False,False,False,False,0,file_missing,
s005834,False,False,False,False,False,0,file_missing,
s005835,False,False,False,False,False,0,file_missing,
s005836,False,False,False,False,False,0,file_missing,
s005837,False,False,False,False,False,0,file_missing,
s005838,False,False,False,False,False,0,file_missing,
s005839,False,False,False,False,False,0,file_missing,
s005840,False,False,False,False,False,0,file_missing,
s005841,False,False,False,False,False,0,file_missing,
s005842,False,False,False,False,False,0,file_missing,
s005843,False,False,False,False,False,0,file_missing,
s005844,False,False,False,False,False,0,file_missing,
s005845,False,False,False,False,False,0,file_missing,
s005846,False,False,False,False,False,0,file_missing,
s005847,False,False,False,False,False,0,file_missing,
s005848,False,False,False,False,False,0,file_missing,
s005849,False,False,False,False,False,0,file_missing,
s005850,False,False,False,False,False,0,file_missing,
s005851,False,False,False,False,False,0,file_missing,
s005852,False,False,False,False,False,0,file_missing,
s005853,False,False,False,False,False,0,file_missing,
s005854,False,False,False,False,False,0,file_missing,
s005855,False,False,False,False,False,0,file_missing,
s005856,False,False,False,False,False,0,file_missing,
s005857,False,False,False,False,False,0,file_missing,
s005858,False,False,False,False,False,0,file_missing,
s005859,False,False,False,False,False,0,file_missing,
s005860,False,False,False,False,False,0,file_missing,
s005861,False,False,False,False,False,0,file_missing,
s005862,False,False,False,False,False,0,file_missing,
s005863,False,False,False,False,False,0,file_missing,
s005864,False,False,False,False,False,0,file_missing,
s005865,False,False,False,False,False,0,file_missing,
s005866,False,False,False,False,False,0,file_missing,
s005867,False,False,False,False,False,0,file_missing,
s005868,False,False,False,False,False,0,file_missing,
s005869,False,False,False,False,False,0,file_missing,
s005870,False,False,False,False,False,0,file_missing,
s005871,False,False,False,False,False,0,file_missing,
s005872,False,False,False,False,False,0,file_missing,
s005873,False,False,False,False,False,0,file_missing,
s005874,False,False,False,False,False,0,file_missing,
s005875,False,False,False,False,False,0,file_missing,
s005876,False,False,False,False,False,0,file_missing,
s005877,False,False,False,False,False,0,file_missing,
s005878,False,False,False,False,False,0,file_missing,
s005879,False,False,False,False,False,0,file_missing,
s005880,False,False,False,False,False,0,file_missing,
s005881,False,False,False,False,False,0,file_missing,
s005882,False,False,False,False,False,0,file_missing,
s005883,False,False,False,False,False,0,file_missing,
s005884,False,False,False,False,False,0,file_missing,
s005885,False,False,False,False,False,0,file_missing,
s005886,False,False,False,False,False,0,file_missing,
s005887,False,False,False,False,False,0,file_missing,
s005888,False,False,False,False,False,0,file_missing,
s005889,False,False,False,False,False,0,file_missing,
s005890,False,False,False,False,False,0,file_missing,
s005891,False,False,False,False,False,0,file_missing,
s005892,False,False,False,False,False,0,file_missing,
s005893,False,False,False,False,False,0,file_missing,
s005894,False,False,False,False,False,0,file_missing,
s005895,False,False,False,False,False,0,file_missing,
s005896,False,False,False,False,False,0,file_missing,
s005897,False,False,False,False,False,0,file_missing,
s005898,False,False,False,False,False,0,file_missing,
s005899,False,False,False,False,False,0,file_missing,
s005900,False,False,False,False,False,0,file_missing,
s005901,False,False,False,False,False,0,file_missing,
s005902,False,False,False,False,False,0,file_missing,
s005903,False,False,False,False,False,0,file_missing,
s005904,False,False,False,False,False,0,file_missing,
s005905,False,False,False,False,False,0,file_missing,
s005906,False,False,False,False,False,0,file_missing,
s005907,False,False,False,False,False,0,file_missing,
s005908,False,False,False,False,False,0,file_missing,
s005909,False,False,False,False,False,0,file_missing,
s005910,False,False,False,False,False,0,file_missing,
s005911,False,False,False,False,False,0,file_missing,
s005912,False,False,False,False,False,0,file_missing,
s005913,False,False,False,False,False,0,file_missing,
s005914,False,False,False,False,False,0,file_missing,
s005915,False,False,False,False,False,0,file_missing,
s005916,False,False,False,False,False,0,file_missing,
s005917,False,False,False,False,False,0,file_missing,
s005918,False,False,False,False,False,0,file_missing,
s005919,False,False,False,False,False,0,file_missing,
s005920,False,False,False,False,False,0,file_missing,
s005921,False,False,False,False,False,0,file_missing,
s005922,False,False,False,False,False,0,file_missing,
s005923,False,False,False,False,False,0,file_missing,
s005924,False,False,False,False,False,0,file_missing,
s005925,False,False,False,False,False,0,file_missing,
s005926,False,False,False,False,False,0,file_missing,
s005927,False,False,False,False,False,0,file_missing,
s005928,False,False,False,False,False,0,file_missing,
s005929,False,False,False,False,False,0,file_missing,
s005930,False,False,False,False,False,0,file_missing,
s005931,False,False,False,False,False,0,file_missing,
s005932,False,False,False,False,False,0,file_missing,
s005933,False,False,False,False,False,0,file_missing,
s005934,False,False,False,False,False,0,file_missing,
s005935,False,False,False,False,False,0,file_missing,
s005936,False,False,False,False,False,0,file_missing,
s005937,False,False,False,False,False,0,file_missing,
s005938,False,False,False,False,False,0,file_missing,
s005939,False,False,False,False,False,0,file_missing,
s005940,False,False,False,False,False,0,file_missing,
s005941,False,False,False,False,False,0,file_missing,
s005942,False,False,False,False,False,0,file_missing,
s005943,False,False,False,False,False,0,file_missing,
s005944,False,False,False,False,False,0,file_missing,
s005945,False,False,False,False,False,0,file_missing,
s005946,False,False,False,False,False,0,file_missing,
s005947,False,False,False,False,False,0,file_missing,
s005948,False,False,False,False,False,0,file_missing,
s005949,False,False,False,False,False,0,file_missing,
s005950,False,False,False,False,False,0,file_missing,
s005951,False,False,False,False,False,0,file_missing,
s005952,False,False,False,False,False,0,file_missing,
s005953,False,False,False,False,False,0,file_missing,
s005954,False,False,False,False,False,0,file_missing,
s005955,False,False,False,False,False,0,file_missing,
s005956,False,False,False,False,False,0,file_missing,
s005957,False,False,False,False,False,0,file_missing,
s005958,False,False,False,False,False,0,file_missing,
s005959,False,False,False,False,False,0,file_missing,
s005960,False,False,False,False,False,0,file_missing,
s005961,False,False,False,False,False,0,file_missing,
s005962,False,False,False,False,False,0,file_missing,
s005963,False,False,False,False,False,0,file_missing,
s005964,False,False,False,False,False,0,file_missing,
s005965,False,False,False,False,False,0,file_missing,
s005966,False,False,False,False,False,0,file_missing,
s005967,False,False,False,False,False,0,file_missing,
s005968,False,False,False,False,False,0,file_missing,
s005969,False,False,False,False,False,0,file_missing,
s005970,False,False,False,False,False,0,file_missing,
s005971,False,False,False,False,False,0,file_missing,
s005972,False,False,False,False,False,0,file_missing,
s005973,False,False,False,False,False,0,file_missing,
s005974,False,False,False,False,False,0,file_missing,
s005975,False,False,False,False,False,0,file_missing,
s005976,False,False,False,False,False,0,file_missing,
s005977,False,False,False,False,False,0,file_missing,
s005978,False,False,False,False,False,0,file_missing,
s005979,False,False,False,False,False,0,file_missing,
s005980,False,False,False,False,False,0,file_missing,
s005981,False,False,False,False,False,0,file_missing,
s005982,False,False,False,False,False,0,file_missing,
s005983,False,False,False,False,False,0,file_missing,
s005984,False,False,False,False,False,0,file_missing,
s005985,False,False,False,False,False,0,file_missing,
s005986,False,False,False,False,False,0,file_missing,
s005987,False,False,False,False,False,0,file_missing,
s005988,False,False,False,False,False,0,file_missing,
s005989,False,False,False,False,False,0,file_missing,
s005990,False,False,False,False,False,0,file_missing,
s005991,False,False,False,False,False,0,file_missing,
s005992,False,False,False,False,False,0,file_missing,
s005993,False,False,False,False,False,0,file_missing,
s005994,False,False,False,False,False,0,file_missing,
s005995,False,False,False,False,False,0,file_missing,
s005996,False,False,False,False,False,0,file_missing,
s005997,False,False,False,False,False,0,file_missing,
s005998,False,False,False,False,False,0,file_missing,
s005999,False,False,False,False,False,0,file_missing,
s006000,False,False,False,False,False,0,file_missing,
s006001,False,False,False,False,False,0,file_missing,
s006002,False,False,False,False,False,0,file_missing,
s006003,False,False,False,False,False,0,file_missing,
s006004,False,False,False,False,False,0,file_missing,
s006005,False,False,False,False,False,0,file_missing,
s006006,False,False,False,False,False,0,file_missing,
s006007,False,False,False,False,False,0,file_missing,
s006008,False,False,False,False,False,0,file_missing,
s006009,False,False,False,False,False,0,file_missing,
s006010,False,False,False,False,False,0,file_missing,
s006011,False,False,False,False,False,0,file_missing,
s006012,False,False,False,False,False,0,file_missing,
s006013,False,False,False,False,False,0,file_missing,
s006014,False,False,False,False,False,0,file_missing,
s006015,False,False,False,False,False,0,file_missing,
s006016,False,False,False,False,False,0,file_missing,
s006017,False,False,False,False,False,0,file_missing,
s006018,False,False,False,False,False,0,file_missing,
s006019,False,False,False,False,False,0,file_missing,
s006020,False,False,False,False,False,0,file_missing,
s006021,False,False,False,False,False,0,file_missing,
s006022,False,False,False,False,False,0,file_missing,
s006023,False,False,False,False,False,0,file_missing,
s006024,False,False,False,False,False,0,file_missing,
s006025,False,False,False,False,False,0,file_missing,
s006026,False,False,False,False,False,0,file_missing,
s006027,False,False,False,False,False,0,file_missing,
s006028,False,False,False,False,False,0,file_missing,
s006029,False,False,False,False,False,0,file_missing,
s006030,False,False,False,False,False,0,file_missing,
s006031,False,False,False,False,False,0,file_missing,
s006032,False,False,False,False,False,0,file_missing,
s006033,False,False,False,False,False,0,file_missing,
s006034,False,False,False,False,False,0,file_missing,
s006035,False,False,False,False,False,0,file_missing,
s006036,False,False,False,False,False,0,file_missing,
s006037,False,False,False,False,False,0,file_missing,
s006038,False,False,False,False,False,0,file_missing,
s006039,False,False,False,False,False,0,file_missing,
s006040,False,False,False,False,False,0,file_missing,
s006041,False,False,False,False,False,0,file_missing,
s006042,False,False,False,False,False,0,file_missing,
s006043,False,False,False,False,False,0,file_missing,
s006044,False,False,False,False,False,0,file_missing,
s006045,False,False,False,False,False,0,file_missing,
s006046,False,False,False,False,False,0,file_missing,
s006047,False,False,False,False,False,0,file_missing,
s006048,False,False,False,False,False,0,file_missing,
s006049,False,False,False,False,False,0,file_missing,
s006050,False,False,False,False,False,0,file_missing,
s006051,False,False,False,False,False,0,file_missing,
s006052,False,False,False,False,False,0,file_missing,
s006053,False,False,False,False,False,0,file_missing,
s006054,False,False,False,False,False,0,file_missing,
s006055,False,False,False,False,False,0,file_missing,
s006056,False,False,False,False,False,0,file_missing,
s006057,False,False,False,False,False,0,file_missing,
s006058,False,False,False,False,False,0,file_missing,
s006059,False,False,False,False,False,0,file_missing,
s006060,False,False,False,False,False,0,file_missing,
s006061,False,False,False,False,False,0,file_missing,
s006062,False,False,False,False,False,0,file_missing,
s006063,False,False,False,False,False,0,file_missing,
s006064,False,False,False,False,False,0,file_missing,
s006065,False,False,False,False,False,0,file_missing,
s006066,False,False,False,False,False,0,file_missing,
s006067,False,False,False,False,False,0,file_missing,
s006068,False,False,False,False,False,0,file_missing,
s006069,False,False,False,False,False,0,file_missing,
s006070,False,False,False,False,False,0,file_missing,
s006071,False,False,False,False,False,0,file_missing,
s006072,False,False,False,False,False,0,file_missing,
s006073,False,False,False,False,False,0,file_missing,
s006074,False,False,False,False,False,0,file_missing,
s006075,False,False,False,False,False,0,file_missing,
s006076,False,False,False,False,False,0,file_missing,
s006077,False,False,False,False,False,0,file_missing,
s006078,False,False,False,False,False,0,file_missing,
s006079,False,False,False,False,False,0,file_missing,
s006080,False,False,False,False,False,0,file_missing,
s006081,False,False,False,False,False,0,file_missing,
s006082,False,False,False,False,False,0,file_missing,
s006083,False,False,False,False,False,0,file_missing,
s006084,False,False,False,False,False,0,file_missing,
s006085,False,False,False,False,False,0,file_missing,
s006086,False,False,False,False,False,0,file_missing,
s006087,False,False,False,False,False,0,file_missing,
s006088,False,False,False,False,False,0,file_missing,
s006089,False,False,False,False,False,0,file_missing,
s006090,False,False,False,False,False,0,file_missing,
s006091,False,False,False,False,False,0,file_missing,
s006092,False,False,False,False,False,0,file_missing,
s006093,False,False,False,False,False,0,file_missing,
s006094,False,False,False,False,False,0,file_missing,
s006095,False,False,False,False,False,0,file_missing,
s006096,False,False,False,False,False,0,file_missing,
s006097,False,False,False,False,False,0,file_missing,
s006098,False,False,False,False,False,0,file_missing,
s006099,False,False,False,False,False,0,file_missing,
s006100,False,False,False,False,False,0,file_missing,
s006101,False,False,False,False,False,0,file_missing,
s006102,False,False,False,False,False,0,file_missing,
s006103,False,False,False,False,False,0,file_missing,
s006104,False,False,False,False,False,0,file_missing,
s006105,False,False,False,False,False,0,file_missing,
s006106,False,False,False,False,False,0,file_missing,
s006107,False,False,False,False,False,0,file_missing,
s006108,False,False,False,False,False,0,file_missing,
s006109,False,False,False,False,False,0,file_missing,
s006110,False,False,False,False,False,0,file_missing,
s006111,False,False,False,False,False,0,file_missing,
s006112,False,False,False,False,False,0,file_missing,
s006113,False,False,False,False,False,0,file_missing,
s006114,False,False,False,False,False,0,file_missing,
s006115,False,False,False,False,False,0,file_missing,
s006116,False,False,False,False,False,0,file_missing,
s006117,False,False,False,False,False,0,file_missing,
s006118,False,False,False,False,False,0,file_missing,
s006119,False,False,False,False,False,0,file_missing,
s006120,False,False,False,False,False,0,file_missing,
s006121,False,False,False,False,False,0,file_missing,
s006122,False,False,False,False,False,0,file_missing,
s006123,False,False,False,False,False,0,file_missing,
s006124,False,False,False,False,False,0,file_missing,
s006125,False,False,False,False,False,0,file_missing,
s006126,False,False,False,False,False,0,file_missing,
s006127,False,False,False,False,False,0,file_missing,
s006128,False,False,False,False,False,0,file_missing,
s006129,False,False,False,False,False,0,file_missing,
s006130,False,False,False,False,False,0,file_missing,
s006131,False,False,False,False,False,0,file_missing,
s006132,False,False,False,False,False,0,file_missing,
s006133,False,False,False,False,False,0,file_missing,
s006134,False,False,False,False,False,0,file_missing,
s006135,False,False,False,False,False,0,file_missing,
s006136,False,False,False,False,False,0,file_missing,
s006137,False,False,False,False,False,0,file_missing,
s006138,False,False,False,False,False,0,file_missing,
s006139,False,False,False,False,False,0,file_missing,
s006140,False,False,False,False,False,0,file_missing,
s006141,False,False,False,False,False,0,file_missing,
s006142,False,False,False,False,False,0,file_missing,
s006143,False,False,False,False,False,0,file_missing,
s006144,False,False,False,False,False,0,file_missing,
s006145,False,False,False,False,False,0,file_missing,
s006146,False,False,False,False,False,0,file_missing,
s006147,False,False,False,False,False,0,file_missing,
s006148,False,False,False,False,False,0,file_missing,
s006149,False,False,False,False,False,0,file_missing,
s006150,False,False,False,False,False,0,file_missing,
s006151,False,False,False,False,False,0,file_missing,
s006152,False,False,False,False,False,0,file_missing,
s006153,False,False,False,False,False,0,file_missing,
s006154,False,False,False,False,False,0,file_missing,
s006155,False,False,False,False,False,0,file_missing,
s006156,False,False,False,False,False,0,file_missing,
s006157,False,False,False,False,False,0,file_missing,
s006158,False,False,False,False,False,0,file_missing,
s006159,False,False,False,False,False,0,file_missing,
s006160,False,False,False,False,False,0,file_missing,
s006161,False,False,False,False,False,0,file_missing,
s006162,False,False,False,False,False,0,file_missing,
s006163,False,False,False,False,False,0,file_missing,
s006164,False,False,False,False,False,0,file_missing,
s006165,False,False,False,False,False,0,file_missing,
s006166,False,False,False,False,False,0,file_missing,
s006167,False,False,False,False,False,0,file_missing,
s006168,False,False,False,False,False,0,file_missing,
s006169,False,False,False,False,False,0,file_missing,
s006170,False,False,False,False,False,0,file_missing,
s006171,False,False,False,False,False,0,file_missing,
s006172,False,False,False,False,False,0,file_missing,
s006173,False,False,False,False,False,0,file_missing,
s006174,False,False,False,False,False,0,file_missing,
s006175,False,False,False,False,False,0,file_missing,
s006176,False,False,False,False,False,0,file_missing,
s006177,False,False,False,False,False,0,file_missing,
s006178,False,False,False,False,False,0,file_missing,
s006179,False,False,False,False,False,0,file_missing,
s006180,False,False,False,False,False,0,file_missing,
s006181,False,False,False,False,False,0,file_missing,
s006182,False,False,False,False,False,0,file_missing,
s006183,False,False,False,False,False,0,file_missing,
s006184,False,False,False,False,False,0,file_missing,
s006185,False,False,False,False,False,0,file_missing,
s006186,False,False,False,False,False,0,file_missing,
s006187,False,False,False,False,False,0,file_missing,
s006188,False,False,False,False,False,0,file_missing,
s006189,False,False,False,False,False,0,file_missing,
s006190,False,False,False,False,False,0,file_missing,
s006191,False,False,False,False,False,0,file_missing,
s006192,False,False,False,False,False,0,file_missing,
s006193,False,False,False,False,False,0,file_missing,
s006194,False,False,False,False,False,0,file_missing,
s006195,False,False,False,False,False,0,file_missing,
s006196,False,False,False,False,False,0,file_missing,
s006197,False,False,False,False,False,0,file_missing,
s006198,False,False,False,False,False,0,file_missing,
s006199,False,False,False,False,False,0,file_missing,
s006200,False,False,False,False,False,0,file_missing,
s006201,False,False,False,False,False,0,file_missing,
s006202,False,False,False,False,False,0,file_missing,
s006203,False,False,False,False,False,0,file_missing,
s006204,False,False,False,False,False,0,file_missing,
s006205,False,False,False,False,False,0,file_missing,
s006206,False,False,False,False,False,0,file_missing,
s006207,False,False,False,False,False,0,file_missing,
s006208,False,False,False,False,False,0,file_missing,
s006209,False,False,False,False,False,0,file_missing,
s006210,False,False,False,False,False,0,file_missing,
s006211,False,False,False,False,False,0,file_missing,
s006212,False,False,False,False,False,0,file_missing,
s006213,False,False,False,False,False,0,file_missing,
s006214,False,False,False,False,False,0,file_missing,
s006215,False,False,False,False,False,0,file_missing,
s006216,False,False,False,False,False,0,file_missing,
s006217,False,False,False,False,False,0,file_missing,
s006218,False,False,False,False,False,0,file_missing,
s006219,False,False,False,False,False,0,file_missing,
s006220,False,False,False,False,False,0,file_missing,
s006221,False,False,False,False,False,0,file_missing,
s006222,False,False,False,False,False,0,file_missing,
s006223,False,False,False,False,False,0,file_missing,
s006224,False,False,False,False,False,0,file_missing,
s006225,False,False,False,False,False,0,file_missing,
s006226,False,False,False,False,False,0,file_missing,
s006227,False,False,False,False,False,0,file_missing,
s006228,False,False,False,False,False,0,file_missing,
s006229,False,False,False,False,False,0,file_missing,
s006230,False,False,False,False,False,0,file_missing,
s006231,False,False,False,False,False,0,file_missing,
s006232,False,False,False,False,False,0,file_missing,
s006233,False,False,False,False,False,0,file_missing,
s006234,False,False,False,False,False,0,file_missing,
s006235,False,False,False,False,False,0,file_missing,
s006236,False,False,False,False,False,0,file_missing,
s006237,False,False,False,False,False,0,file_missing,
s006238,False,False,False,False,False,0,file_missing,
s006239,False,False,False,False,False,0,file_missing,
s006240,False,False,False,False,False,0,file_missing,
s006241,False,False,False,False,False,0,file_missing,
s006242,False,False,False,False,False,0,file_missing,
s006243,False,False,False,False,False,0,file_missing,
s006244,False,False,False,False,False,0,file_missing,
s006245,False,False,False,False,False,0,file_missing,
s006246,False,False,False,False,False,0,file_missing,
s006247,False,False,False,False,False,0,file_missing,
s006248,False,False,False,False,False,0,file_missing,
s006249,False,False,False,False,False,0,file_missing,
s006250,False,False,False,False,False,0,file_missing,
s006251,False,False,False,False,False,0,file_missing,
s006252,False,False,False,False,False,0,file_missing,
s006253,False,False,False,False,False,0,file_missing,
s006254,False,False,False,False,False,0,file_missing,
s006255,False,False,False,False,False,0,file_missing,
s006256,False,False,False,False,False,0,file_missing,
s006257,False,False,False,False,False,0,file_missing,
s006258,False,False,False,False,False,0,file_missing,
s006259,False,False,False,False,False,0,file_missing,
s006260,False,False,False,False,False,0,file_missing,
s006261,False,False,False,False,False,0,file_missing,
s006262,False,False,False,False,False,0,file_missing,
s006263,False,False,False,False,False,0,file_missing,
s006264,False,False,False,False,False,0,file_missing,
s006265,False,False,False,False,False,0,file_missing,
s006266,False,False,False,False,False,0,file_missing,
s006267,False,False,False,False,False,0,file_missing,
s006268,False,False,False,False,False,0,file_missing,
s006269,False,False,False,False,False,0,file_missing,
s006270,False,False,False,False,False,0,file_missing,
s006271,False,False,False,False,False,0,file_missing,
s006272,False,False,False,False,False,0,file_missing,
s006273,False,False,False,False,False,0,file_missing,
s006274,False,False,False,False,False,0,file_missing,
s006275,False,False,False,False,False,0,file_missing,
s006276,False,False,False,False,False,0,file_missing,
s006277,False,False,False,False,False,0,file_missing,
s006278,False,False,False,False,False,0,file_missing,
s006279,False,False,False,False,False,0,file_missing,
s006280,False,False,False,False,False,0,file_missing,
s006281,False,False,False,False,False,0,file_missing,
s006282,False,False,False,False,False,0,file_missing,
s006283,False,False,False,False,False,0,file_missing,
s006284,False,False,False,False,False,0,file_missing,
s006285,False,False,False,False,False,0,file_missing,
s006286,False,False,False,False,False,0,file_missing,
s006287,False,False,False,False,False,0,file_missing,
s006288,False,False,False,False,False,0,file_missing,
s006289,False,False,False,False,False,0,file_missing,
s006290,False,False,False,False,False,0,file_missing,
s006291,False,False,False,False,False,0,file_missing,
s006292,False,False,False,False,False,0,file_missing,
s006293,False,False,False,False,False,0,file_missing,
s006294,False,False,False,False,False,0,file_missing,
s006295,False,False,False,False,False,0,file_missing,
s006296,False,False,False,False,False,0,file_missing,
s006297,False,False,False,False,False,0,file_missing,
s006298,False,False,False,False,False,0,file_missing,
s006299,False,False,False,False,False,0,file_missing,
s006300,False,False,False,False,False,0,file_missing,
s006301,False,False,False,False,False,0,file_missing,
s006302,False,False,False,False,False,0,file_missing,
s006303,False,False,False,False,False,0,file_missing,
s006304,False,False,False,False,False,0,file_missing,
s006305,False,False,False,False,False,0,file_missing,
s006306,False,False,False,False,False,0,file_missing,
s006307,False,False,False,False,False,0,file_missing,
s006308,False,False,False,False,False,0,file_missing,
s006309,False,False,False,False,False,0,file_missing,
s006310,False,False,False,False,False,0,file_missing,
s006311,False,False,False,False,False,0,file_missing,
s006312,False,False,False,False,False,0,file_missing,
s006313,False,False,False,False,False,0,file_missing,
s006314,False,False,False,False,False,0,file_missing,
s006315,False,False,False,False,False,0,file_missing,
s006316,False,False,False,False,False,0,file_missing,
s006317,False,False,False,False,False,0,file_missing,
s006318,False,False,False,False,False,0,file_missing,
s006319,False,False,False,False,False,0,file_missing,
s006320,False,False,False,False,False,0,file_missing,
s006321,False,False,False,False,False,0,file_missing,
s006322,False,False,False,False,False,0,file_missing,
s006323,False,False,False,False,False,0,file_missing,
s006324,False,False,False,False,False,0,file_missing,
s006325,False,False,False,False,False,0,file_missing,
s006326,False,False,False,False,False,0,file_missing,
s006327,False,False,False,False,False,0,file_missing,
s006328,False,False,False,False,False,0,file_missing,
s006329,False,False,False,False,False,0,file_missing,
s006330,False,False,False,False,False,0,file_missing,
s006331,False,False,False,False,False,0,file_missing,
s006332,False,False,False,False,False,0,file_missing,
s006333,False,False,False,False,False,0,file_missing,
s006334,False,False,False,False,False,0,file_missing,
s006335,False,False,False,False,False,0,file_missing,
s006336,False,False,False,False,False,0,file_missing,
s006337,False,False,False,False,False,0,file_missing,
s006338,False,False,False,False,False,0,file_missing,
s006339,False,False,False,False,False,0,file_missing,
s006340,False,False,False,False,False,0,file_missing,
s006341,False,False,False,False,False,0,file_missing,
s006342,False,False,False,False,False,0,file_missing,
s006343,False,False,False,False,False,0,file_missing,
s006344,False,False,False,False,False,0,file_missing,
s006345,False,False,False,False,False,0,file_missing,
s006346,False,False,False,False,False,0,file_missing,
s006347,False,False,False,False,False,0,file_missing,
s006348,False,False,False,False,False,0,file_missing,
s006349,False,False,False,False,False,0,file_missing,
s006350,False,False,False,False,False,0,file_missing,
s006351,False,False,False,False,False,0,file_missing,
s006352,False,False,False,False,False,0,file_missing,
s006353,False,False,False,False,False,0,file_missing,
s006354,False,False,False,False,False,0,file_missing,
s006355,False,False,False,False,False,0,file_missing,
s006356,False,False,False,False,False,0,file_missing,
s006357,False,False,False,False,False,0,file_missing,
s006358,False,False,False,False,False,0,file_missing,
s006359,False,False,False,False,False,0,file_missing,
s006360,False,False,False,False,False,0,file_missing,
s006361,False,False,False,False,False,0,file_missing,
s006362,False,False,False,False,False,0,file_missing,
s006363,False,False,False,False,False,0,file_missing,
s006364,False,False,False,False,False,0,file_missing,
s006365,False,False,False,False,False,0,file_missing,
s006366,False,False,False,False,False,0,file_missing,
s006367,False,False,False,False,False,0,file_missing,
s006368,False,False,False,False,False,0,file_missing,
s006369,False,False,False,False,False,0,file_missing,
s006370,False,False,False,False,False,0,file_missing,
s006371,False,False,False,False,False,0,file_missing,
s006372,False,False,False,False,False,0,file_missing,
s006373,False,False,False,False,False,0,file_missing,
s006374,False,False,False,False,False,0,file_missing,
s006375,False,False,False,False,False,0,file_missing,
s006376,False,False,False,False,False,0,file_missing,
s006377,False,False,False,False,False,0,file_missing,
s006378,False,False,False,False,False,0,file_missing,
s006379,False,False,False,False,False,0,file_missing,
s006380,False,False,False,False,False,0,file_missing,
s006381,False,False,False,False,False,0,file_missing,
s006382,False,False,False,False,False,0,file_missing,
s006383,False,False,False,False,False,0,file_missing,
s006384,False,False,False,False,False,0,file_missing,
s006385,False,False,False,False,False,0,file_missing,
s006386,False,False,False,False,False,0,file_missing,
s006387,False,False,False,False,False,0,file_missing,
s006388,False,False,False,False,False,0,file_missing,
s006389,False,False,False,False,False,0,file_missing,
s006390,False,False,False,False,False,0,file_missing,
s006391,False,False,False,False,False,0,file_missing,
s006392,False,False,False,False,False,0,file_missing,
s006393,False,False,False,False,False,0,file_missing,
s006394,False,False,False,False,False,0,file_missing,
s006395,False,False,False,False,False,0,file_missing,
s006396,False,False,False,False,False,0,file_missing,
s006397,False,False,False,False,False,0,file_missing,
s006398,False,False,False,False,False,0,file_missing,
s006399,False,False,False,False,False,0,file_missing,
s006400,False,False,False,False,False,0,file_missing,
s006401,False,False,False,False,False,0,file_missing,
s006402,False,False,False,False,False,0,file_missing,
s006403,False,False,False,False,False,0,file_missing,
s006404,False,False,False,False,False,0,file_missing,
s006405,False,False,False,False,False,0,file_missing,
s006406,False,False,False,False,False,0,file_missing,
s006407,False,False,False,False,False,0,file_missing,
s006408,False,False,False,False,False,0,file_missing,
s006409,False,False,False,False,False,0,file_missing,
s006410,False,False,False,False,False,0,file_missing,
s006411,False,False,False,False,False,0,file_missing,
s006412,False,False,False,False,False,0,file_missing,
s006413,False,False,False,False,False,0,file_missing,
s006414,False,False,False,False,False,0,file_missing,
s006415,False,False,False,False,False,0,file_missing,
s006416,False,False,False,False,False,0,file_missing,
s006417,False,False,False,False,False,0,file_missing,
s006418,False,False,False,False,False,0,file_missing,
s006419,False,False,False,False,False,0,file_missing,
s006420,False,False,False,False,False,0,file_missing,
s006421,False,False,False,False,False,0,file_missing,
s006422,False,False,False,False,False,0,file_missing,
s006423,False,False,False,False,False,0,file_missing,
s006424,False,False,False,False,False,0,file_missing,
s006425,False,False,False,False,False,0,file_missing,
s006426,False,False,False,False,False,0,file_missing,
s006427,False,False,False,False,False,0,file_missing,
s006428,False,False,False,False,False,0,file_missing,
s006429,False,False,False,False,False,0,file_missing,
s006430,False,False,False,False,False,0,file_missing,
s006431,False,False,False,False,False,0,file_missing,
s006432,False,False,False,False,False,0,file_missing,
s006433,False,False,False,False,False,0,file_missing,
s006434,False,False,False,False,False,0,file_missing,
s006435,False,False,False,False,False,0,file_missing,
s006436,False,False,False,False,False,0,file_missing,
s006437,False,False,False,False,False,0,file_missing,
s006438,False,False,False,False,False,0,file_missing,
s006439,False,False,False,False,False,0,file_missing,
s006440,False,False,False,False,False,0,file_missing,
s006441,False,False,False,False,False,0,file_missing,
s006442,False,False,False,False,False,0,file_missing,
s006443,False,False,False,False,False,0,file_missing,
s006444,False,False,False,False,False,0,file_missing,
s006445,False,False,False,False,False,0,file_missing,
s006446,False,False,False,False,False,0,file_missing,
s006447,False,False,False,False,False,0,file_missing,
s006448,False,False,False,False,False,0,file_missing,
s006449,False,False,False,False,False,0,file_missing,
s006450,False,False,False,False,False,0,file_missing,
s006451,False,False,False,False,False,0,file_missing,
s006452,False,False,False,False,False,0,file_missing,
s006453,False,False,False,False,False,0,file_missing,
s006454,False,False,False,False,False,0,file_missing,
s006455,False,False,False,False,False,0,file_missing,
s006456,False,False,False,False,False,0,file_missing,
s006457,False,False,False,False,False,0,file_missing,
s006458,False,False,False,False,False,0,file_missing,
s006459,False,False,False,False,False,0,file_missing,
s006460,False,False,False,False,False,0,file_missing,
s006461,False,False,False,False,False,0,file_missing,
s006462,False,False,False,False,False,0,file_missing,
s006463,False,False,False,False,False,0,file_missing,
s006464,False,False,False,False,False,0,file_missing,
s006465,False,False,False,False,False,0,file_missing,
s006466,False,False,False,False,False,0,file_missing,
s006467,False,False,False,False,False,0,file_missing,
s006468,False,False,False,False,False,0,file_missing,
s006469,False,False,False,False,False,0,file_missing,
s006470,False,False,False,False,False,0,file_missing,
s006471,False,False,False,False,False,0,file_missing,
s006472,False,False,False,False,False,0,file_missing,
s006473,False,False,False,False,False,0,file_missing,
s006474,False,False,False,False,False,0,file_missing,
s006475,False,False,False,False,False,0,file_missing,
s006476,False,False,False,False,False,0,file_missing,
s006477,False,False,False,False,False,0,file_missing,
s006478,False,False,False,False,False,0,file_missing,
s006479,False,False,False,False,False,0,file_missing,
s006480,False,False,False,False,False,0,file_missing,
s006481,False,False,False,False,False,0,file_missing,
s006482,False,False,False,False,False,0,file_missing,
s006483,False,False,False,False,False,0,file_missing,
s006484,False,False,False,False,False,0,file_missing,
s006485,False,False,False,False,False,0,file_missing,
s006486,False,False,False,False,False,0,file_missing,
s006487,False,False,False,False,False,0,file_missing,
s006488,False,False,False,False,False,0,file_missing,
s006489,False,False,False,False,False,0,file_missing,
s006490,False,False,False,False,False,0,file_missing,
s006491,False,False,False,False,False,0,file_missing,
s006492,False,False,False,False,False,0,file_missing,
s006493,False,False,False,False,False,0,file_missing,
s006494,False,False,False,False,False,0,file_missing,
s006495,False,False,False,False,False,0,file_missing,
s006496,False,False,False,False,False,0,file_missing,
s006497,False,False,False,False,False,0,file_missing,
s006498,False,False,False,False,False,0,file_missing,
s006499,False,False,False,False,False,0,file_missing,
s006500,False,False,False,False,False,0,file_missing,
s006501,False,False,False,False,False,0,file_missing,
s006502,False,False,False,False,False,0,file_missing,
s006503,False,False,False,False,False,0,file_missing,
s006504,False,False,False,False,False,0,file_missing,
s006505,False,False,False,False,False,0,file_missing,
s006506,False,False,False,False,False,0,file_missing,
s006507,False,False,False,False,False,0,file_missing,
s006508,False,False,False,False,False,0,file_missing,
s006509,False,False,False,False,False,0,file_missing,
s006510,False,False,False,False,False,0,file_missing,
s006511,False,False,False,False,False,0,file_missing,
s006512,False,False,False,False,False,0,file_missing,
s006513,False,False,False,False,False,0,file_missing,
s006514,False,False,False,False,False,0,file_missing,
s006515,False,False,False,False,False,0,file_missing,
s006516,False,False,False,False,False,0,file_missing,
s006517,False,False,False,False,False,0,file_missing,
s006518,False,False,False,False,False,0,file_missing,
s006519,False,False,False,False,False,0,file_missing,
s006520,False,False,False,False,False,0,file_missing,
s006521,False,False,False,False,False,0,file_missing,
s006522,False,False,False,False,False,0,file_missing,
s006523,False,False,False,False,False,0,file_missing,
s006524,False,False,False,False,False,0,file_missing,
s006525,False,False,False,False,False,0,file_missing,
s006526,False,False,False,False,False,0,file_missing,
s006527,False,False,False,False,False,0,file_missing,
s006528,False,False,False,False,False,0,file_missing,
s006529,False,False,False,False,False,0,file_missing,
s006530,False,False,False,False,False,0,file_missing,
s006531,False,False,False,False,False,0,file_missing,
s006532,False,False,False,False,False,0,file_missing,
s006533,False,False,False,False,False,0,file_missing,
s006534,False,False,False,False,False,0,file_missing,
s006535,False,False,False,False,False,0,file_missing,
s006536,False,False,False,False,False,0,file_missing,
s006537,False,False,False,False,False,0,file_missing,
s006538,False,False,False,False,False,0,file_missing,
s006539,False,False,False,False,False,0,file_missing,
s006540,False,False,False,False,False,0,file_missing,
s006541,False,False,False,False,False,0,file_missing,
s006542,False,False,False,False,False,0,file_missing,
s006543,False,False,False,False,False,0,file_missing,
s006544,False,False,False,False,False,0,file_missing,
s006545,False,False,False,False,False,0,file_missing,
s006546,False,False,False,False,False,0,file_missing,
s006547,False,False,False,False,False,0,file_missing,
s006548,False,False,False,False,False,0,file_missing,
s006549,False,False,False,False,False,0,file_missing,
s006550,False,False,False,False,False,0,file_missing,
s006551,False,False,False,False,False,0,file_missing,
s006552,False,False,False,False,False,0,file_missing,
s006553,False,False,False,False,False,0,file_missing,
s006554,False,False,False,False,False,0,file_missing,
s006555,False,False,False,False,False,0,file_missing,
s006556,False,False,False,False,False,0,file_missing,
s006557,False,False,False,False,False,0,file_missing,
s006558,False,False,False,False,False,0,file_missing,
s006559,False,False,False,False,False,0,file_missing,
s006560,False,False,False,False,False,0,file_missing,
s006561,False,False,False,False,False,0,file_missing,
s006562,False,False,False,False,False,0,file_missing,
s006563,False,False,False,False,False,0,file_missing,
s006564,False,False,False,False,False,0,file_missing,
s006565,False,False,False,False,False,0,file_missing,
s006566,False,False,False,False,False,0,file_missing,
s006567,False,False,False,False,False,0,file_missing,
s006568,False,False,False,False,False,0,file_missing,
s006569,False,False,False,False,False,0,file_missing,
s006570,False,False,False,False,False,0,file_missing,
s006571,False,False,False,False,False,0,file_missing,
s006572,False,False,False,False,False,0,file_missing,
s006573,False,False,False,False,False,0,file_missing,
s006574,False,False,False,False,False,0,file_missing,
s006575,False,False,False,False,False,0,file_missing,
s006576,False,False,False,False,False,0,file_missing,
s006577,False,False,False,False,False,0,file_missing,
s006578,False,False,False,False,False,0,file_missing,
s006579,False,False,False,False,False,0,file_missing,
s006580,False,False,False,False,False,0,file_missing,
s006581,False,False,False,False,False,0,file_missing,
s006582,False,False,False,False,False,0,file_missing,
s006583,False,False,False,False,False,0,file_missing,
s006584,False,False,False,False,False,0,file_missing,
s006585,False,False,False,False,False,0,file_missing,
s006586,False,False,False,False,False,0,file_missing,
s006587,False,False,False,False,False,0,file_missing,
s006588,False,False,False,False,False,0,file_missing,
s006589,False,False,False,False,False,0,file_missing,
s006590,False,False,False,False,False,0,file_missing,
s006591,False,False,False,False,False,0,file_missing,
s006592,False,False,False,False,False,0,file_missing,
s006593,False,False,False,False,False,0,file_missing,
s006594,False,False,False,False,False,0,file_missing,
s006595,False,False,False,False,False,0,file_missing,
s006596,False,False,False,False,False,0,file_missing,
s006597,False,False,False,False,False,0,file_missing,
s006598,False,False,False,False,False,0,file_missing,
s006599,False,False,False,False,False,0,file_missing,
s006600,False,False,False,False,False,0,file_missing,
s006601,False,False,False,False,False,0,file_missing,
s006602,False,False,False,False,False,0,file_missing,
s006603,False,False,False,False,False,0,file_missing,
s006604,False,False,False,False,False,0,file_missing,
s006605,False,False,False,False,False,0,file_missing,
s006606,False,False,False,False,False,0,file_missing,
s006607,False,False,False,False,False,0,file_missing,
s006608,False,False,False,False,False,0,file_missing,
s006609,False,False,False,False,False,0,file_missing,
s006610,False,False,False,False,False,0,file_missing,
s006611,False,False,False,False,False,0,file_missing,
s006612,False,False,False,False,False,0,file_missing,
s006613,False,False,False,False,False,0,file_missing,
s006614,False,False,False,False,False,0,file_missing,
s006615,False,False,False,False,False,0,file_missing,
s006616,False,False,False,False,False,0,file_missing,
s006617,False,False,False,False,False,0,file_missing,
s006618,False,False,False,False,False,0,file_missing,
s006619,False,False,False,False,False,0,file_missing,
s006620,False,False,False,False,False,0,file_missing,
s006621,False,False,False,False,False,0,file_missing,
s006622,False,False,False,False,False,0,file_missing,
s006623,False,False,False,False,False,0,file_missing,
s006624,False,False,False,False,False,0,file_missing,
s006625,False,False,False,False,False,0,file_missing,
s006626,False,False,False,False,False,0,file_missing,
s006627,False,False,False,False,False,0,file_missing,
s006628,False,False,False,False,False,0,file_missing,
s006629,False,False,False,False,False,0,file_missing,
s006630,False,False,False,False,False,0,file_missing,
s006631,False,False,False,False,False,0,file_missing,
s006632,False,False,False,False,False,0,file_missing,
s006633,False,False,False,False,False,0,file_missing,
s006634,False,False,False,False,False,0,file_missing,
s006635,False,False,False,False,False,0,file_missing,
s006636,False,False,False,False,False,0,file_missing,
s006637,False,False,False,False,False,0,file_missing,
s006638,False,False,False,False,False,0,file_missing,
s006639,False,False,False,False,False,0,file_missing,
s006640,False,False,False,False,False,0,file_missing,
s006641,False,False,False,False,False,0,file_missing,
s006642,False,False,False,False,False,0,file_missing,
s006643,False,False,False,False,False,0,file_missing,
s006644,False,False,False,False,False,0,file_missing,
s006645,False,False,False,False,False,0,file_missing,
s006646,False,False,False,False,False,0,file_missing,
s006647,False,False,False,False,False,0,file_missing,
s006648,False,False,False,False,False,0,file_missing,
s006649,False,False,False,False,False,0,file_missing,
s006650,False,False,False,False,False,0,file_missing,
s006651,False,False,False,False,False,0,file_missing,
s006652,False,False,False,False,False,0,file_missing,
s006653,False,False,False,False,False,0,file_missing,
s006654,False,False,False,False,False,0,file_missing,
s006655,False,False,False,False,False,0,file_missing,
s006656,False,False,False,False,False,0,file_missing,
s006657,False,False,False,False,False,0,file_missing,
s006658,False,False,False,False,False,0,file_missing,
s006659,False,False,False,False,False,0,file_missing,
s006660,False,False,False,False,False,0,file_missing,
s006661,False,False,False,False,False,0,file_missing,
s006662,False,False,False,False,False,0,file_missing,
s006663,False,False,False,False,False,0,file_missing,
s006664,False,False,False,False,False,0,file_missing,
s006665,False,False,False,False,False,0,file_missing,
s006666,False,False,False,False,False,0,file_missing,
s006667,False,False,False,False,False,0,file_missing,
s006668,False,False,False,False,False,0,file_missing,
s006669,False,False,False,False,False,0,file_missing,
s006670,False,False,False,False,False,0,file_missing,
s006671,False,False,False,False,False,0,file_missing,
s006672,False,False,False,False,False,0,file_missing,
s006673,False,False,False,False,False,0,file_missing,
s006674,False,False,False,False,False,0,file_missing,
s006675,False,False,False,False,False,0,file_missing,
s006676,False,False,False,False,False,0,file_missing,
s006677,False,False,False,False,False,0,file_missing,
s006678,False,False,False,False,False,0,file_missing,
s006679,False,False,False,False,False,0,file_missing,
s006680,False,False,False,False,False,0,file_missing,
s006681,False,False,False,False,False,0,file_missing,
s006682,False,False,False,False,False,0,file_missing,
s006683,False,False,False,False,False,0,file_missing,
s006684,False,False,False,False,False,0,file_missing,
s006685,False,False,False,False,False,0,file_missing,
s006686,False,False,False,False,False,0,file_missing,
s006687,False,False,False,False,False,0,file_missing,
s006688,False,False,False,False,False,0,file_missing,
s006689,False,False,False,False,False,0,file_missing,
s006690,False,False,False,False,False,0,file_missing,
s006691,False,False,False,False,False,0,file_missing,
s006692,False,False,False,False,False,0,file_missing,
s006693,False,False,False,False,False,0,file_missing,
s006694,False,False,False,False,False,0,file_missing,
s006695,False,False,False,False,False,0,file_missing,
s006696,False,False,False,False,False,0,file_missing,
s006697,False,False,False,False,False,0,file_missing,
s006698,False,False,False,False,False,0,file_missing,
s006699,False,False,False,False,False,0,file_missing,
s006700,False,False,False,False,False,0,file_missing,
s006701,False,False,False,False,False,0,file_missing,
s006702,False,False,False,False,False,0,file_missing,
s006703,False,False,False,False,False,0,file_missing,
s006704,False,False,False,False,False,0,file_missing,
s006705,False,False,False,False,False,0,file_missing,
s006706,False,False,False,False,False,0,file_missing,
s006707,False,False,False,False,False,0,file_missing,
s006708,False,False,False,False,False,0,file_missing,
s006709,False,False,False,False,False,0,file_missing,
s006710,False,False,False,False,False,0,file_missing,
s006711,False,False,False,False,False,0,file_missing,
s006712,False,False,False,False,False,0,file_missing,
s006713,False,False,False,False,False,0,file_missing,
s006714,False,False,False,False,False,0,file_missing,
s006715,False,False,False,False,False,0,file_missing,
s006716,False,False,False,False,False,0,file_missing,
s006717,False,False,False,False,False,0,file_missing,
s006718,False,False,False,False,False,0,file_missing,
s006719,False,False,False,False,False,0,file_missing,
s006720,False,False,False,False,False,0,file_missing,
s006721,False,False,False,False,False,0,file_missing,
s006722,False,False,False,False,False,0,file_missing,
s006723,False,False,False,False,False,0,file_missing,
s006724,False,False,False,False,False,0,file_missing,
s006725,False,False,False,False,False,0,file_missing,
s006726,False,False,False,False,False,0,file_missing,
s006727,False,False,False,False,False,0,file_missing,
s006728,False,False,False,False,False,0,file_missing,
s006729,False,False,False,False,False,0,file_missing,
s006730,False,False,False,False,False,0,file_missing,
s006731,False,False,False,False,False,0,file_missing,
s006732,False,False,False,False,False,0,file_missing,
s006733,False,False,False,False,False,0,file_missing,
s006734,False,False,False,False,False,0,file_missing,
s006735,False,False,False,False,False,0,file_missing,
s006736,False,False,False,False,False,0,file_missing,
s006737,False,False,False,False,False,0,file_missing,
s006738,False,False,False,False,False,0,file_missing,
s006739,False,False,False,False,False,0,file_missing,
s006740,False,False,False,False,False,0,file_missing,
s006741,False,False,False,False,False,0,file_missing,
s006742,False,False,False,False,False,0,file_missing,
s006743,False,False,False,False,False,0,file_missing,
s006744,False,False,False,False,False,0,file_missing,
s006745,False,False,False,False,False,0,file_missing,
s006746,False,False,False,False,False,0,file_missing,
s006747,False,False,False,False,False,0,file_missing,
s006748,False,False,False,False,False,0,file_missing,
s006749,False,False,False,False,False,0,file_missing,
s006750,False,False,False,False,False,0,file_missing,
s006751,False,False,False,False,False,0,file_missing,
s006752,False,False,False,False,False,0,file_missing,
s006753,False,False,False,False,False,0,file_missing,
s006754,False,False,False,False,False,0,file_missing,
s006755,False,False,False,False,False,0,file_missing,
s006756,False,False,False,False,False,0,file_missing,
s006757,False,False,False,False,False,0,file_missing,
s006758,False,False,False,False,False,0,file_missing,
s006759,False,False,False,False,False,0,file_missing,
s006760,False,False,False,False,False,0,file_missing,
s006761,False,False,False,False,False,0,file_missing,
s006762,False,False,False,False,False,0,file_missing,
s006763,False,False,False,False,False,0,file_missing,
s006764,False,False,False,False,False,0,file_missing,
s006765,False,False,False,False,False,0,file_missing,
s006766,False,False,False,False,False,0,file_missing,
s006767,False,False,False,False,False,0,file_missing,
s006768,False,False,False,False,False,0,file_missing,
s006769,False,False,False,False,False,0,file_missing,
s006770,False,False,False,False,False,0,file_missing,
s006771,False,False,False,False,False,0,file_missing,
s006772,False,False,False,False,False,0,file_missing,
s006773,False,False,False,False,False,0,file_missing,
s006774,False,False,False,False,False,0,file_missing,
s006775,False,False,False,False,False,0,file_missing,
s006776,False,False,False,False,False,0,file_missing,
s006777,False,False,False,False,False,0,file_missing,
s006778,False,False,False,False,False,0,file_missing,
s006779,False,False,False,False,False,0,file_missing,
s006780,False,False,False,False,False,0,file_missing,
s006781,False,False,False,False,False,0,file_missing,
s006782,False,False,False,False,False,0,file_missing,
s006783,False,False,False,False,False,0,file_missing,
s006784,False,False,False,False,False,0,file_missing,
s006785,False,False,False,False,False,0,file_missing,
s006786,False,False,False,False,False,0,file_missing,
s006787,False,False,False,False,False,0,file_missing,
s006788,False,False,False,False,False,0,file_missing,
s006789,False,False,False,False,False,0,file_missing,
s006790,False,False,False,False,False,0,file_missing,
s006791,False,False,False,False,False,0,file_missing,
s006792,False,False,False,False,False,0,file_missing,
s006793,False,False,False,False,False,0,file_missing,
s006794,False,False,False,False,False,0,file_missing,
s006795,False,False,False,False,False,0,file_missing,
s006796,False,False,False,False,False,0,file_missing,
s006797,False,False,False,False,False,0,file_missing,
s006798,False,False,False,False,False,0,file_missing,
s006799,False,False,False,False,False,0,file_missing,
s006800,False,False,False,False,False,0,file_missing,
s006801,False,False,False,False,False,0,file_missing,
s006802,False,False,False,False,False,0,file_missing,
s006803,False,False,False,False,False,0,file_missing,
s006804,False,False,False,False,False,0,file_missing,
s006805,False,False,False,False,False,0,file_missing,
s006806,False,False,False,False,False,0,file_missing,
s006807,False,False,False,False,False,0,file_missing,
s006808,False,False,False,False,False,0,file_missing,
s006809,False,False,False,False,False,0,file_missing,
s006810,False,False,False,False,False,0,file_missing,
s006811,False,False,False,False,False,0,file_missing,
s006812,False,False,False,False,False,0,file_missing,
s006813,False,False,False,False,False,0,file_missing,
s006814,False,False,False,False,False,0,file_missing,
s006815,False,False,False,False,False,0,file_missing,
s006816,False,False,False,False,False,0,file_missing,
s006817,False,False,False,False,False,0,file_missing,
s006818,False,False,False,False,False,0,file_missing,
s006819,False,False,False,False,False,0,file_missing,
s006820,False,False,False,False,False,0,file_missing,
s006821,False,False,False,False,False,0,file_missing,
s006822,False,False,False,False,False,0,file_missing,
s006823,False,False,False,False,False,0,file_missing,
s006824,False,False,False,False,False,0,file_missing,
s006825,False,False,False,False,False,0,file_missing,
s006826,False,False,False,False,False,0,file_missing,
s006827,False,False,False,False,False,0,file_missing,
s006828,False,False,False,False,False,0,file_missing,
s006829,False,False,False,False,False,0,file_missing,
s006830,False,False,False,False,False,0,file_missing,
s006831,False,False,False,False,False,0,file_missing,
s006832,False,False,False,False,False,0,file_missing,
s006833,False,False,False,False,False,0,file_missing,
s006834,False,False,False,False,False,0,file_missing,
s006835,False,False,False,False,False,0,file_missing,
s006836,False,False,False,False,False,0,file_missing,
s006837,False,False,False,False,False,0,file_missing,
s006838,False,False,False,False,False,0,file_missing,
s006839,False,False,False,False,False,0,file_missing,
s006840,False,False,False,False,False,0,file_missing,
s006841,False,False,False,False,False,0,file_missing,
s006842,False,False,False,False,False,0,file_missing,
s006843,False,False,False,False,False,0,file_missing,
s006844,False,False,False,False,False,0,file_missing,
s006845,False,False,False,False,False,0,file_missing,
s006846,False,False,False,False,False,0,file_missing,
s006847,False,False,False,False,False,0,file_missing,
s006848,False,False,False,False,False,0,file_missing,
s006849,False,False,False,False,False,0,file_missing,
s006850,False,False,False,False,False,0,file_missing,
s006851,False,False,False,False,False,0,file_missing,
s006852,False,False,False,False,False,0,file_missing,
s006853,False,False,False,False,False,0,file_missing,
s006854,False,False,False,False,False,0,file_missing,
s006855,False,False,False,False,False,0,file_missing,
s006856,False,False,False,False,False,0,file_missing,
s006857,False,False,False,False,False,0,file_missing,
s006858,False,False,False,False,False,0,file_missing,
s006859,False,False,False,False,False,0,file_missing,
s006860,False,False,False,False,False,0,file_missing,
s006861,False,False,False,False,False,0,file_missing,
s006862,False,False,False,False,False,0,file_missing,
s006863,False,False,False,False,False,0,file_missing,
s006864,False,False,False,False,False,0,file_missing,
s006865,False,False,False,False,False,0,file_missing,
s006866,False,False,False,False,False,0,file_missing,
s006867,False,False,False,False,False,0,file_missing,
s006868,False,False,False,False,False,0,file_missing,
s006869,False,False,False,False,False,0,file_missing,
s006870,False,False,False,False,False,0,file_missing,
s006871,False,False,False,False,False,0,file_missing,
s006872,False,False,False,False,False,0,file_missing,
s006873,False,False,False,False,False,0,file_missing,
s006874,False,False,False,False,False,0,file_missing,
s006875,False,False,False,False,False,0,file_missing,
s006876,False,False,False,False,False,0,file_missing,
s006877,False,False,False,False,False,0,file_missing,
s006878,False,False,False,False,False,0,file_missing,
s006879,False,False,False,False,False,0,file_missing,
s006880,False,False,False,False,False,0,file_missing,
s006881,False,False,False,False,False,0,file_missing,
s006882,False,False,False,False,False,0,file_missing,
s006883,False,False,False,False,False,0,file_missing,
s006884,False,False,False,False,False,0,file_missing,
s006885,False,False,False,False,False,0,file_missing,
s006886,False,False,False,False,False,0,file_missing,
s006887,False,False,False,False,False,0,file_missing,
s006888,False,False,False,False,False,0,file_missing,
s006889,False,False,False,False,False,0,file_missing,
s006890,False,False,False,False,False,0,file_missing,
s006891,False,False,False,False,False,0,file_missing,
s006892,False,False,False,False,False,0,file_missing,
s006893,False,False,False,False,False,0,file_missing,
s006894,False,False,False,False,False,0,file_missing,
s006895,False,False,False,False,False,0,file_missing,
s006896,False,False,False,False,False,0,file_missing,
s006897,False,False,False,False,False,0,file_missing,
s006898,False,False,False,False,False,0,file_missing,
s006899,False,False,False,False,False,0,file_missing,
s006900,False,False,False,False,False,0,file_missing,
s006901,False,False,False,False,False,0,file_missing,
s006902,False,False,False,False,False,0,file_missing,
s006903,False,False,False,False,False,0,file_missing,
s006904,False,False,False,False,False,0,file_missing,
s006905,False,False,False,False,False,0,file_missing,
s006906,False,False,False,False,False,0,file_missing,
s006907,False,False,False,False,False,0,file_missing,
s006908,False,False,False,False,False,0,file_missing,
s006909,False,False,False,False,False,0,file_missing,
s006910,False,False,False,False,False,0,file_missing,
s006911,False,False,False,False,False,0,file_missing,
s006912,False,False,False,False,False,0,file_missing,
s006913,False,False,False,False,False,0,file_missing,
s006914,False,False,False,False,False,0,file_missing,
s006915,False,False,False,False,False,0,file_missing,
s006916,False,False,False,False,False,0,file_missing,
s006917,False,False,False,False,False,0,file_missing,
s006918,False,False,False,False,False,0,file_missing,
s006919,False,False,False,False,False,0,file_missing,
s006920,False,False,False,False,False,0,file_missing,
s006921,False,False,False,False,False,0,file_missing,
s006922,False,False,False,False,False,0,file_missing,
s006923,False,False,False,False,False,0,file_missing,
s006924,False,False,False,False,False,0,file_missing,
s006925,False,False,False,False,False,0,file_missing,
s006926,False,False,False,False,False,0,file_missing,
s006927,False,False,False,False,False,0,file_missing,
s006928,False,False,False,False,False,0,file_missing,
s006929,False,False,False,False,False,0,file_missing,
s006930,False,False,False,False,False,0,file_missing,
s006931,False,False,False,False,False,0,file_missing,
s006932,False,False,False,False,False,0,file_missing,
s006933,False,False,False,False,False,0,file_missing,
s006934,False,False,False,False,False,0,file_missing,
s006935,False,False,False,False,False,0,file_missing,
s006936,False,False,False,False,False,0,file_missing,
s006937,False,False,False,False,False,0,file_missing,
s006938,False,False,False,False,False,0,file_missing,
s006939,False,False,False,False,False,0,file_missing,
s006940,False,False,False,False,False,0,file_missing,
s006941,False,False,False,False,False,0,file_missing,
s006942,False,False,False,False,False,0,file_missing,
s006943,False,False,False,False,False,0,file_missing,
s006944,False,False,False,False,False,0,file_missing,
s006945,False,False,False,False,False,0,file_missing,
s006946,False,False,False,False,False,0,file_missing,
s006947,False,False,False,False,False,0,file_missing,
s006948,False,False,False,False,False,0,file_missing,
s006949,False,False,False,False,False,0,file_missing,
s006950,False,False,False,False,False,0,file_missing,
s006951,False,False,False,False,False,0,file_missing,
s006952,False,False,False,False,False,0,file_missing,
s006953,False,False,False,False,False,0,file_missing,
s006954,False,False,False,False,False,0,file_missing,
s006955,False,False,False,False,False,0,file_missing,
s006956,False,False,False,False,False,0,file_missing,
s006957,False,False,False,False,False,0,file_missing,
s006958,False,False,False,False,False,0,file_missing,
s006959,False,False,False,False,False,0,file_missing,
s006960,False,False,False,False,False,0,file_missing,
s006961,False,False,False,False,False,0,file_missing,
s006962,False,False,False,False,False,0,file_missing,
s006963,False,False,False,False,False,0,file_missing,
s006964,False,False,False,False,False,0,file_missing,
s006965,False,False,False,False,False,0,file_missing,
s006966,False,False,False,False,False,0,file_missing,
s006967,False,False,False,False,False,0,file_missing,
s006968,False,False,False,False,False,0,file_missing,
s006969,False,False,False,False,False,0,file_missing,
s006970,False,False,False,False,False,0,file_missing,
s006971,False,False,False,False,False,0,file_missing,
s006972,False,False,False,False,False,0,file_missing,
s006973,False,False,False,False,False,0,file_missing,
s006974,False,False,False,False,False,0,file_missing,
s006975,False,False,False,False,False,0,file_missing,
s006976,False,False,False,False,False,0,file_missing,
s006977,False,False,False,False,False,0,file_missing,
s006978,False,False,False,False,False,0,file_missing,
s006979,False,False,False,False,False,0,file_missing,
s006980,False,False,False,False,False,0,file_missing,
s006981,False,False,False,False,False,0,file_missing,
s006982,False,False,False,False,False,0,file_missing,
s006983,False,False,False,False,False,0,file_missing,
s006984,False,False,False,False,False,0,file_missing,
s006985,False,False,False,False,False,0,file_missing,
s006986,False,False,False,False,False,0,file_missing,
s006987,False,False,False,False,False,0,file_missing,
s006988,False,False,False,False,False,0,file_missing,
s006989,False,False,False,False,False,0,file_missing,
s006990,False,False,False,False,False,0,file_missing,
s006991,False,False,False,False,False,0,file_missing,
s006992,False,False,False,False,False,0,file_missing,
s006993,False,False,False,False,False,0,file_missing,
s006994,False,False,False,False,False,0,file_missing,
s006995,False,False,False,False,False,0,file_missing,
s006996,False,False,False,False,False,0,file_missing,
s006997,False,False,False,False,False,0,file_missing,
s006998,False,False,False,False,False,0,file_missing,
s006999,False,False,False,False,False,0,file_missing,
s007000,False,False,False,False,False,0,file_missing,
s007001,False,False,False,False,False,0,file_missing,
s007002,False,False,False,False,False,0,file_missing,
s007003,False,False,False,False,False,0,file_missing,
s007004,False,False,False,False,False,0,file_missing,
s007005,False,False,False,False,False,0,file_missing,
s007006,False,False,False,False,False,0,file_missing,
s007007,False,False,False,False,False,0,file_missing,
s007008,False,False,False,False,False,0,file_missing,
s007009,False,False,False,False,False,0,file_missing,
s007010,False,False,False,False,False,0,file_missing,
s007011,False,False,False,False,False,0,file_missing,
s007012,False,False,False,False,False,0,file_missing,
s007013,False,False,False,False,False,0,file_missing,
s007014,False,False,False,False,False,0,file_missing,
s007015,False,False,False,False,False,0,file_missing,
s007016,False,False,False,False,False,0,file_missing,
s007017,False,False,False,False,False,0,file_missing,
s007018,False,False,False,False,False,0,file_missing,
s007019,False,False,False,False,False,0,file_missing,
s007020,False,False,False,False,False,0,file_missing,
s007021,False,False,False,False,False,0,file_missing,
s007022,False,False,False,False,False,0,file_missing,
s007023,False,False,False,False,False,0,file_missing,
s007024,False,False,False,False,False,0,file_missing,
s007025,False,False,False,False,False,0,file_missing,
s007026,False,False,False,False,False,0,file_missing,
s007027,False,False,False,False,False,0,file_missing,
s007028,False,False,False,False,False,0,file_missing,
s007029,False,False,False,False,False,0,file_missing,
s007030,False,False,False,False,False,0,file_missing,
s007031,False,False,False,False,False,0,file_missing,
s007032,False,False,False,False,False,0,file_missing,
s007033,False,False,False,False,False,0,file_missing,
s007034,False,False,False,False,False,0,file_missing,
s007035,False,False,False,False,False,0,file_missing,
s007036,False,False,False,False,False,0,file_missing,
s007037,False,False,False,False,False,0,file_missing,
s007038,False,False,False,False,False,0,file_missing,
s007039,False,False,False,False,False,0,file_missing,
s007040,False,False,False,False,False,0,file_missing,
s007041,False,False,False,False,False,0,file_missing,
s007042,False,False,False,False,False,0,file_missing,
s007043,False,False,False,False,False,0,file_missing,
s007044,False,False,False,False,False,0,file_missing,
s007045,False,False,False,False,False,0,file_missing,
s007046,False,False,False,False,False,0,file_missing,
s007047,False,False,False,False,False,0,file_missing,
s007048,False,False,False,False,False,0,file_missing,
s007049,False,False,False,False,False,0,file_missing,
s007050,False,False,False,False,False,0,file_missing,
s007051,False,False,False,False,False,0,file_missing,
s007052,False,False,False,False,False,0,file_missing,
s007053,False,False,False,False,False,0,file_missing,
s007054,False,False,False,False,False,0,file_missing,
s007055,False,False,False,False,False,0,file_missing,
s007056,False,False,False,False,False,0,file_missing,
s007057,False,False,False,False,False,0,file_missing,
s007058,False,False,False,False,False,0,file_missing,
s007059,False,False,False,False,False,0,file_missing,
s007060,False,False,False,False,False,0,file_missing,
s007061,False,False,False,False,False,0,file_missing,
s007062,False,False,False,False,False,0,file_missing,
s007063,False,False,False,False,False,0,file_missing,
s007064,False,False,False,False,False,0,file_missing,
s007065,False,False,False,False,False,0,file_missing,
s007066,False,False,False,False,False,0,file_missing,
s007067,False,False,False,False,False,0,file_missing,
s007068,False,False,False,False,False,0,file_missing,
s007069,False,False,False,False,False,0,file_missing,
s007070,False,False,False,False,False,0,file_missing,
s007071,False,False,False,False,False,0,file_missing,
s007072,False,False,False,False,False,0,file_missing,
s007073,False,False,False,False,False,0,file_missing,
s007074,False,False,False,False,False,0,file_missing,
s007075,False,False,False,False,False,0,file_missing,
s007076,False,False,False,False,False,0,file_missing,
s007077,False,False,False,False,False,0,file_missing,
s007078,False,False,False,False,False,0,file_missing,
s007079,False,False,False,False,False,0,file_missing,
s007080,False,False,False,False,False,0,file_missing,
s007081,False,False,False,False,False,0,file_missing,
s007082,False,False,False,False,False,0,file_missing,
s007083,False,False,False,False,False,0,file_missing,
s007084,False,False,False,False,False,0,file_missing,
s007085,False,False,False,False,False,0,file_missing,
s007086,False,False,False,False,False,0,file_missing,
s007087,False,False,False,False,False,0,file_missing,
s007088,False,False,False,False,False,0,file_missing,
s007089,False,False,False,False,False,0,file_missing,
s007090,False,False,False,False,False,0,file_missing,
s007091,False,False,False,False,False,0,file_missing,
s007092,False,False,False,False,False,0,file_missing,
s007093,False,False,False,False,False,0,file_missing,
s007094,False,False,False,False,False,0,file_missing,
s007095,False,False,False,False,False,0,file_missing,
s007096,False,False,False,False,False,0,file_missing,
s007097,False,False,False,False,False,0,file_missing,
s007098,False,False,False,False,False,0,file_missing,
s007099,False,False,False,False,False,0,file_missing,
s007100,False,False,False,False,False,0,file_missing,
s007101,False,False,False,False,False,0,file_missing,
s007102,False,False,False,False,False,0,file_missing,
s007103,False,False,False,False,False,0,file_missing,
s007104,False,False,False,False,False,0,file_missing,
s007105,False,False,False,False,False,0,file_missing,
s007106,False,False,False,False,False,0,file_missing,
s007107,False,False,False,False,False,0,file_missing,
s007108,False,False,False,False,False,0,file_missing,
s007109,False,False,False,False,False,0,file_missing,
s007110,False,False,False,False,False,0,file_missing,
s007111,False,False,False,False,False,0,file_missing,
s007112,False,False,False,False,False,0,file_missing,
s007113,False,False,False,False,False,0,file_missing,
s007114,False,False,False,False,False,0,file_missing,
s007115,False,False,False,False,False,0,file_missing,
s007116,False,False,False,False,False,0,file_missing,
s007117,False,False,False,False,False,0,file_missing,
s007118,False,False,False,False,False,0,file_missing,
s007119,False,False,False,False,False,0,file_missing,
s007120,False,False,False,False,False,0,file_missing,
s007121,False,False,False,False,False,0,file_missing,
s007122,False,False,False,False,False,0,file_missing,
s007123,False,False,False,False,False,0,file_missing,
s007124,False,False,False,False,False,0,file_missing,
s007125,False,False,False,False,False,0,file_missing,
s007126,False,False,False,False,False,0,file_missing,
s007127,False,False,False,False,False,0,file_missing,
s007128,False,False,False,False,False,0,file_missing,
s007129,False,False,False,False,False,0,file_missing,
s007130,False,False,False,False,False,0,file_missing,
s007131,False,False,False,False,False,0,file_missing,
s007132,False,False,False,False,False,0,file_missing,
s007133,False,False,False,False,False,0,file_missing,
s007134,False,False,False,False,False,0,file_missing,
s007135,False,False,False,False,False,0,file_missing,
s007136,False,False,False,False,False,0,file_missing,
s007137,False,False,False,False,False,0,file_missing,
s007138,False,False,False,False,False,0,file_missing,
s007139,False,False,False,False,False,0,file_missing,
s007140,False,False,False,False,False,0,file_missing,
s007141,False,False,False,False,False,0,file_missing,
s007142,False,False,False,False,False,0,file_missing,
s007143,False,False,False,False,False,0,file_missing,
s007144,False,False,False,False,False,0,file_missing,
s007145,False,False,False,False,False,0,file_missing,
s007146,False,False,False,False,False,0,file_missing,
s007147,False,False,False,False,False,0,file_missing,
s007148,False,False,False,False,False,0,file_missing,
s007149,False,False,False,False,False,0,file_missing,
s007150,False,False,False,False,False,0,file_missing,
s007151,False,False,False,False,False,0,file_missing,
s007152,False,False,False,False,False,0,file_missing,
s007153,False,False,False,False,False,0,file_missing,
s007154,False,False,False,False,False,0,file_missing,
s007155,False,False,False,False,False,0,file_missing,
s007156,False,False,False,False,False,0,file_missing,
s007157,False,False,False,False,False,0,file_missing,
s007158,False,False,False,False,False,0,file_missing,
s007159,False,False,False,False,False,0,file_missing,
s007160,False,False,False,False,False,0,file_missing,
s007161,False,False,False,False,False,0,file_missing,
s007162,False,False,False,False,False,0,file_missing,
s007163,False,False,False,False,False,0,file_missing,
s007164,False,False,False,False,False,0,file_missing,
s007165,False,False,False,False,False,0,file_missing,
s007166,False,False,False,False,False,0,file_missing,
s007167,False,False,False,False,False,0,file_missing,
s007168,False,False,False,False,False,0,file_missing,
s007169,False,False,False,False,False,0,file_missing,
s007170,False,False,False,False,False,0,file_missing,
s007171,False,False,False,False,False,0,file_missing,
s007172,False,False,False,False,False,0,file_missing,
s007173,False,False,False,False,False,0,file_missing,
s007174,False,False,False,False,False,0,file_missing,
s007175,False,False,False,False,False,0,file_missing,
s007176,False,False,False,False,False,0,file_missing,
s007177,False,False,False,False,False,0,file_missing,
s007178,False,False,False,False,False,0,file_missing,
s007179,False,False,False,False,False,0,file_missing,
s007180,False,False,False,False,False,0,file_missing,
s007181,False,False,False,False,False,0,file_missing,
s007182,False,False,False,False,False,0,file_missing,
s007183,False,False,False,False,False,0,file_missing,
s007184,False,False,False,False,False,0,file_missing,
s007185,False,False,False,False,False,0,file_missing,
s007186,False,False,False,False,False,0,file_missing,
s007187,False,False,False,False,False,0,file_missing,
s007188,False,False,False,False,False,0,file_missing,
s007189,False,False,False,False,False,0,file_missing,
s007190,False,False,False,False,False,0,file_missing,
s007191,False,False,False,False,False,0,file_missing,
s007192,False,False,False,False,False,0,file_missing,
s007193,False,False,False,False,False,0,file_missing,
s007194,False,False,False,False,False,0,file_missing,
s007195,False,False,False,False,False,0,file_missing,
s007196,False,False,False,False,False,0,file_missing,
s007197,False,False,False,False,False,0,file_missing,
s007198,False,False,False,False,False,0,file_missing,
s007199,False,False,False,False,False,0,file_missing,
s007200,False,False,False,False,False,0,file_missing,
s007201,False,False,False,False,False,0,file_missing,
s007202,False,False,False,False,False,0,file_missing,
s007203,False,False,False,False,False,0,file_missing,
s007204,False,False,False,False,False,0,file_missing,
s007205,False,False,False,False,False,0,file_missing,
s007206,False,False,False,False,False,0,file_missing,
s007207,False,False,False,False,False,0,file_missing,
s007208,False,False,False,False,False,0,file_missing,
s007209,False,False,False,False,False,0,file_missing,
s007210,False,False,False,False,False,0,file_missing,
s007211,False,False,False,False,False,0,file_missing,
s007212,False,False,False,False,False,0,file_missing,
s007213,False,False,False,False,False,0,file_missing,
s007214,False,False,False,False,False,0,file_missing,
s007215,False,False,False,False,False,0,file_missing,
s007216,False,False,False,False,False,0,file_missing,
s007217,False,False,False,False,False,0,file_missing,
s007218,False,False,False,False,False,0,file_missing,
s007219,False,False,False,False,False,0,file_missing,
s007220,False,False,False,False,False,0,file_missing,
s007221,False,False,False,False,False,0,file_missing,
s007222,False,False,False,False,False,0,file_missing,
s007223,False,False,False,False,False,0,file_missing,
s007224,False,False,False,False,False,0,file_missing,
s007225,False,False,False,False,False,0,file_missing,
s007226,False,False,False,False,False,0,file_missing,
s007227,False,False,False,False,False,0,file_missing,
s007228,False,False,False,False,False,0,file_missing,
s007229,False,False,False,False,False,0,file_missing,
s007230,False,False,False,False,False,0,file_missing,
s007231,False,False,False,False,False,0,file_missing,
s007232,False,False,False,False,False,0,file_missing,
s007233,False,False,False,False,False,0,file_missing,
s007234,False,False,False,False,False,0,file_missing,
s007235,False,False,False,False,False,0,file_missing,
s007236,False,False,False,False,False,0,file_missing,
s007237,False,False,False,False,False,0,file_missing,
s007238,False,False,False,False,False,0,file_missing,
s007239,False,False,False,False,False,0,file_missing,
s007240,False,False,False,False,False,0,file_missing,
s007241,False,False,False,False,False,0,file_missing,
s007242,False,False,False,False,False,0,file_missing,
s007243,False,False,False,False,False,0,file_missing,
s007244,False,False,False,False,False,0,file_missing,
s007245,False,False,False,False,False,0,file_missing,
s007246,False,False,False,False,False,0,file_missing,
s007247,False,False,False,False,False,0,file_missing,
s007248,False,False,False,False,False,0,file_missing,
s007249,False,False,False,False,False,0,file_missing,
s007250,False,False,False,False,False,0,file_missing,
s007251,False,False,False,False,False,0,file_missing,
s007252,False,False,False,False,False,0,file_missing,
s007253,False,False,False,False,False,0,file_missing,
s007254,False,False,False,False,False,0,file_missing,
s007255,False,False,False,False,False,0,file_missing,
s007256,False,False,False,False,False,0,file_missing,
s007257,False,False,False,False,False,0,file_missing,
s007258,False,False,False,False,False,0,file_missing,
s007259,False,False,False,False,False,0,file_missing,
s007260,False,False,False,False,False,0,file_missing,
s007261,False,False,False,False,False,0,file_missing,
s007262,False,False,False,False,False,0,file_missing,
s007263,False,False,False,False,False,0,file_missing,
s007264,False,False,False,False,False,0,file_missing,
s007265,False,False,False,False,False,0,file_missing,
s007266,False,False,False,False,False,0,file_missing,
s007267,False,False,False,False,False,0,file_missing,
s007268,False,False,False,False,False,0,file_missing,
s007269,False,False,False,False,False,0,file_missing,
s007270,False,False,False,False,False,0,file_missing,
s007271,False,False,False,False,False,0,file_missing,
s007272,False,False,False,False,False,0,file_missing,
s007273,False,False,False,False,False,0,file_missing,
s007274,False,False,False,False,False,0,file_missing,
s007275,False,False,False,False,False,0,file_missing,
s007276,False,False,False,False,False,0,file_missing,
s007277,False,False,False,False,False,0,file_missing,
s007278,False,False,False,False,False,0,file_missing,
s007279,False,False,False,False,False,0,file_missing,
s007280,False,False,False,False,False,0,file_missing,
s007281,False,False,False,False,False,0,file_missing,
s007282,False,False,False,False,False,0,file_missing,
s007283,False,False,False,False,False,0,file_missing,
s007284,False,False,False,False,False,0,file_missing,
s007285,False,False,False,False,False,0,file_missing,
s007286,False,False,False,False,False,0,file_missing,
s007287,False,False,False,False,False,0,file_missing,
s007288,False,False,False,False,False,0,file_missing,
s007289,False,False,False,False,False,0,file_missing,
s007290,False,False,False,False,False,0,file_missing,
s007291,False,False,False,False,False,0,file_missing,
s007292,False,False,False,False,False,0,file_missing,
s007293,False,False,False,False,False,0,file_missing,
s007294,False,False,False,False,False,0,file_missing,
s007295,False,False,False,False,False,0,file_missing,
s007296,False,False,False,False,False,0,file_missing,
s007297,False,False,False,False,False,0,file_missing,
s007298,False,False,False,False,False,0,file_missing,
s007299,False,False,False,False,False,0,file_missing,
s007300,False,False,False,False,False,0,file_missing,
s007301,False,False,False,False,False,0,file_missing,
s007302,False,False,False,False,False,0,file_missing,
s007303,False,False,False,False,False,0,file_missing,
s007304,False,False,False,False,False,0,file_missing,
s007305,False,False,False,False,False,0,file_missing,
s007306,False,False,False,False,False,0,file_missing,
s007307,False,False,False,False,False,0,file_missing,
s007308,False,False,False,False,False,0,file_missing,
s007309,False,False,False,False,False,0,file_missing,
s007310,False,False,False,False,False,0,file_missing,
s007311,False,False,False,False,False,0,file_missing,
s007312,False,False,False,False,False,0,file_missing,
s007313,False,False,False,False,False,0,file_missing,
s007314,False,False,False,False,False,0,file_missing,
s007315,False,False,False,False,False,0,file_missing,
s007316,False,False,False,False,False,0,file_missing,
s007317,False,False,False,False,False,0,file_missing,
s007318,False,False,False,False,False,0,file_missing,
s007319,False,False,False,False,False,0,file_missing,
s007320,False,False,False,False,False,0,file_missing,
s007321,False,False,False,False,False,0,file_missing,
s007322,False,False,False,False,False,0,file_missing,
s007323,False,False,False,False,False,0,file_missing,
s007324,False,False,False,False,False,0,file_missing,
s007325,False,False,False,False,False,0,file_missing,
s007326,False,False,False,False,False,0,file_missing,
s007327,False,False,False,False,False,0,file_missing,
s007328,False,False,False,False,False,0,file_missing,
s007329,False,False,False,False,False,0,file_missing,
s007330,False,False,False,False,False,0,file_missing,
s007331,False,False,False,False,False,0,file_missing,
s007332,False,False,False,False,False,0,file_missing,
s007333,False,False,False,False,False,0,file_missing,
s007334,False,False,False,False,False,0,file_missing,
s007335,False,False,False,False,False,0,file_missing,
s007336,False,False,False,False,False,0,file_missing,
s007337,False,False,False,False,False,0,file_missing,
s007338,False,False,False,False,False,0,file_missing,
s007339,False,False,False,False,False,0,file_missing,
s007340,False,False,False,False,False,0,file_missing,
s007341,False,False,False,False,False,0,file_missing,
s007342,False,False,False,False,False,0,file_missing,
s007343,False,False,False,False,False,0,file_missing,
s007344,False,False,False,False,False,0,file_missing,
s007345,False,False,False,False,False,0,file_missing,
s007346,False,False,False,False,False,0,file_missing,
s007347,False,False,False,False,False,0,file_missing,
s007348,False,False,False,False,False,0,file_missing,
s007349,False,False,False,False,False,0,file_missing,
s007350,False,False,False,False,False,0,file_missing,
s007351,False,False,False,False,False,0,file_missing,
s007352,False,False,False,False,False,0,file_missing,
s007353,False,False,False,False,False,0,file_missing,
s007354,False,False,False,False,False,0,file_missing,
s007355,False,False,False,False,False,0,file_missing,
s007356,False,False,False,False,False,0,file_missing,
s007357,False,False,False,False,False,0,file_missing,
s007358,False,False,False,False,False,0,file_missing,
s007359,False,False,False,False,False,0,file_missing,
s007360,False,False,False,False,False,0,file_missing,
s007361,False,False,False,False,False,0,file_missing,
s007362,False,False,False,False,False,0,file_missing,
s007363,False,False,False,False,False,0,file_missing,
s007364,False,False,False,False,False,0,file_missing,
s007365,False,False,False,False,False,0,file_missing,
s007366,False,False,False,False,False,0,file_missing,
s007367,False,False,False,False,False,0,file_missing,
s007368,False,False,False,False,False,0,file_missing,
s007369,False,False,False,False,False,0,file_missing,
s007370,False,False,False,False,False,0,file_missing,
s007371,False,False,False,False,False,0,file_missing,
s007372,False,False,False,False,False,0,file_missing,
s007373,False,False,False,False,False,0,file_missing,
s007374,False,False,False,False,False,0,file_missing,
s007375,False,False,False,False,False,0,file_missing,
s007376,False,False,False,False,False,0,file_missing,
s007377,False,False,False,False,False,0,file_missing,
s007378,False,False,False,False,False,0,file_missing,
s007379,False,False,False,False,False,0,file_missing,
s007380,False,False,False,False,False,0,file_missing,
s007381,False,False,False,False,False,0,file_missing,
s007382,False,False,False,False,False,0,file_missing,
s007383,False,False,False,False,False,0,file_missing,
s007384,False,False,False,False,False,0,file_missing,
s007385,False,False,False,False,False,0,file_missing,
s007386,False,False,False,False,False,0,file_missing,
s007387,False,False,False,False,False,0,file_missing,
s007388,False,False,False,False,False,0,file_missing,
s007389,False,False,False,False,False,0,file_missing,
s007390,False,False,False,False,False,0,file_missing,
s007391,False,False,False,False,False,0,file_missing,
s007392,False,False,False,False,False,0,file_missing,
s007393,False,False,False,False,False,0,file_missing,
s007394,False,False,False,False,False,0,file_missing,
s007395,False,False,False,False,False,0,file_missing,
s007396,False,False,False,False,False,0,file_missing,
s007397,False,False,False,False,False,0,file_missing,
s007398,False,False,False,False,False,0,file_missing,
s007399,False,False,False,False,False,0,file_missing,
s007400,False,False,False,False,False,0,file_missing,
s007401,False,False,False,False,False,0,file_missing,
s007402,False,False,False,False,False,0,file_missing,
s007403,False,False,False,False,False,0,file_missing,
s007404,False,False,False,False,False,0,file_missing,
s007405,False,False,False,False,False,0,file_missing,
s007406,False,False,False,False,False,0,file_missing,
s007407,False,False,False,False,False,0,file_missing,
s007408,False,False,False,False,False,0,file_missing,
s007409,False,False,False,False,False,0,file_missing,
s007410,False,False,False,False,False,0,file_missing,
s007411,False,False,False,False,False,0,file_missing,
s007412,False,False,False,False,False,0,file_missing,
s007413,False,False,False,False,False,0,file_missing,
s007414,False,False,False,False,False,0,file_missing,
s007415,False,False,False,False,False,0,file_missing,
s007416,False,False,False,False,False,0,file_missing,
s007417,False,False,False,False,False,0,file_missing,
s007418,False,False,False,False,False,0,file_missing,
s007419,False,False,False,False,False,0,file_missing,
s007420,False,False,False,False,False,0,file_missing,
s007421,False,False,False,False,False,0,file_missing,
s007422,False,False,False,False,False,0,file_missing,
s007423,False,False,False,False,False,0,file_missing,
s007424,False,False,False,False,False,0,file_missing,
s007425,False,False,False,False,False,0,file_missing,
s007426,False,False,False,False,False,0,file_missing,
s007427,False,False,False,False,False,0,file_missing,
s007428,False,False,False,False,False,0,file_missing,
s007429,False,False,False,False,False,0,file_missing,
s007430,False,False,False,False,False,0,file_missing,
s007431,False,False,False,False,False,0,file_missing,
s007432,False,False,False,False,False,0,file_missing,
s007433,False,False,False,False,False,0,file_missing,
s007434,False,False,False,False,False,0,file_missing,
s007435,False,False,False,False,False,0,file_missing,
s007436,False,False,False,False,False,0,file_missing,
s007437,False,False,False,False,False,0,file_missing,
s007438,False,False,False,False,False,0,file_missing,
s007439,False,False,False,False,False,0,file_missing,
s007440,False,False,False,False,False,0,file_missing,
s007441,False,False,False,False,False,0,file_missing,
s007442,False,False,False,False,False,0,file_missing,
s007443,False,False,False,False,False,0,file_missing,
s007444,False,False,False,False,False,0,file_missing,
s007445,False,False,False,False,False,0,file_missing,
s007446,False,False,False,False,False,0,file_missing,
s007447,False,False,False,False,False,0,file_missing,
s007448,False,False,False,False,False,0,file_missing,
s007449,False,False,False,False,False,0,file_missing,
s007450,False,False,False,False,False,0,file_missing,
s007451,False,False,False,False,False,0,file_missing,
s007452,False,False,False,False,False,0,file_missing,
s007453,False,False,False,False,False,0,file_missing,
s007454,False,False,False,False,False,0,file_missing,
s007455,False,False,False,False,False,0,file_missing,
s007456,False,False,False,False,False,0,file_missing,
s007457,False,False,False,False,False,0,file_missing,
s007458,False,False,False,False,False,0,file_missing,
s007459,False,False,False,False,False,0,file_missing,
s007460,False,False,False,False,False,0,file_missing,
s007461,False,False,False,False,False,0,file_missing,
s007462,False,False,False,False,False,0,file_missing,
s007463,False,False,False,False,False,0,file_missing,
s007464,False,False,False,False,False,0,file_missing,
s007465,False,False,False,False,False,0,file_missing,
s007466,False,False,False,False,False,0,file_missing,
s007467,False,False,False,False,False,0,file_missing,
s007468,False,False,False,False,False,0,file_missing,
s007469,False,False,False,False,False,0,file_missing,
s007470,False,False,False,False,False,0,file_missing,
s007471,False,False,False,False,False,0,file_missing,
s007472,False,False,False,False,False,0,file_missing,
s007473,False,False,False,False,False,0,file_missing,
s007474,False,False,False,False,False,0,file_missing,
s007475,False,False,False,False,False,0,file_missing,
s007476,False,False,False,False,False,0,file_missing,
s007477,False,False,False,False,False,0,file_missing,
s007478,False,False,False,False,False,0,file_missing,
s007479,False,False,False,False,False,0,file_missing,
s007480,False,False,False,False,False,0,file_missing,
s007481,False,False,False,False,False,0,file_missing,
s007482,False,False,False,False,False,0,file_missing,
s007483,False,False,False,False,False,0,file_missing,
s007484,False,False,False,False,False,0,file_missing,
s007485,False,False,False,False,False,0,file_missing,
s007486,False,False,False,False,False,0,file_missing,
s007487,False,False,False,False,False,0,file_missing,
s007488,False,False,False,False,False,0,file_missing,
s007489,False,False,False,False,False,0,file_missing,
s007490,False,False,False,False,False,0,file_missing,
s007491,False,False,False,False,False,0,file_missing,
s007492,False,False,False,False,False,0,file_missing,
s007493,False,False,False,False,False,0,file_missing,
s007494,False,False,False,False,False,0,file_missing,
s007495,False,False,False,False,False,0,file_missing,
s007496,False,False,False,False,False,0,file_missing,
s007497,False,False,False,False,False,0,file_missing,
s007498,False,False,False,False,False,0,file_missing,
s007499,False,False,False,False,False,0,file_missing,
s007500,False,False,False,False,False,0,file_missing,
s007501,False,False,False,False,False,0,file_missing,
s007502,False,False,False,False,False,0,file_missing,
s007503,False,False,False,False,False,0,file_missing,
s007504,False,False,False,False,False,0,file_missing,
s007505,False,False,False,False,False,0,file_missing,
s007506,False,False,False,False,False,0,file_missing,
s007507,False,False,False,False,False,0,file_missing,
s007508,False,False,False,False,False,0,file_missing,
s007509,False,False,False,False,False,0,file_missing,
s007510,False,False,False,False,False,0,file_missing,
s007511,False,False,False,False,False,0,file_missing,
s007512,False,False,False,False,False,0,file_missing,
s007513,False,False,False,False,False,0,file_missing,
s007514,False,False,False,False,False,0,file_missing,
s007515,False,False,False,False,False,0,file_missing,
s007516,False,False,False,False,False,0,file_missing,
s007517,False,False,False,False,False,0,file_missing,
s007518,False,False,False,False,False,0,file_missing,
s007519,False,False,False,False,False,0,file_missing,
s007520,False,False,False,False,False,0,file_missing,
s007521,False,False,False,False,False,0,file_missing,
s007522,False,False,False,False,False,0,file_missing,
s007523,False,False,False,False,False,0,file_missing,
s007524,False,False,False,False,False,0,file_missing,
s007525,False,False,False,False,False,0,file_missing,
s007526,False,False,False,False,False,0,file_missing,
s007527,False,False,False,False,False,0,file_missing,
s007528,False,False,False,False,False,0,file_missing,
s007529,False,False,False,False,False,0,file_missing,
s007530,False,False,False,False,False,0,file_missing,
s007531,False,False,False,False,False,0,file_missing,
s007532,False,False,False,False,False,0,file_missing,
s007533,False,False,False,False,False,0,file_missing,
s007534,False,False,False,False,False,0,file_missing,
s007535,False,False,False,False,False,0,file_missing,
s007536,False,False,False,False,False,0,file_missing,
s007537,False,False,False,False,False,0,file_missing,
s007538,False,False,False,False,False,0,file_missing,
s007539,False,False,False,False,False,0,file_missing,
s007540,False,False,False,False,False,0,file_missing,
s007541,False,False,False,False,False,0,file_missing,
s007542,False,False,False,False,False,0,file_missing,
s007543,False,False,False,False,False,0,file_missing,
s007544,False,False,False,False,False,0,file_missing,
s007545,False,False,False,False,False,0,file_missing,
s007546,False,False,False,False,False,0,file_missing,
s007547,False,False,False,False,False,0,file_missing,
s007548,False,False,False,False,False,0,file_missing,
s007549,False,False,False,False,False,0,file_missing,
s007550,False,False,False,False,False,0,file_missing,
s007551,False,False,False,False,False,0,file_missing,
s007552,False,False,False,False,False,0,file_missing,
s007553,False,False,False,False,False,0,file_missing,
s007554,False,False,False,False,False,0,file_missing,
s007555,False,False,False,False,False,0,file_missing,
s007556,False,False,False,False,False,0,file_missing,
s007557,False,False,False,False,False,0,file_missing,
s007558,False,False,False,False,False,0,file_missing,
s007559,False,False,False,False,False,0,file_missing,
s007560,False,False,False,False,False,0,file_missing,
s007561,False,False,False,False,False,0,file_missing,
s007562,False,False,False,False,False,0,file_missing,
s007563,False,False,False,False,False,0,file_missing,
s007564,False,False,False,False,False,0,file_missing,
s007565,False,False,False,False,False,0,file_missing,
s007566,False,False,False,False,False,0,file_missing,
s007567,False,False,False,False,False,0,file_missing,
s007568,False,False,False,False,False,0,file_missing,
s007569,False,False,False,False,False,0,file_missing,
s007570,False,False,False,False,False,0,file_missing,
s007571,False,False,False,False,False,0,file_missing,
s007572,False,False,False,False,False,0,file_missing,
s007573,False,False,False,False,False,0,file_missing,
s007574,False,False,False,False,False,0,file_missing,
s007575,False,False,False,False,False,0,file_missing,
s007576,False,False,False,False,False,0,file_missing,
s007577,False,False,False,False,False,0,file_missing,
s007578,False,False,False,False,False,0,file_missing,
s007579,False,False,False,False,False,0,file_missing,
s007580,False,False,False,False,False,0,file_missing,
s007581,False,False,False,False,False,0,file_missing,
s007582,False,False,False,False,False,0,file_missing,
s007583,False,False,False,False,False,0,file_missing,
s007584,False,False,False,False,False,0,file_missing,
s007585,False,False,False,False,False,0,file_missing,
s007586,False,False,False,False,False,0,file_missing,
s007587,False,False,False,False,False,0,file_missing,
s007588,False,False,False,False,False,0,file_missing,
s007589,False,False,False,False,False,0,file_missing,
s007590,False,False,False,False,False,0,file_missing,
s007591,False,False,False,False,False,0,file_missing,
s007592,False,False,False,False,False,0,file_missing,
s007593,False,False,False,False,False,0,file_missing,
s007594,False,False,False,False,False,0,file_missing,
s007595,False,False,False,False,False,0,file_missing,
s007596,False,False,False,False,False,0,file_missing,
s007597,False,False,False,False,False,0,file_missing,
s007598,False,False,False,False,False,0,file_missing,
s007599,False,False,False,False,False,0,file_missing,
s007600,False,False,False,False,False,0,file_missing,
s007601,False,False,False,False,False,0,file_missing,
s007602,False,False,False,False,False,0,file_missing,
s007603,False,False,False,False,False,0,file_missing,
s007604,False,False,False,False,False,0,file_missing,
s007605,False,False,False,False,False,0,file_missing,
s007606,False,False,False,False,False,0,file_missing,
s007607,False,False,False,False,False,0,file_missing,
s007608,False,False,False,False,False,0,file_missing,
s007609,False,False,False,False,False,0,file_missing,
s007610,False,False,False,False,False,0,file_missing,
s007611,False,False,False,False,False,0,file_missing,
s007612,False,False,False,False,False,0,file_missing,
s007613,False,False,False,False,False,0,file_missing,
s007614,False,False,False,False,False,0,file_missing,
s007615,False,False,False,False,False,0,file_missing,
s007616,False,False,False,False,False,0,file_missing,
s007617,False,False,False,False,False,0,file_missing,
s007618,False,False,False,False,False,0,file_missing,
s007619,False,False,False,False,False,0,file_missing,
s007620,False,False,False,False,False,0,file_missing,
s007621,False,False,False,False,False,0,file_missing,
s007622,False,False,False,False,False,0,file_missing,
s007623,False,False,False,False,False,0,file_missing,
s007624,False,False,False,False,False,0,file_missing,
s007625,False,False,False,False,False,0,file_missing,
s007626,False,False,False,False,False,0,file_missing,
s007627,False,False,False,False,False,0,file_missing,
s007628,False,False,False,False,False,0,file_missing,
s007629,False,False,False,False,False,0,file_missing,
s007630,False,False,False,False,False,0,file_missing,
s007631,False,False,False,False,False,0,file_missing,
s007632,False,False,False,False,False,0,file_missing,
s007633,False,False,False,False,False,0,file_missing,
s007634,False,False,False,False,False,0,file_missing,
s007635,False,False,False,False,False,0,file_missing,
s007636,False,False,False,False,False,0,file_missing,
s007637,False,False,False,False,False,0,file_missing,
s007638,False,False,False,False,False,0,file_missing,
s007639,False,False,False,False,False,0,file_missing,
s007640,False,False,False,False,False,0,file_missing,
s007641,False,False,False,False,False,0,file_missing,
s007642,False,False,False,False,False,0,file_missing,
s007643,False,False,False,False,False,0,file_missing,
s007644,False,False,False,False,False,0,file_missing,
s007645,False,False,False,False,False,0,file_missing,
s007646,False,False,False,False,False,0,file_missing,
s007647,False,False,False,False,False,0,file_missing,
s007648,False,False,False,False,False,0,file_missing,
s007649,False,False,False,False,False,0,file_missing,
s007650,False,False,False,False,False,0,file_missing,
s007651,False,False,False,False,False,0,file_missing,
s007652,False,False,False,False,False,0,file_missing,
s007653,False,False,False,False,False,0,file_missing,
s007654,False,False,False,False,False,0,file_missing,
s007655,False,False,False,False,False,0,file_missing,
s007656,False,False,False,False,False,0,file_missing,
s007657,False,False,False,False,False,0,file_missing,
s007658,False,False,False,False,False,0,file_missing,
s007659,False,False,False,False,False,0,file_missing,
s007660,False,False,False,False,False,0,file_missing,
s007661,False,False,False,False,False,0,file_missing,
s007662,False,False,False,False,False,0,file_missing,
s007663,False,False,False,False,False,0,file_missing,
s007664,False,False,False,False,False,0,file_missing,
s007665,False,False,False,False,False,0,file_missing,
s007666,False,False,False,False,False,0,file_missing,
s007667,False,False,False,False,False,0,file_missing,
s007668,False,False,False,False,False,0,file_missing,
s007669,False,False,False,False,False,0,file_missing,
s007670,False,False,False,False,False,0,file_missing,
s007671,False,False,False,False,False,0,file_missing,
s007672,False,False,False,False,False,0,file_missing,
s007673,False,False,False,False,False,0,file_missing,
s007674,False,False,False,False,False,0,file_missing,
s007675,False,False,False,False,False,0,file_missing,
s007676,False,False,False,False,False,0,file_missing,
s007677,False,False,False,False,False,0,file_missing,
s007678,False,False,False,False,False,0,file_missing,
s007679,False,False,False,False,False,0,file_missing,
s007680,False,False,False,False,False,0,file_missing,
s007681,False,False,False,False,False,0,file_missing,
s007682,False,False,False,False,False,0,file_missing,
s007683,False,False,False,False,False,0,file_missing,
s007684,False,False,False,False,False,0,file_missing,
s007685,False,False,False,False,False,0,file_missing,
s007686,False,False,False,False,False,0,file_missing,
s007687,False,False,False,False,False,0,file_missing,
s007688,False,False,False,False,False,0,file_missing,
s007689,False,False,False,False,False,0,file_missing,
s007690,False,False,False,False,False,0,file_missing,
s007691,False,False,False,False,False,0,file_missing,
s007692,False,False,False,False,False,0,file_missing,
s007693,False,False,False,False,False,0,file_missing,
s007694,False,False,False,False,False,0,file_missing,
s007695,False,False,False,False,False,0,file_missing,
s007696,False,False,False,False,False,0,file_missing,
s007697,False,False,False,False,False,0,file_missing,
s007698,False,False,False,False,False,0,file_missing,
s007699,False,False,False,False,False,0,file_missing,
s007700,False,False,False,False,False,0,file_missing,
s007701,False,False,False,False,False,0,file_missing,
s007702,False,False,False,False,False,0,file_missing,
s007703,False,False,False,False,False,0,file_missing,
s007704,False,False,False,False,False,0,file_missing,
s007705,False,False,False,False,False,0,file_missing,
s007706,False,False,False,False,False,0,file_missing,
s007707,False,False,False,False,False,0,file_missing,
s007708,False,False,False,False,False,0,file_missing,
s007709,False,False,False,False,False,0,file_missing,
s007710,False,False,False,False,False,0,file_missing,
s007711,False,False,False,False,False,0,file_missing,
s007712,False,False,False,False,False,0,file_missing,
s007713,False,False,False,False,False,0,file_missing,
s007714,False,False,False,False,False,0,file_missing,
s007715,False,False,False,False,False,0,file_missing,
s007716,False,False,False,False,False,0,file_missing,
s007717,False,False,False,False,False,0,file_missing,
s007718,False,False,False,False,False,0,file_missing,
s007719,False,False,False,False,False,0,file_missing,
s007720,False,False,False,False,False,0,file_missing,
s007721,False,False,False,False,False,0,file_missing,
s007722,False,False,False,False,False,0,file_missing,
s007723,False,False,False,False,False,0,file_missing,
s007724,False,False,False,False,False,0,file_missing,
s007725,False,False,False,False,False,0,file_missing,
s007726,False,False,False,False,False,0,file_missing,
s007727,False,False,False,False,False,0,file_missing,
s007728,False,False,False,False,False,0,file_missing,
s007729,False,False,False,False,False,0,file_missing,
s007730,False,False,False,False,False,0,file_missing,
s007731,False,False,False,False,False,0,file_missing,
s007732,False,False,False,False,False,0,file_missing,
s007733,False,False,False,False,False,0,file_missing,
s007734,False,False,False,False,False,0,file_missing,
s007735,False,False,False,False,False,0,file_missing,
s007736,False,False,False,False,False,0,file_missing,
s007737,False,False,False,False,False,0,file_missing,
s007738,False,False,False,False,False,0,file_missing,
s007739,False,False,False,False,False,0,file_missing,
s007740,False,False,False,False,False,0,file_missing,
s007741,False,False,False,False,False,0,file_missing,
s007742,False,False,False,False,False,0,file_missing,
s007743,False,False,False,False,False,0,file_missing,
s007744,False,False,False,False,False,0,file_missing,
s007745,False,False,False,False,False,0,file_missing,
s007746,False,False,False,False,False,0,file_missing,
s007747,False,False,False,False,False,0,file_missing,
s007748,False,False,False,False,False,0,file_missing,
s007749,False,False,False,False,False,0,file_missing,
s007750,False,False,False,False,False,0,file_missing,
s007751,False,False,False,False,False,0,file_missing,
s007752,False,False,False,False,False,0,file_missing,
s007753,False,False,False,False,False,0,file_missing,
s007754,False,False,False,False,False,0,file_missing,
s007755,False,False,False,False,False,0,file_missing,
s007756,False,False,False,False,False,0,file_missing,
s007757,False,False,False,False,False,0,file_missing,
s007758,False,False,False,False,False,0,file_missing,
s007759,False,False,False,False,False,0,file_missing,
s007760,False,False,False,False,False,0,file_missing,
s007761,False,False,False,False,False,0,file_missing,
s007762,False,False,False,False,False,0,file_missing,
s007763,False,False,False,False,False,0,file_missing,
s007764,False,False,False,False,False,0,file_missing,
s007765,False,False,False,False,False,0,file_missing,
s007766,False,False,False,False,False,0,file_missing,
s007767,False,False,False,False,False,0,file_missing,
s007768,False,False,False,False,False,0,file_missing,
s007769,False,False,False,False,False,0,file_missing,
s007770,False,False,False,False,False,0,file_missing,
s007771,False,False,False,False,False,0,file_missing,
s007772,False,False,False,False,False,0,file_missing,
s007773,False,False,False,False,False,0,file_missing,
s007774,False,False,False,False,False,0,file_missing,
s007775,False,False,False,False,False,0,file_missing,
s007776,False,False,False,False,False,0,file_missing,
s007777,False,False,False,False,False,0,file_missing,
s007778,False,False,False,False,False,0,file_missing,
s007779,False,False,False,False,False,0,file_missing,
s007780,False,False,False,False,False,0,file_missing,
s007781,False,False,False,False,False,0,file_missing,
s007782,False,False,False,False,False,0,file_missing,
s007783,False,False,False,False,False,0,file_missing,
s007784,False,False,False,False,False,0,file_missing,
s007785,False,False,False,False,False,0,file_missing,
s007786,False,False,False,False,False,0,file_missing,
s007787,False,False,False,False,False,0,file_missing,
s007788,False,False,False,False,False,0,file_missing,
s007789,False,False,False,False,False,0,file_missing,
s007790,False,False,False,False,False,0,file_missing,
s007791,False,False,False,False,False,0,file_missing,
s007792,False,False,False,False,False,0,file_missing,
s007793,False,False,False,False,False,0,file_missing,
s007794,False,False,False,False,False,0,file_missing,
s007795,False,False,False,False,False,0,file_missing,
s007796,False,False,False,False,False,0,file_missing,
s007797,False,False,False,False,False,0,file_missing,
s007798,False,False,False,False,False,0,file_missing,
s007799,False,False,False,False,False,0,file_missing,
s007800,False,False,False,False,False,0,file_missing,
s007801,False,False,False,False,False,0,file_missing,
s007802,False,False,False,False,False,0,file_missing,
s007803,False,False,False,False,False,0,file_missing,
s007804,False,False,False,False,False,0,file_missing,
s007805,False,False,False,False,False,0,file_missing,
s007806,False,False,False,False,False,0,file_missing,
s007807,False,False,False,False,False,0,file_missing,
s007808,False,False,False,False,False,0,file_missing,
s007809,False,False,False,False,False,0,file_missing,
s007810,False,False,False,False,False,0,file_missing,
s007811,False,False,False,False,False,0,file_missing,
s007812,False,False,False,False,False,0,file_missing,
s007813,False,False,False,False,False,0,file_missing,
s007814,False,False,False,False,False,0,file_missing,
s007815,False,False,False,False,False,0,file_missing,
s007816,False,False,False,False,False,0,file_missing,
s007817,False,False,False,False,False,0,file_missing,
s007818,False,False,False,False,False,0,file_missing,
s007819,False,False,False,False,False,0,file_missing,
s007820,False,False,False,False,False,0,file_missing,
s007821,False,False,False,False,False,0,file_missing,
s007822,False,False,False,False,False,0,file_missing,
s007823,False,False,False,False,False,0,file_missing,
s007824,False,False,False,False,False,0,file_missing,
s007825,False,False,False,False,False,0,file_missing,
s007826,False,False,False,False,False,0,file_missing,
s007827,False,False,False,False,False,0,file_missing,
s007828,False,False,False,False,False,0,file_missing,
s007829,False,False,False,False,False,0,file_missing,
s007830,False,False,False,False,False,0,file_missing,
s007831,False,False,False,False,False,0,file_missing,
s007832,False,False,False,False,False,0,file_missing,
s007833,False,False,False,False,False,0,file_missing,
s007834,False,False,False,False,False,0,file_missing,
s007835,False,False,False,False,False,0,file_missing,
s007836,False,False,False,False,False,0,file_missing,
s007837,False,False,False,False,False,0,file_missing,
s007838,False,False,False,False,False,0,file_missing,
s007839,False,False,False,False,False,0,file_missing,
s007840,False,False,False,False,False,0,file_missing,
s007841,False,False,False,False,False,0,file_missing,
s007842,False,False,False,False,False,0,file_missing,
s007843,False,False,False,False,False,0,file_missing,
s007844,False,False,False,False,False,0,file_missing,
s007845,False,False,False,False,False,0,file_missing,
s007846,False,False,False,False,False,0,file_missing,
s007847,False,False,False,False,False,0,file_missing,
s007848,False,False,False,False,False,0,file_missing,
s007849,False,False,False,False,False,0,file_missing,
s007850,False,False,False,False,False,0,file_missing,
s007851,False,False,False,False,False,0,file_missing,
s007852,False,False,False,False,False,0,file_missing,
s007853,False,False,False,False,False,0,file_missing,
s007854,False,False,False,False,False,0,file_missing,
s007855,False,False,False,False,False,0,file_missing,
s007856,False,False,False,False,False,0,file_missing,
s007857,False,False,False,False,False,0,file_missing,
s007858,False,False,False,False,False,0,file_missing,
s007859,False,False,False,False,False,0,file_missing,
s007860,False,False,False,False,False,0,file_missing,
s007861,False,False,False,False,False,0,file_missing,
s007862,False,False,False,False,False,0,file_missing,
s007863,False,False,False,False,False,0,file_missing,
s007864,False,False,False,False,False,0,file_missing,
s007865,False,False,False,False,False,0,file_missing,
s007866,False,False,False,False,False,0,file_missing,
s007867,False,False,False,False,False,0,file_missing,
s007868,False,False,False,False,False,0,file_missing,
s007869,False,False,False,False,False,0,file_missing,
s007870,False,False,False,False,False,0,file_missing,
s007871,False,False,False,False,False,0,file_missing,
s007872,False,False,False,False,False,0,file_missing,
s007873,False,False,False,False,False,0,file_missing,
s007874,False,False,False,False,False,0,file_missing,
s007875,False,False,False,False,False,0,file_missing,
s007876,False,False,False,False,False,0,file_missing,
s007877,False,False,False,False,False,0,file_missing,
s007878,False,False,False,False,False,0,file_missing,
s007879,False,False,False,False,False,0,file_missing,
s007880,False,False,False,False,False,0,file_missing,
s007881,False,False,False,False,False,0,file_missing,
s007882,False,False,False,False,False,0,file_missing,
s007883,False,False,False,False,False,0,file_missing,
s007884,False,False,False,False,False,0,file_missing,
s007885,False,False,False,False,False,0,file_missing,
s007886,False,False,False,False,False,0,file_missing,
s007887,False,False,False,False,False,0,file_missing,
s007888,False,False,False,False,False,0,file_missing,
s007889,False,False,False,False,False,0,file_missing,
s007890,False,False,False,False,False,0,file_missing,
s007891,False,False,False,False,False,0,file_missing,
s007892,False,False,False,False,False,0,file_missing,
s007893,False,False,False,False,False,0,file_missing,
s007894,False,False,False,False,False,0,file_missing,
s007895,False,False,False,False,False,0,file_missing,
s007896,False,False,False,False,False,0,file_missing,
s007897,False,False,False,False,False,0,file_missing,
s007898,False,False,False,False,False,0,file_missing,
s007899,False,False,False,False,False,0,file_missing,
s007900,False,False,False,False,False,0,file_missing,
s007901,False,False,False,False,False,0,file_missing,
s007902,False,False,False,False,False,0,file_missing,
s007903,False,False,False,False,False,0,file_missing,
s007904,False,False,False,False,False,0,file_missing,
s007905,False,False,False,False,False,0,file_missing,
s007906,False,False,False,False,False,0,file_missing,
s007907,False,False,False,False,False,0,file_missing,
s007908,False,False,False,False,False,0,file_missing,
s007909,False,False,False,False,False,0,file_missing,
s007910,False,False,False,False,False,0,file_missing,
s007911,False,False,False,False,False,0,file_missing,
s007912,False,False,False,False,False,0,file_missing,
s007913,False,False,False,False,False,0,file_missing,
s007914,False,False,False,False,False,0,file_missing,
s007915,False,False,False,False,False,0,file_missing,
s007916,False,False,False,False,False,0,file_missing,
s007917,False,False,False,False,False,0,file_missing,
s007918,False,False,False,False,False,0,file_missing,
s007919,False,False,False,False,False,0,file_missing,
s007920,False,False,False,False,False,0,file_missing,
s007921,False,False,False,False,False,0,file_missing,
s007922,False,False,False,False,False,0,file_missing,
s007923,False,False,False,False,False,0,file_missing,
s007924,False,False,False,False,False,0,file_missing,
s007925,False,False,False,False,False,0,file_missing,
s007926,False,False,False,False,False,0,file_missing,
s007927,False,False,False,False,False,0,file_missing,
s007928,False,False,False,False,False,0,file_missing,
s007929,False,False,False,False,False,0,file_missing,
s007930,False,False,False,False,False,0,file_missing,
s007931,False,False,False,False,False,0,file_missing,
s007932,False,False,False,False,False,0,file_missing,
s007933,False,False,False,False,False,0,file_missing,
s007934,False,False,False,False,False,0,file_missing,
s007935,False,False,False,False,False,0,file_missing,
s007936,False,False,False,False,False,0,file_missing,
s007937,False,False,False,False,False,0,file_missing,
s007938,False,False,False,False,False,0,file_missing,
s007939,False,False,False,False,False,0,file_missing,
s007940,False,False,False,False,False,0,file_missing,
s007941,False,False,False,False,False,0,file_missing,
s007942,False,False,False,False,False,0,file_missing,
s007943,False,False,False,False,False,0,file_missing,
s007944,False,False,False,False,False,0,file_missing,
s007945,False,False,False,False,False,0,file_missing,
s007946,False,False,False,False,False,0,file_missing,
s007947,False,False,False,False,False,0,file_missing,
s007948,False,False,False,False,False,0,file_missing,
s007949,False,False,False,False,False,0,file_missing,
s007950,False,False,False,False,False,0,file_missing,
s007951,False,False,False,False,False,0,file_missing,
s007952,False,False,False,False,False,0,file_missing,
s007953,False,False,False,False,False,0,file_missing,
s007954,False,False,False,False,False,0,file_missing,
s007955,False,False,False,False,False,0,file_missing,
s007956,False,False,False,False,False,0,file_missing,
s007957,False,False,False,False,False,0,file_missing,
s007958,False,False,False,False,False,0,file_missing,
s007959,False,False,False,False,False,0,file_missing,
s007960,False,False,False,False,False,0,file_missing,
s007961,False,False,False,False,False,0,file_missing,
s007962,False,False,False,False,False,0,file_missing,
s007963,False,False,False,False,False,0,file_missing,
s007964,False,False,False,False,False,0,file_missing,
s007965,False,False,False,False,False,0,file_missing,
s007966,False,False,False,False,False,0,file_missing,
s007967,False,False,False,False,False,0,file_missing,
s007968,False,False,False,False,False,0,file_missing,
s007969,False,False,False,False,False,0,file_missing,
s007970,False,False,False,False,False,0,file_missing,
s007971,False,False,False,False,False,0,file_missing,
s007972,False,False,False,False,False,0,file_missing,
s007973,False,False,False,False,False,0,file_missing,
s007974,False,False,False,False,False,0,file_missing,
s007975,False,False,False,False,False,0,file_missing,
s007976,False,False,False,False,False,0,file_missing,
s007977,False,False,False,False,False,0,file_missing,
s007978,False,False,False,False,False,0,file_missing,
s007979,False,False,False,False,False,0,file_missing,
s007980,False,False,False,False,False,0,file_missing,
s007981,False,False,False,False,False,0,file_missing,
s007982,False,False,False,False,False,0,file_missing,
s007983,False,False,False,False,False,0,file_missing,
s007984,False,False,False,False,False,0,file_missing,
s007985,False,False,False,False,False,0,file_missing,
s007986,False,False,False,False,False,0,file_missing,
s007987,False,False,False,False,False,0,file_missing,
s007988,False,False,False,False,False,0,file_missing,
s007989,False,False,False,False,False,0,file_missing,
s007990,False,False,False,False,False,0,file_missing,
s007991,False,False,False,False,False,0,file_missing,
s007992,False,False,False,False,False,0,file_missing,
s007993,False,False,False,False,False,0,file_missing,
s007994,False,False,False,False,False,0,file_missing,
s007995,False,False,False,False,False,0,file_missing,
s007996,False,False,False,False,False,0,file_missing,
s007997,False,False,False,False,False,0,file_missing,
s007998,False,False,False,False,False,0,file_missing,
s007999,False,False,False,False,False,0,file_missing,
s008000,False,False,False,False,False,0,file_missing,
s008001,False,False,False,False,False,0,file_missing,
s008002,False,False,False,False,False,0,file_missing,
s008003,False,False,False,False,False,0,file_missing,
s008004,False,False,False,False,False,0,file_missing,
s008005,False,False,False,False,False,0,file_missing,
s008006,False,False,False,False,False,0,file_missing,
s008007,False,False,False,False,False,0,file_missing,
s008008,False,False,False,False,False,0,file_missing,
s008009,False,False,False,False,False,0,file_missing,
s008010,False,False,False,False,False,0,file_missing,
s008011,False,False,False,False,False,0,file_missing,
s008012,False,False,False,False,False,0,file_missing,
s008013,False,False,False,False,False,0,file_missing,
s008014,False,False,False,False,False,0,file_missing,
s008015,False,False,False,False,False,0,file_missing,
s008016,False,False,False,False,False,0,file_missing,
s008017,False,False,False,False,False,0,file_missing,
s008018,False,False,False,False,False,0,file_missing,
s008019,False,False,False,False,False,0,file_missing,
s008020,False,False,False,False,False,0,file_missing,
s008021,False,False,False,False,False,0,file_missing,
s008022,False,False,False,False,False,0,file_missing,
s008023,False,False,False,False,False,0,file_missing,
s008024,False,False,False,False,False,0,file_missing,
s008025,False,False,False,False,False,0,file_missing,
s008026,False,False,False,False,False,0,file_missing,
s008027,False,False,False,False,False,0,file_missing,
s008028,False,False,False,False,False,0,file_missing,
s008029,False,False,False,False,False,0,file_missing,
s008030,False,False,False,False,False,0,file_missing,
s008031,False,False,False,False,False,0,file_missing,
s008032,False,False,False,False,False,0,file_missing,
s008033,False,False,False,False,False,0,file_missing,
s008034,False,False,False,False,False,0,file_missing,
s008035,False,False,False,False,False,0,file_missing,
s008036,False,False,False,False,False,0,file_missing,
s008037,False,False,False,False,False,0,file_missing,
s008038,False,False,False,False,False,0,file_missing,
s008039,False,False,False,False,False,0,file_missing,
s008040,False,False,False,False,False,0,file_missing,
s008041,False,False,False,False,False,0,file_missing,
s008042,False,False,False,False,False,0,file_missing,
s008043,False,False,False,False,False,0,file_missing,
s008044,False,False,False,False,False,0,file_missing,
s008045,False,False,False,False,False,0,file_missing,
s008046,False,False,False,False,False,0,file_missing,
s008047,False,False,False,False,False,0,file_missing,
s008048,False,False,False,False,False,0,file_missing,
s008049,False,False,False,False,False,0,file_missing,
s008050,False,False,False,False,False,0,file_missing,
s008051,False,False,False,False,False,0,file_missing,
s008052,False,False,False,False,False,0,file_missing,
s008053,False,False,False,False,False,0,file_missing,
s008054,False,False,False,False,False,0,file_missing,
s008055,False,False,False,False,False,0,file_missing,
s008056,False,False,False,False,False,0,file_missing,
s008057,False,False,False,False,False,0,file_missing,
s008058,False,False,False,False,False,0,file_missing,
s008059,False,False,False,False,False,0,file_missing,
s008060,False,False,False,False,False,0,file_missing,
s008061,False,False,False,False,False,0,file_missing,
s008062,False,False,False,False,False,0,file_missing,
s008063,False,False,False,False,False,0,file_missing,
s008064,False,False,False,False,False,0,file_missing,
s008065,False,False,False,False,False,0,file_missing,
s008066,False,False,False,False,False,0,file_missing,
s008067,False,False,False,False,False,0,file_missing,
s008068,False,False,False,False,False,0,file_missing,
s008069,False,False,False,False,False,0,file_missing,
s008070,False,False,False,False,False,0,file_missing,
s008071,False,False,False,False,False,0,file_missing,
s008072,False,False,False,False,False,0,file_missing,
s008073,False,False,False,False,False,0,file_missing,
s008074,False,False,False,False,False,0,file_missing,
s008075,False,False,False,False,False,0,file_missing,
s008076,False,False,False,False,False,0,file_missing,
s008077,False,False,False,False,False,0,file_missing,
s008078,False,False,False,False,False,0,file_missing,
s008079,False,False,False,False,False,0,file_missing,
s008080,False,False,False,False,False,0,file_missing,
s008081,False,False,False,False,False,0,file_missing,
s008082,False,False,False,False,False,0,file_missing,
s008083,False,False,False,False,False,0,file_missing,
s008084,False,False,False,False,False,0,file_missing,
s008085,False,False,False,False,False,0,file_missing,
s008086,False,False,False,False,False,0,file_missing,
s008087,False,False,False,False,False,0,file_missing,
s008088,False,False,False,False,False,0,file_missing,
s008089,False,False,False,False,False,0,file_missing,
s008090,False,False,False,False,False,0,file_missing,
s008091,False,False,False,False,False,0,file_missing,
s008092,False,False,False,False,False,0,file_missing,
s008093,False,False,False,False,False,0,file_missing,
s008094,False,False,False,False,False,0,file_missing,
s008095,False,False,False,False,False,0,file_missing,
s008096,False,False,False,False,False,0,file_missing,
s008097,False,False,False,False,False,0,file_missing,
s008098,False,False,False,False,False,0,file_missing,
s008099,False,False,False,False,False,0,file_missing,
s008100,False,False,False,False,False,0,file_missing,
s008101,False,False,False,False,False,0,file_missing,
s008102,False,False,False,False,False,0,file_missing,
s008103,False,False,False,False,False,0,file_missing,
s008104,False,False,False,False,False,0,file_missing,
s008105,False,False,False,False,False,0,file_missing,
s008106,False,False,False,False,False,0,file_missing,
s008107,False,False,False,False,False,0,file_missing,
s008108,False,False,False,False,False,0,file_missing,
s008109,False,False,False,False,False,0,file_missing,
s008110,False,False,False,False,False,0,file_missing,
s008111,False,False,False,False,False,0,file_missing,
s008112,False,False,False,False,False,0,file_missing,
s008113,False,False,False,False,False,0,file_missing,
s008114,False,False,False,False,False,0,file_missing,
s008115,False,False,False,False,False,0,file_missing,
s008116,False,False,False,False,False,0,file_missing,
s008117,False,False,False,False,False,0,file_missing,
s008118,False,False,False,False,False,0,file_missing,
s008119,False,False,False,False,False,0,file_missing,
s008120,False,False,False,False,False,0,file_missing,
s008121,False,False,False,False,False,0,file_missing,
s008122,False,False,False,False,False,0,file_missing,
s008123,False,False,False,False,False,0,file_missing,
s008124,False,False,False,False,False,0,file_missing,
s008125,False,False,False,False,False,0,file_missing,
s008126,False,False,False,False,False,0,file_missing,
s008127,False,False,False,False,False,0,file_missing,
s008128,False,False,False,False,False,0,file_missing,
s008129,False,False,False,False,False,0,file_missing,
s008130,False,False,False,False,False,0,file_missing,
s008131,False,False,False,False,False,0,file_missing,
s008132,False,False,False,False,False,0,file_missing,
s008133,False,False,False,False,False,0,file_missing,
s008134,False,False,False,False,False,0,file_missing,
s008135,False,False,False,False,False,0,file_missing,
s008136,False,False,False,False,False,0,file_missing,
s008137,False,False,False,False,False,0,file_missing,
s008138,False,False,False,False,False,0,file_missing,
s008139,False,False,False,False,False,0,file_missing,
s008140,False,False,False,False,False,0,file_missing,
s008141,False,False,False,False,False,0,file_missing,
s008142,False,False,False,False,False,0,file_missing,
s008143,False,False,False,False,False,0,file_missing,
s008144,False,False,False,False,False,0,file_missing,
s008145,False,False,False,False,False,0,file_missing,
s008146,False,False,False,False,False,0,file_missing,
s008147,False,False,False,False,False,0,file_missing,
s008148,False,False,False,False,False,0,file_missing,
s008149,False,False,False,False,False,0,file_missing,
s008150,False,False,False,False,False,0,file_missing,
s008151,False,False,False,False,False,0,file_missing,
s008152,False,False,False,False,False,0,file_missing,
s008153,False,False,False,False,False,0,file_missing,
s008154,False,False,False,False,False,0,file_missing,
s008155,False,False,False,False,False,0,file_missing,
s008156,False,False,False,False,False,0,file_missing,
s008157,False,False,False,False,False,0,file_missing,
s008158,False,False,False,False,False,0,file_missing,
s008159,False,False,False,False,False,0,file_missing,
s008160,False,False,False,False,False,0,file_missing,
s008161,False,False,False,False,False,0,file_missing,
s008162,False,False,False,False,False,0,file_missing,
s008163,False,False,False,False,False,0,file_missing,
s008164,False,False,False,False,False,0,file_missing,
s008165,False,False,False,False,False,0,file_missing,
s008166,False,False,False,False,False,0,file_missing,
s008167,False,False,False,False,False,0,file_missing,
s008168,False,False,False,False,False,0,file_missing,
s008169,False,False,False,False,False,0,file_missing,
s008170,False,False,False,False,False,0,file_missing,
s008171,False,False,False,False,False,0,file_missing,
s008172,False,False,False,False,False,0,file_missing,
s008173,False,False,False,False,False,0,file_missing,
s008174,False,False,False,False,False,0,file_missing,
s008175,False,False,False,False,False,0,file_missing,
s008176,False,False,False,False,False,0,file_missing,
s008177,False,False,False,False,False,0,file_missing,
s008178,False,False,False,False,False,0,file_missing,
s008179,False,False,False,False,False,0,file_missing,
s008180,False,False,False,False,False,0,file_missing,
s008181,False,False,False,False,False,0,file_missing,
s008182,False,False,False,False,False,0,file_missing,
s008183,False,False,False,False,False,0,file_missing,
s008184,False,False,False,False,False,0,file_missing,
s008185,False,False,False,False,False,0,file_missing,
s008186,False,False,False,False,False,0,file_missing,
s008187,False,False,False,False,False,0,file_missing,
s008188,False,False,False,False,False,0,file_missing,
s008189,False,False,False,False,False,0,file_missing,
s008190,False,False,False,False,False,0,file_missing,
s008191,False,False,False,False,False,0,file_missing,
s008192,False,False,False,False,False,0,file_missing,
s008193,False,False,False,False,False,0,file_missing,
s008194,False,False,False,False,False,0,file_missing,
s008195,False,False,False,False,False,0,file_missing,
s008196,False,False,False,False,False,0,file_missing,
s008197,False,False,False,False,False,0,file_missing,
s008198,False,False,False,False,False,0,file_missing,
s008199,False,False,False,False,False,0,file_missing,
s008200,False,False,False,False,False,0,file_missing,
s008201,False,False,False,False,False,0,file_missing,
s008202,False,False,False,False,False,0,file_missing,
s008203,False,False,False,False,False,0,file_missing,
s008204,False,False,False,False,False,0,file_missing,
s008205,False,False,False,False,False,0,file_missing,
s008206,False,False,False,False,False,0,file_missing,
s008207,False,False,False,False,False,0,file_missing,
s008208,False,False,False,False,False,0,file_missing,
s008209,False,False,False,False,False,0,file_missing,
s008210,False,False,False,False,False,0,file_missing,
s008211,False,False,False,False,False,0,file_missing,
s008212,False,False,False,False,False,0,file_missing,
s008213,False,False,False,False,False,0,file_missing,
s008214,False,False,False,False,False,0,file_missing,
s008215,False,False,False,False,False,0,file_missing,
s008216,False,False,False,False,False,0,file_missing,
s008217,False,False,False,False,False,0,file_missing,
s008218,False,False,False,False,False,0,file_missing,
s008219,False,False,False,False,False,0,file_missing,
s008220,False,False,False,False,False,0,file_missing,
s008221,False,False,False,False,False,0,file_missing,
s008222,False,False,False,False,False,0,file_missing,
s008223,False,False,False,False,False,0,file_missing,
s008224,False,False,False,False,False,0,file_missing,
s008225,False,False,False,False,False,0,file_missing,
s008226,False,False,False,False,False,0,file_missing,
s008227,False,False,False,False,False,0,file_missing,
s008228,False,False,False,False,False,0,file_missing,
s008229,False,False,False,False,False,0,file_missing,
s008230,False,False,False,False,False,0,file_missing,
s008231,False,False,False,False,False,0,file_missing,
s008232,False,False,False,False,False,0,file_missing,
s008233,False,False,False,False,False,0,file_missing,
s008234,False,False,False,False,False,0,file_missing,
s008235,False,False,False,False,False,0,file_missing,
s008236,False,False,False,False,False,0,file_missing,
s008237,False,False,False,False,False,0,file_missing,
s008238,False,False,False,False,False,0,file_missing,
s008239,False,False,False,False,False,0,file_missing,
s008240,False,False,False,False,False,0,file_missing,
s008241,False,False,False,False,False,0,file_missing,
s008242,False,False,False,False,False,0,file_missing,
s008243,False,False,False,False,False,0,file_missing,
s008244,False,False,False,False,False,0,file_missing,
s008245,False,False,False,False,False,0,file_missing,
s008246,False,False,False,False,False,0,file_missing,
s008247,False,False,False,False,False,0,file_missing,
s008248,False,False,False,False,False,0,file_missing,
s008249,False,False,False,False,False,0,file_missing,
s008250,False,False,False,False,False,0,file_missing,
s008251,False,False,False,False,False,0,file_missing,
s008252,False,False,False,False,False,0,file_missing,
s008253,False,False,False,False,False,0,file_missing,
s008254,False,False,False,False,False,0,file_missing,
s008255,False,False,False,False,False,0,file_missing,
s008256,False,False,False,False,False,0,file_missing,
s008257,False,False,False,False,False,0,file_missing,
s008258,False,False,False,False,False,0,file_missing,
s008259,False,False,False,False,False,0,file_missing,
s008260,False,False,False,False,False,0,file_missing,
s008261,False,False,False,False,False,0,file_missing,
s008262,False,False,False,False,False,0,file_missing,
s008263,False,False,False,False,False,0,file_missing,
s008264,False,False,False,False,False,0,file_missing,
s008265,False,False,False,False,False,0,file_missing,
s008266,False,False,False,False,False,0,file_missing,
s008267,False,False,False,False,False,0,file_missing,
s008268,False,False,False,False,False,0,file_missing,
s008269,False,False,False,False,False,0,file_missing,
s008270,False,False,False,False,False,0,file_missing,
s008271,False,False,False,False,False,0,file_missing,
s008272,False,False,False,False,False,0,file_missing,
s008273,False,False,False,False,False,0,file_missing,
s008274,False,False,False,False,False,0,file_missing,
s008275,False,False,False,False,False,0,file_missing,
s008276,False,False,False,False,False,0,file_missing,
s008277,False,False,False,False,False,0,file_missing,
s008278,False,False,False,False,False,0,file_missing,
s008279,False,False,False,False,False,0,file_missing,
s008280,False,False,False,False,False,0,file_missing,
s008281,False,False,False,False,False,0,file_missing,
s008282,False,False,False,False,False,0,file_missing,
s008283,False,False,False,False,False,0,file_missing,
s008284,False,False,False,False,False,0,file_missing,
s008285,False,False,False,False,False,0,file_missing,
s008286,False,False,False,False,False,0,file_missing,
s008287,False,False,False,False,False,0,file_missing,
s008288,False,False,False,False,False,0,file_missing,
s008289,False,False,False,False,False,0,file_missing,
s008290,False,False,False,False,False,0,file_missing,
s008291,False,False,False,False,False,0,file_missing,
s008292,False,False,False,False,False,0,file_missing,
s008293,False,False,False,False,False,0,file_missing,
s008294,False,False,False,False,False,0,file_missing,
s008295,False,False,False,False,False,0,file_missing,
s008296,False,False,False,False,False,0,file_missing,
s008297,False,False,False,False,False,0,file_missing,
s008298,False,False,False,False,False,0,file_missing,
s008299,False,False,False,False,False,0,file_missing,
s008300,False,False,False,False,False,0,file_missing,
s008301,False,False,False,False,False,0,file_missing,
s008302,False,False,False,False,False,0,file_missing,
s008303,False,False,False,False,False,0,file_missing,
s008304,False,False,False,False,False,0,file_missing,
s008305,False,False,False,False,False,0,file_missing,
s008306,False,False,False,False,False,0,file_missing,
s008307,False,False,False,False,False,0,file_missing,
s008308,False,False,False,False,False,0,file_missing,
s008309,False,False,False,False,False,0,file_missing,
s008310,False,False,False,False,False,0,file_missing,
s008311,False,False,False,False,False,0,file_missing,
s008312,False,False,False,False,False,0,file_missing,
s008313,False,False,False,False,False,0,file_missing,
s008314,False,False,False,False,False,0,file_missing,
s008315,False,False,False,False,False,0,file_missing,
s008316,False,False,False,False,False,0,file_missing,
s008317,False,False,False,False,False,0,file_missing,
s008318,False,False,False,False,False,0,file_missing,
s008319,False,False,False,False,False,0,file_missing,
s008320,False,False,False,False,False,0,file_missing,
s008321,False,False,False,False,False,0,file_missing,
s008322,False,False,False,False,False,0,file_missing,
s008323,False,False,False,False,False,0,file_missing,
s008324,False,False,False,False,False,0,file_missing,
s008325,False,False,False,False,False,0,file_missing,
s008326,False,False,False,False,False,0,file_missing,
s008327,False,False,False,False,False,0,file_missing,
s008328,False,False,False,False,False,0,file_missing,
s008329,False,False,False,False,False,0,file_missing,
s008330,False,False,False,False,False,0,file_missing,
s008331,False,False,False,False,False,0,file_missing,
s008332,False,False,False,False,False,0,file_missing,
s008333,False,False,False,False,False,0,file_missing,
s008334,False,False,False,False,False,0,file_missing,
s008335,False,False,False,False,False,0,file_missing,
s008336,False,False,False,False,False,0,file_missing,
s008337,False,False,False,False,False,0,file_missing,
s008338,False,False,False,False,False,0,file_missing,
s008339,False,False,False,False,False,0,file_missing,
s008340,False,False,False,False,False,0,file_missing,
s008341,False,False,False,False,False,0,file_missing,
s008342,False,False,False,False,False,0,file_missing,
s008343,False,False,False,False,False,0,file_missing,
s008344,False,False,False,False,False,0,file_missing,
s008345,False,False,False,False,False,0,file_missing,
s008346,False,False,False,False,False,0,file_missing,
s008347,False,False,False,False,False,0,file_missing,
s008348,False,False,False,False,False,0,file_missing,
s008349,False,False,False,False,False,0,file_missing,
s008350,False,False,False,False,False,0,file_missing,
s008351,False,False,False,False,False,0,file_missing,
s008352,False,False,False,False,False,0,file_missing,
s008353,False,False,False,False,False,0,file_missing,
s008354,False,False,False,False,False,0,file_missing,
s008355,False,False,False,False,False,0,file_missing,
s008356,False,False,False,False,False,0,file_missing,
s008357,False,False,False,False,False,0,file_missing,
s008358,False,False,False,False,False,0,file_missing,
s008359,False,False,False,False,False,0,file_missing,
s008360,False,False,False,False,False,0,file_missing,
s008361,False,False,False,False,False,0,file_missing,
s008362,False,False,False,False,False,0,file_missing,
s008363,False,False,False,False,False,0,file_missing,
s008364,False,False,False,False,False,0,file_missing,
s008365,False,False,False,False,False,0,file_missing,
s008366,False,False,False,False,False,0,file_missing,
s008367,False,False,False,False,False,0,file_missing,
s008368,False,False,False,False,False,0,file_missing,
s008369,False,False,False,False,False,0,file_missing,
s008370,False,False,False,False,False,0,file_missing,
s008371,False,False,False,False,False,0,file_missing,
s008372,False,False,False,False,False,0,file_missing,
s008373,False,False,False,False,False,0,file_missing,
s008374,False,False,False,False,False,0,file_missing,
s008375,False,False,False,False,False,0,file_missing,
s008376,False,False,False,False,False,0,file_missing,
s008377,False,False,False,False,False,0,file_missing,
s008378,False,False,False,False,False,0,file_missing,
s008379,False,False,False,False,False,0,file_missing,
s008380,False,False,False,False,False,0,file_missing,
s008381,False,False,False,False,False,0,file_missing,
s008382,False,False,False,False,False,0,file_missing,
s008383,False,False,False,False,False,0,file_missing,
s008384,False,False,False,False,False,0,file_missing,
s008385,False,False,False,False,False,0,file_missing,
s008386,False,False,False,False,False,0,file_missing,
s008387,False,False,False,False,False,0,file_missing,
s008388,False,False,False,False,False,0,file_missing,
s008389,False,False,False,False,False,0,file_missing,
s008390,False,False,False,False,False,0,file_missing,
s008391,False,False,False,False,False,0,file_missing,
s008392,False,False,False,False,False,0,file_missing,
s008393,False,False,False,False,False,0,file_missing,
s008394,False,False,False,False,False,0,file_missing,
s008395,False,False,False,False,False,0,file_missing,
s008396,False,False,False,False,False,0,file_missing,
s008397,False,False,False,False,False,0,file_missing,
s008398,False,False,False,False,False,0,file_missing,
s008399,False,False,False,False,False,0,file_missing,
s008400,False,False,False,False,False,0,file_missing,
s008401,False,False,False,False,False,0,file_missing,
s008402,False,False,False,False,False,0,file_missing,
s008403,False,False,False,False,False,0,file_missing,
s008404,False,False,False,False,False,0,file_missing,
s008405,False,False,False,False,False,0,file_missing,
s008406,False,False,False,False,False,0,file_missing,
s008407,False,False,False,False,False,0,file_missing,
s008408,False,False,False,False,False,0,file_missing,
s008409,False,False,False,False,False,0,file_missing,
s008410,False,False,False,False,False,0,file_missing,
s008411,False,False,False,False,False,0,file_missing,
s008412,False,False,False,False,False,0,file_missing,
s008413,False,False,False,False,False,0,file_missing,
s008414,False,False,False,False,False,0,file_missing,
s008415,False,False,False,False,False,0,file_missing,
s008416,False,False,False,False,False,0,file_missing,
s008417,False,False,False,False,False,0,file_missing,
s008418,False,False,False,False,False,0,file_missing,
s008419,False,False,False,False,False,0,file_missing,
s008420,False,False,False,False,False,0,file_missing,
s008421,False,False,False,False,False,0,file_missing,
s008422,False,False,False,False,False,0,file_missing,
s008423,False,False,False,False,False,0,file_missing,
s008424,False,False,False,False,False,0,file_missing,
s008425,False,False,False,False,False,0,file_missing,
s008426,False,False,False,False,False,0,file_missing,
s008427,False,False,False,False,False,0,file_missing,
s008428,False,False,False,False,False,0,file_missing,
s008429,False,False,False,False,False,0,file_missing,
s008430,False,False,False,False,False,0,file_missing,
s008431,False,False,False,False,False,0,file_missing,
s008432,False,False,False,False,False,0,file_missing,
s008433,False,False,False,False,False,0,file_missing,
s008434,False,False,False,False,False,0,file_missing,
s008435,False,False,False,False,False,0,file_missing,
s008436,False,False,False,False,False,0,file_missing,
s008437,False,False,False,False,False,0,file_missing,
s008438,False,False,False,False,False,0,file_missing,
s008439,False,False,False,False,False,0,file_missing,
s008440,False,False,False,False,False,0,file_missing,
s008441,False,False,False,False,False,0,file_missing,
s008442,False,False,False,False,False,0,file_missing,
s008443,False,False,False,False,False,0,file_missing,
s008444,False,False,False,False,False,0,file_missing,
s008445,False,False,False,False,False,0,file_missing,
s008446,False,False,False,False,False,0,file_missing,
s008447,False,False,False,False,False,0,file_missing,
s008448,False,False,False,False,False,0,file_missing,
s008449,False,False,False,False,False,0,file_missing,
s008450,False,False,False,False,False,0,file_missing,
s008451,False,False,False,False,False,0,file_missing,
s008452,False,False,False,False,False,0,file_missing,
s008453,False,False,False,False,False,0,file_missing,
s008454,False,False,False,False,False,0,file_missing,
s008455,False,False,False,False,False,0,file_missing,
s008456,False,False,False,False,False,0,file_missing,
s008457,False,False,False,False,False,0,file_missing,
s008458,False,False,False,False,False,0,file_missing,
s008459,False,False,False,False,False,0,file_missing,
s008460,False,False,False,False,False,0,file_missing,
s008461,False,False,False,False,False,0,file_missing,
s008462,False,False,False,False,False,0,file_missing,
s008463,False,False,False,False,False,0,file_missing,
s008464,False,False,False,False,False,0,file_missing,
s008465,False,False,False,False,False,0,file_missing,
s008466,False,False,False,False,False,0,file_missing,
s008467,False,False,False,False,False,0,file_missing,
s008468,False,False,False,False,False,0,file_missing,
s008469,False,False,False,False,False,0,file_missing,
s008470,False,False,False,False,False,0,file_missing,
s008471,False,False,False,False,False,0,file_missing,
s008472,False,False,False,False,False,0,file_missing,
s008473,False,False,False,False,False,0,file_missing,
s008474,False,False,False,False,False,0,file_missing,
s008475,False,False,False,False,False,0,file_missing,
s008476,False,False,False,False,False,0,file_missing,
s008477,False,False,False,False,False,0,file_missing,
s008478,False,False,False,False,False,0,file_missing,
s008479,False,False,False,False,False,0,file_missing,
s008480,False,False,False,False,False,0,file_missing,
s008481,False,False,False,False,False,0,file_missing,
s008482,False,False,False,False,False,0,file_missing,
s008483,False,False,False,False,False,0,file_missing,
s008484,False,False,False,False,False,0,file_missing,
s008485,False,False,False,False,False,0,file_missing,
s008486,False,False,False,False,False,0,file_missing,
s008487,False,False,False,False,False,0,file_missing,
s008488,False,False,False,False,False,0,file_missing,
s008489,False,False,False,False,False,0,file_missing,
s008490,False,False,False,False,False,0,file_missing,
s008491,False,False,False,False,False,0,file_missing,
s008492,False,False,False,False,False,0,file_missing,
s008493,False,False,False,False,False,0,file_missing,
s008494,False,False,False,False,False,0,file_missing,
s008495,False,False,False,False,False,0,file_missing,
s008496,False,False,False,False,False,0,file_missing,
s008497,False,False,False,False,False,0,file_missing,
s008498,False,False,False,False,False,0,file_missing,
s008499,False,False,False,False,False,0,file_missing,
s008500,False,False,False,False,False,0,file_missing,
s008501,False,False,False,False,False,0,file_missing,
s008502,False,False,False,False,False,0,file_missing,
s008503,False,False,False,False,False,0,file_missing,
s008504,False,False,False,False,False,0,file_missing,
s008505,False,False,False,False,False,0,file_missing,
s008506,False,False,False,False,False,0,file_missing,
s008507,False,False,False,False,False,0,file_missing,
s008508,False,False,False,False,False,0,file_missing,
s008509,False,False,False,False,False,0,file_missing,
s008510,False,False,False,False,False,0,file_missing,
s008511,False,False,False,False,False,0,file_missing,
s008512,False,False,False,False,False,0,file_missing,
s008513,False,False,False,False,False,0,file_missing,
s008514,False,False,False,False,False,0,file_missing,
s008515,False,False,False,False,False,0,file_missing,
s008516,False,False,False,False,False,0,file_missing,
s008517,False,False,False,False,False,0,file_missing,
s008518,False,False,False,False,False,0,file_missing,
s008519,False,False,False,False,False,0,file_missing,
s008520,False,False,False,False,False,0,file_missing,
s008521,False,False,False,False,False,0,file_missing,
s008522,False,False,False,False,False,0,file_missing,
s008523,False,False,False,False,False,0,file_missing,
s008524,False,False,False,False,False,0,file_missing,
s008525,False,False,False,False,False,0,file_missing,
s008526,False,False,False,False,False,0,file_missing,
s008527,False,False,False,False,False,0,file_missing,
s008528,False,False,False,False,False,0,file_missing,
s008529,False,False,False,False,False,0,file_missing,
s008530,False,False,False,False,False,0,file_missing,
s008531,False,False,False,False,False,0,file_missing,
s008532,False,False,False,False,False,0,file_missing,
s008533,False,False,False,False,False,0,file_missing,
s008534,False,False,False,False,False,0,file_missing,
s008535,False,False,False,False,False,0,file_missing,
s008536,False,False,False,False,False,0,file_missing,
s008537,False,False,False,False,False,0,file_missing,
s008538,False,False,False,False,False,0,file_missing,
s008539,False,False,False,False,False,0,file_missing,
s008540,False,False,False,False,False,0,file_missing,
s008541,False,False,False,False,False,0,file_missing,
s008542,False,False,False,False,False,0,file_missing,
s008543,False,False,False,False,False,0,file_missing,
s008544,False,False,False,False,False,0,file_missing,
s008545,False,False,False,False,False,0,file_missing,
s008546,False,False,False,False,False,0,file_missing,
s008547,False,False,False,False,False,0,file_missing,
s008548,False,False,False,False,False,0,file_missing,
s008549,False,False,False,False,False,0,file_missing,
s008550,False,False,False,False,False,0,file_missing,
s008551,False,False,False,False,False,0,file_missing,
s008552,False,False,False,False,False,0,file_missing,
s008553,False,False,False,False,False,0,file_missing,
s008554,False,False,False,False,False,0,file_missing,
s008555,False,False,False,False,False,0,file_missing,
s008556,False,False,False,False,False,0,file_missing,
s008557,False,False,False,False,False,0,file_missing,
s008558,False,False,False,False,False,0,file_missing,
s008559,False,False,False,False,False,0,file_missing,
s008560,False,False,False,False,False,0,file_missing,
s008561,False,False,False,False,False,0,file_missing,
s008562,False,False,False,False,False,0,file_missing,
s008563,False,False,False,False,False,0,file_missing,
s008564,False,False,False,False,False,0,file_missing,
s008565,False,False,False,False,False,0,file_missing,
s008566,False,False,False,False,False,0,file_missing,
s008567,False,False,False,False,False,0,file_missing,
s008568,False,False,False,False,False,0,file_missing,
s008569,False,False,False,False,False,0,file_missing,
s008570,False,False,False,False,False,0,file_missing,
s008571,False,False,False,False,False,0,file_missing,
s008572,False,False,False,False,False,0,file_missing,
s008573,False,False,False,False,False,0,file_missing,
s008574,False,False,False,False,False,0,file_missing,
s008575,False,False,False,False,False,0,file_missing,
s008576,False,False,False,False,False,0,file_missing,
s008577,False,False,False,False,False,0,file_missing,
s008578,False,False,False,False,False,0,file_missing,
s008579,False,False,False,False,False,0,file_missing,
s008580,False,False,False,False,False,0,file_missing,
s008581,False,False,False,False,False,0,file_missing,
s008582,False,False,False,False,False,0,file_missing,
s008583,False,False,False,False,False,0,file_missing,
s008584,False,False,False,False,False,0,file_missing,
s008585,False,False,False,False,False,0,file_missing,
s008586,False,False,False,False,False,0,file_missing,
s008587,False,False,False,False,False,0,file_missing,
s008588,False,False,False,False,False,0,file_missing,
s008589,False,False,False,False,False,0,file_missing,
s008590,False,False,False,False,False,0,file_missing,
s008591,False,False,False,False,False,0,file_missing,
s008592,False,False,False,False,False,0,file_missing,
s008593,False,False,False,False,False,0,file_missing,
s008594,False,False,False,False,False,0,file_missing,
s008595,False,False,False,False,False,0,file_missing,
s008596,False,False,False,False,False,0,file_missing,
s008597,False,False,False,False,False,0,file_missing,
s008598,False,False,False,False,False,0,file_missing,
s008599,False,False,False,False,False,0,file_missing,
s008600,False,False,False,False,False,0,file_missing,
s008601,False,False,False,False,False,0,file_missing,
s008602,False,False,False,False,False,0,file_missing,
s008603,False,False,False,False,False,0,file_missing,
s008604,False,False,False,False,False,0,file_missing,
s008605,False,False,False,False,False,0,file_missing,
s008606,False,False,False,False,False,0,file_missing,
s008607,False,False,False,False,False,0,file_missing,
s008608,False,False,False,False,False,0,file_missing,
s008609,False,False,False,False,False,0,file_missing,
s008610,False,False,False,False,False,0,file_missing,
s008611,False,False,False,False,False,0,file_missing,
s008612,False,False,False,False,False,0,file_missing,
s008613,False,False,False,False,False,0,file_missing,
s008614,False,False,False,False,False,0,file_missing,
s008615,False,False,False,False,False,0,file_missing,
s008616,False,False,False,False,False,0,file_missing,
s008617,False,False,False,False,False,0,file_missing,
s008618,False,False,False,False,False,0,file_missing,
s008619,False,False,False,False,False,0,file_missing,
s008620,False,False,False,False,False,0,file_missing,
s008621,False,False,False,False,False,0,file_missing,
s008622,False,False,False,False,False,0,file_missing,
s008623,False,False,False,False,False,0,file_missing,
s008624,False,False,False,False,False,0,file_missing,
s008625,False,False,False,False,False,0,file_missing,
s008626,False,False,False,False,False,0,file_missing,
s008627,False,False,False,False,False,0,file_missing,
s008628,False,False,False,False,False,0,file_missing,
s008629,False,False,False,False,False,0,file_missing,
s008630,False,False,False,False,False,0,file_missing,
s008631,False,False,False,False,False,0,file_missing,
s008632,False,False,False,False,False,0,file_missing,
s008633,False,False,False,False,False,0,file_missing,
s008634,False,False,False,False,False,0,file_missing,
s008635,False,False,False,False,False,0,file_missing,
s008636,False,False,False,False,False,0,file_missing,
s008637,False,False,False,False,False,0,file_missing,
s008638,False,False,False,False,False,0,file_missing,
s008639,False,False,False,False,False,0,file_missing,
s008640,False,False,False,False,False,0,file_missing,
s008641,False,False,False,False,False,0,file_missing,
s008642,False,False,False,False,False,0,file_missing,
s008643,False,False,False,False,False,0,file_missing,
s008644,False,False,False,False,False,0,file_missing,
s008645,False,False,False,False,False,0,file_missing,
s008646,False,False,False,False,False,0,file_missing,
s008647,False,False,False,False,False,0,file_missing,
s008648,False,False,False,False,False,0,file_missing,
s008649,False,False,False,False,False,0,file_missing,
s008650,False,False,False,False,False,0,file_missing,
s008651,False,False,False,False,False,0,file_missing,
s008652,False,False,False,False,False,0,file_missing,
s008653,False,False,False,False,False,0,file_missing,
s008654,False,False,False,False,False,0,file_missing,
s008655,False,False,False,False,False,0,file_missing,
s008656,False,False,False,False,False,0,file_missing,
s008657,False,False,False,False,False,0,file_missing,
s008658,False,False,False,False,False,0,file_missing,
s008659,False,False,False,False,False,0,file_missing,
s008660,False,False,False,False,False,0,file_missing,
s008661,False,False,False,False,False,0,file_missing,
s008662,False,False,False,False,False,0,file_missing,
s008663,False,False,False,False,False,0,file_missing,
s008664,False,False,False,False,False,0,file_missing,
s008665,False,False,False,False,False,0,file_missing,
s008666,False,False,False,False,False,0,file_missing,
s008667,False,False,False,False,False,0,file_missing,
s008668,False,False,False,False,False,0,file_missing,
s008669,False,False,False,False,False,0,file_missing,
s008670,False,False,False,False,False,0,file_missing,
s008671,False,False,False,False,False,0,file_missing,
s008672,False,False,False,False,False,0,file_missing,
s008673,False,False,False,False,False,0,file_missing,
s008674,False,False,False,False,False,0,file_missing,
s008675,False,False,False,False,False,0,file_missing,
s008676,False,False,False,False,False,0,file_missing,
s008677,False,False,False,False,False,0,file_missing,
s008678,False,False,False,False,False,0,file_missing,
s008679,False,False,False,False,False,0,file_missing,
s008680,False,False,False,False,False,0,file_missing,
s008681,False,False,False,False,False,0,file_missing,
s008682,False,False,False,False,False,0,file_missing,
s008683,False,False,False,False,False,0,file_missing,
s008684,False,False,False,False,False,0,file_missing,
s008685,False,False,False,False,False,0,file_missing,
s008686,False,False,False,False,False,0,file_missing,
s008687,False,False,False,False,False,0,file_missing,
s008688,False,False,False,False,False,0,file_missing,
s008689,False,False,False,False,False,0,file_missing,
s008690,False,False,False,False,False,0,file_missing,
s008691,False,False,False,False,False,0,file_missing,
s008692,False,False,False,False,False,0,file_missing,
s008693,False,False,False,False,False,0,file_missing,
s008694,False,False,False,False,False,0,file_missing,
s008695,False,False,False,False,False,0,file_missing,
s008696,False,False,False,False,False,0,file_missing,
s008697,False,False,False,False,False,0,file_missing,
s008698,False,False,False,False,False,0,file_missing,
s008699,False,False,False,False,False,0,file_missing,
s008700,False,False,False,False,False,0,file_missing,
s008701,False,False,False,False,False,0,file_missing,
s008702,False,False,False,False,False,0,file_missing,
s008703,False,False,False,False,False,0,file_missing,
s008704,False,False,False,False,False,0,file_missing,
s008705,False,False,False,False,False,0,file_missing,
s008706,False,False,False,False,False,0,file_missing,
s008707,False,False,False,False,False,0,file_missing,
s008708,False,False,False,False,False,0,file_missing,
s008709,False,False,False,False,False,0,file_missing,
s008710,False,False,False,False,False,0,file_missing,
s008711,False,False,False,False,False,0,file_missing,
s008712,False,False,False,False,False,0,file_missing,
s008713,False,False,False,False,False,0,file_missing,
s008714,False,False,False,False,False,0,file_missing,
s008715,False,False,False,False,False,0,file_missing,
s008716,False,False,False,False,False,0,file_missing,
s008717,False,False,False,False,False,0,file_missing,
s008718,False,False,False,False,False,0,file_missing,
s008719,False,False,False,False,False,0,file_missing,
s008720,False,False,False,False,False,0,file_missing,
s008721,False,False,False,False,False,0,file_missing,
s008722,False,False,False,False,False,0,file_missing,
s008723,False,False,False,False,False,0,file_missing,
s008724,False,False,False,False,False,0,file_missing,
s008725,False,False,False,False,False,0,file_missing,
s008726,False,False,False,False,False,0,file_missing,
s008727,False,False,False,False,False,0,file_missing,
s008728,False,False,False,False,False,0,file_missing,
s008729,False,False,False,False,False,0,file_missing,
s008730,False,False,False,False,False,0,file_missing,
s008731,False,False,False,False,False,0,file_missing,
s008732,False,False,False,False,False,0,file_missing,
s008733,False,False,False,False,False,0,file_missing,
s008734,False,False,False,False,False,0,file_missing,
s008735,False,False,False,False,False,0,file_missing,
s008736,False,False,False,False,False,0,file_missing,
s008737,False,False,False,False,False,0,file_missing,
s008738,False,False,False,False,False,0,file_missing,
s008739,False,False,False,False,False,0,file_missing,
s008740,False,False,False,False,False,0,file_missing,
s008741,False,False,False,False,False,0,file_missing,
s008742,False,False,False,False,False,0,file_missing,
s008743,False,False,False,False,False,0,file_missing,
s008744,False,False,False,False,False,0,file_missing,
s008745,False,False,False,False,False,0,file_missing,
s008746,False,False,False,False,False,0,file_missing,
s008747,False,False,False,False,False,0,file_missing,
s008748,False,False,False,False,False,0,file_missing,
s008749,False,False,False,False,False,0,file_missing,
s008750,False,False,False,False,False,0,file_missing,
s008751,False,False,False,False,False,0,file_missing,
s008752,False,False,False,False,False,0,file_missing,
s008753,False,False,False,False,False,0,file_missing,
s008754,False,False,False,False,False,0,file_missing,
s008755,False,False,False,False,False,0,file_missing,
s008756,False,False,False,False,False,0,file_missing,
s008757,False,False,False,False,False,0,file_missing,
s008758,False,False,False,False,False,0,file_missing,
s008759,False,False,False,False,False,0,file_missing,
s008760,False,False,False,False,False,0,file_missing,
s008761,False,False,False,False,False,0,file_missing,
s008762,False,False,False,False,False,0,file_missing,
s008763,False,False,False,False,False,0,file_missing,
s008764,False,False,False,False,False,0,file_missing,
s008765,False,False,False,False,False,0,file_missing,
s008766,False,False,False,False,False,0,file_missing,
s008767,False,False,False,False,False,0,file_missing,
s008768,False,False,False,False,False,0,file_missing,
s008769,False,False,False,False,False,0,file_missing,
s008770,False,False,False,False,False,0,file_missing,
s008771,False,False,False,False,False,0,file_missing,
s008772,False,False,False,False,False,0,file_missing,
s008773,False,False,False,False,False,0,file_missing,
s008774,False,False,False,False,False,0,file_missing,
s008775,False,False,False,False,False,0,file_missing,
s008776,False,False,False,False,False,0,file_missing,
s008777,False,False,False,False,False,0,file_missing,
s008778,False,False,False,False,False,0,file_missing,
s008779,False,False,False,False,False,0,file_missing,
s008780,False,False,False,False,False,0,file_missing,
s008781,False,False,False,False,False,0,file_missing,
s008782,False,False,False,False,False,0,file_missing,
s008783,False,False,False,False,False,0,file_missing,
s008784,False,False,False,False,False,0,file_missing,
s008785,False,False,False,False,False,0,file_missing,
s008786,False,False,False,False,False,0,file_missing,
s008787,False,False,False,False,False,0,file_missing,
s008788,False,False,False,False,False,0,file_missing,
s008789,False,False,False,False,False,0,file_missing,
s008790,False,False,False,False,False,0,file_missing,
s008791,False,False,False,False,False,0,file_missing,
s008792,False,False,False,False,False,0,file_missing,
s008793,False,False,False,False,False,0,file_missing,
s008794,False,False,False,False,False,0,file_missing,
s008795,False,False,False,False,False,0,file_missing,
s008796,False,False,False,False,False,0,file_missing,
s008797,False,False,False,False,False,0,file_missing,
s008798,False,False,False,False,False,0,file_missing,
s008799,False,False,False,False,False,0,file_missing,
s008800,False,False,False,False,False,0,file_missing,
s008801,False,False,False,False,False,0,file_missing,
s008802,False,False,False,False,False,0,file_missing,
s008803,False,False,False,False,False,0,file_missing,
s008804,False,False,False,False,False,0,file_missing,
s008805,False,False,False,False,False,0,file_missing,
s008806,False,False,False,False,False,0,file_missing,
s008807,False,False,False,False,False,0,file_missing,
s008808,False,False,False,False,False,0,file_missing,
s008809,False,False,False,False,False,0,file_missing,
s008810,False,False,False,False,False,0,file_missing,
s008811,False,False,False,False,False,0,file_missing,
s008812,False,False,False,False,False,0,file_missing,
s008813,False,False,False,False,False,0,file_missing,
s008814,False,False,False,False,False,0,file_missing,
s008815,False,False,False,False,False,0,file_missing,
s008816,False,False,False,False,False,0,file_missing,
s008817,False,False,False,False,False,0,file_missing,
s008818,False,False,False,False,False,0,file_missing,
s008819,False,False,False,False,False,0,file_missing,
s008820,False,False,False,False,False,0,file_missing,
s008821,False,False,False,False,False,0,file_missing,
s008822,False,False,False,False,False,0,file_missing,
s008823,False,False,False,False,False,0,file_missing,
s008824,False,False,False,False,False,0,file_missing,
s008825,False,False,False,False,False,0,file_missing,
s008826,False,False,False,False,False,0,file_missing,
s008827,False,False,False,False,False,0,file_missing,
s008828,False,False,False,False,False,0,file_missing,
s008829,False,False,False,False,False,0,file_missing,
s008830,False,False,False,False,False,0,file_missing,
s008831,False,False,False,False,False,0,file_missing,
s008832,False,False,False,False,False,0,file_missing,
s008833,False,False,False,False,False,0,file_missing,
s008834,False,False,False,False,False,0,file_missing,
s008835,False,False,False,False,False,0,file_missing,
s008836,False,False,False,False,False,0,file_missing,
s008837,False,False,False,False,False,0,file_missing,
s008838,False,False,False,False,False,0,file_missing,
s008839,False,False,False,False,False,0,file_missing,
s008840,False,False,False,False,False,0,file_missing,
s008841,False,False,False,False,False,0,file_missing,
s008842,False,False,False,False,False,0,file_missing,
s008843,False,False,False,False,False,0,file_missing,
s008844,False,False,False,False,False,0,file_missing,
s008845,False,False,False,False,False,0,file_missing,
s008846,False,False,False,False,False,0,file_missing,
s008847,False,False,False,False,False,0,file_missing,
s008848,False,False,False,False,False,0,file_missing,
s008849,False,False,False,False,False,0,file_missing,
s008850,False,False,False,False,False,0,file_missing,
s008851,False,False,False,False,False,0,file_missing,
s008852,False,False,False,False,False,0,file_missing,
s008853,False,False,False,False,False,0,file_missing,
s008854,False,False,False,False,False,0,file_missing,
s008855,False,False,False,False,False,0,file_missing,
s008856,False,False,False,False,False,0,file_missing,
s008857,False,False,False,False,False,0,file_missing,
s008858,False,False,False,False,False,0,file_missing,
s008859,False,False,False,False,False,0,file_missing,
s008860,False,False,False,False,False,0,file_missing,
s008861,False,False,False,False,False,0,file_missing,
s008862,False,False,False,False,False,0,file_missing,
s008863,False,False,False,False,False,0,file_missing,
s008864,False,False,False,False,False,0,file_missing,
s008865,False,False,False,False,False,0,file_missing,
s008866,False,False,False,False,False,0,file_missing,
s008867,False,False,False,False,False,0,file_missing,
s008868,False,False,False,False,False,0,file_missing,
s008869,False,False,False,False,False,0,file_missing,
s008870,False,False,False,False,False,0,file_missing,
s008871,False,False,False,False,False,0,file_missing,
s008872,False,False,False,False,False,0,file_missing,
s008873,False,False,False,False,False,0,file_missing,
s008874,False,False,False,False,False,0,file_missing,
s008875,False,False,False,False,False,0,file_missing,
s008876,False,False,False,False,False,0,file_missing,
s008877,False,False,False,False,False,0,file_missing,
s008878,False,False,False,False,False,0,file_missing,
s008879,False,False,False,False,False,0,file_missing,
s008880,False,False,False,False,False,0,file_missing,
s008881,False,False,False,False,False,0,file_missing,
s008882,False,False,False,False,False,0,file_missing,
s008883,False,False,False,False,False,0,file_missing,
s008884,False,False,False,False,False,0,file_missing,
s008885,False,False,False,False,False,0,file_missing,
s008886,False,False,False,False,False,0,file_missing,
s008887,False,False,False,False,False,0,file_missing,
s008888,False,False,False,False,False,0,file_missing,
s008889,False,False,False,False,False,0,file_missing,
s008890,False,False,False,False,False,0,file_missing,
s008891,False,False,False,False,False,0,file_missing,
s008892,False,False,False,False,False,0,file_missing,
s008893,False,False,False,False,False,0,file_missing,
s008894,False,False,False,False,False,0,file_missing,
s008895,False,False,False,False,False,0,file_missing,
s008896,False,False,False,False,False,0,file_missing,
s008897,False,False,False,False,False,0,file_missing,
s008898,False,False,False,False,False,0,file_missing,
s008899,False,False,False,False,False,0,file_missing,
s008900,False,False,False,False,False,0,file_missing,
s008901,False,False,False,False,False,0,file_missing,
s008902,False,False,False,False,False,0,file_missing,
s008903,False,False,False,False,False,0,file_missing,
s008904,False,False,False,False,False,0,file_missing,
s008905,False,False,False,False,False,0,file_missing,
s008906,False,False,False,False,False,0,file_missing,
s008907,False,False,False,False,False,0,file_missing,
s008908,False,False,False,False,False,0,file_missing,
s008909,False,False,False,False,False,0,file_missing,
s008910,False,False,False,False,False,0,file_missing,
s008911,False,False,False,False,False,0,file_missing,
s008912,False,False,False,False,False,0,file_missing,
s008913,False,False,False,False,False,0,file_missing,
s008914,False,False,False,False,False,0,file_missing,
s008915,False,False,False,False,False,0,file_missing,
s008916,False,False,False,False,False,0,file_missing,
s008917,False,False,False,False,False,0,file_missing,
s008918,False,False,False,False,False,0,file_missing,
s008919,False,False,False,False,False,0,file_missing,
s008920,False,False,False,False,False,0,file_missing,
s008921,False,False,False,False,False,0,file_missing,
s008922,False,False,False,False,False,0,file_missing,
s008923,False,False,False,False,False,0,file_missing,
s008924,False,False,False,False,False,0,file_missing,
s008925,False,False,False,False,False,0,file_missing,
s008926,False,False,False,False,False,0,file_missing,
s008927,False,False,False,False,False,0,file_missing,
s008928,False,False,False,False,False,0,file_missing,
s008929,False,False,False,False,False,0,file_missing,
s008930,False,False,False,False,False,0,file_missing,
s008931,False,False,False,False,False,0,file_missing,
s008932,False,False,False,False,False,0,file_missing,
s008933,False,False,False,False,False,0,file_missing,
s008934,False,False,False,False,False,0,file_missing,
s008935,False,False,False,False,False,0,file_missing,
s008936,False,False,False,False,False,0,file_missing,
s008937,False,False,False,False,False,0,file_missing,
s008938,False,False,False,False,False,0,file_missing,
s008939,False,False,False,False,False,0,file_missing,
s008940,False,False,False,False,False,0,file_missing,
s008941,False,False,False,False,False,0,file_missing,
s008942,False,False,False,False,False,0,file_missing,
s008943,False,False,False,False,False,0,file_missing,
s008944,False,False,False,False,False,0,file_missing,
s008945,False,False,False,False,False,0,file_missing,
s008946,False,False,False,False,False,0,file_missing,
s008947,False,False,False,False,False,0,file_missing,
s008948,False,False,False,False,False,0,file_missing,
s008949,False,False,False,False,False,0,file_missing,
s008950,False,False,False,False,False,0,file_missing,
s008951,False,False,False,False,False,0,file_missing,
s008952,False,False,False,False,False,0,file_missing,
s008953,False,False,False,False,False,0,file_missing,
s008954,False,False,False,False,False,0,file_missing,
s008955,False,False,False,False,False,0,file_missing,
s008956,False,False,False,False,False,0,file_missing,
s008957,False,False,False,False,False,0,file_missing,
s008958,False,False,False,False,False,0,file_missing,
s008959,False,False,False,False,False,0,file_missing,
s008960,False,False,False,False,False,0,file_missing,
s008961,False,False,False,False,False,0,file_missing,
s008962,False,False,False,False,False,0,file_missing,
s008963,False,False,False,False,False,0,file_missing,
s008964,False,False,False,False,False,0,file_missing,
s008965,False,False,False,False,False,0,file_missing,
s008966,False,False,False,False,False,0,file_missing,
s008967,False,False,False,False,False,0,file_missing,
s008968,False,False,False,False,False,0,file_missing,
s008969,False,False,False,False,False,0,file_missing,
s008970,False,False,False,False,False,0,file_missing,
s008971,False,False,False,False,False,0,file_missing,
s008972,False,False,False,False,False,0,file_missing,
s008973,False,False,False,False,False,0,file_missing,
s008974,False,False,False,False,False,0,file_missing,
s008975,False,False,False,False,False,0,file_missing,
s008976,False,False,False,False,False,0,file_missing,
s008977,False,False,False,False,False,0,file_missing,
s008978,False,False,False,False,False,0,file_missing,
s008979,False,False,False,False,False,0,file_missing,
s008980,False,False,False,False,False,0,file_missing,
s008981,False,False,False,False,False,0,file_missing,
s008982,False,False,False,False,False,0,file_missing,
s008983,False,False,False,False,False,0,file_missing,
s008984,False,False,False,False,False,0,file_missing,
s008985,False,False,False,False,False,0,file_missing,
s008986,False,False,False,False,False,0,file_missing,
s008987,False,False,False,False,False,0,file_missing,
s008988,False,False,False,False,False,0,file_missing,
s008989,False,False,False,False,False,0,file_missing,
s008990,False,False,False,False,False,0,file_missing,
s008991,False,False,False,False,False,0,file_missing,
s008992,False,False,False,False,False,0,file_missing,
s008993,False,False,False,False,False,0,file_missing,
s008994,False,False,False,False,False,0,file_missing,
s008995,False,False,False,False,False,0,file_missing,
s008996,False,False,False,False,False,0,file_missing,
s008997,False,False,False,False,False,0,file_missing,
s008998,False,False,False,False,False,0,file_missing,
s008999,False,False,False,False,False,0,file_missing,
s009000,False,False,False,False,False,0,file_missing,
s009001,False,False,False,False,False,0,file_missing,
s009002,False,False,False,False,False,0,file_missing,
s009003,False,False,False,False,False,0,file_missing,
s009004,False,False,False,False,False,0,file_missing,
s009005,False,False,False,False,False,0,file_missing,
s009006,False,False,False,False,False,0,file_missing,
s009007,False,False,False,False,False,0,file_missing,
s009008,False,False,False,False,False,0,file_missing,
s009009,False,False,False,False,False,0,file_missing,
s009010,False,False,False,False,False,0,file_missing,
s009011,False,False,False,False,False,0,file_missing,
s009012,False,False,False,False,False,0,file_missing,
s009013,False,False,False,False,False,0,file_missing,
s009014,False,False,False,False,False,0,file_missing,
s009015,False,False,False,False,False,0,file_missing,
s009016,False,False,False,False,False,0,file_missing,
s009017,False,False,False,False,False,0,file_missing,
s009018,False,False,False,False,False,0,file_missing,
s009019,False,False,False,False,False,0,file_missing,
s009020,False,False,False,False,False,0,file_missing,
s009021,False,False,False,False,False,0,file_missing,
s009022,False,False,False,False,False,0,file_missing,
s009023,False,False,False,False,False,0,file_missing,
s009024,False,False,False,False,False,0,file_missing,
s009025,False,False,False,False,False,0,file_missing,
s009026,False,False,False,False,False,0,file_missing,
s009027,False,False,False,False,False,0,file_missing,
s009028,False,False,False,False,False,0,file_missing,
s009029,False,False,False,False,False,0,file_missing,
s009030,False,False,False,False,False,0,file_missing,
s009031,False,False,False,False,False,0,file_missing,
s009032,False,False,False,False,False,0,file_missing,
s009033,False,False,False,False,False,0,file_missing,
s009034,False,False,False,False,False,0,file_missing,
s009035,False,False,False,False,False,0,file_missing,
s009036,False,False,False,False,False,0,file_missing,
s009037,False,False,False,False,False,0,file_missing,
s009038,False,False,False,False,False,0,file_missing,
s009039,False,False,False,False,False,0,file_missing,
s009040,False,False,False,False,False,0,file_missing,
s009041,False,False,False,False,False,0,file_missing,
s009042,False,False,False,False,False,0,file_missing,
s009043,False,False,False,False,False,0,file_missing,
s009044,False,False,False,False,False,0,file_missing,
s009045,False,False,False,False,False,0,file_missing,
s009046,False,False,False,False,False,0,file_missing,
s009047,False,False,False,False,False,0,file_missing,
s009048,False,False,False,False,False,0,file_missing,
s009049,False,False,False,False,False,0,file_missing,
s009050,False,False,False,False,False,0,file_missing,
s009051,False,False,False,False,False,0,file_missing,
s009052,False,False,False,False,False,0,file_missing,
s009053,False,False,False,False,False,0,file_missing,
s009054,False,False,False,False,False,0,file_missing,
s009055,False,False,False,False,False,0,file_missing,
s009056,False,False,False,False,False,0,file_missing,
s009057,False,False,False,False,False,0,file_missing,
s009058,False,False,False,False,False,0,file_missing,
s009059,False,False,False,False,False,0,file_missing,
s009060,False,False,False,False,False,0,file_missing,
s009061,False,False,False,False,False,0,file_missing,
s009062,False,False,False,False,False,0,file_missing,
s009063,False,False,False,False,False,0,file_missing,
s009064,False,False,False,False,False,0,file_missing,
s009065,False,False,False,False,False,0,file_missing,
s009066,False,False,False,False,False,0,file_missing,
s009067,False,False,False,False,False,0,file_missing,
s009068,False,False,False,False,False,0,file_missing,
s009069,False,False,False,False,False,0,file_missing,
s009070,False,False,False,False,False,0,file_missing,
s009071,False,False,False,False,False,0,file_missing,
s009072,False,False,False,False,False,0,file_missing,
s009073,False,False,False,False,False,0,file_missing,
s009074,False,False,False,False,False,0,file_missing,
s009075,False,False,False,False,False,0,file_missing,
s009076,False,False,False,False,False,0,file_missing,
s009077,False,False,False,False,False,0,file_missing,
s009078,False,False,False,False,False,0,file_missing,
s009079,False,False,False,False,False,0,file_missing,
s009080,False,False,False,False,False,0,file_missing,
s009081,False,False,False,False,False,0,file_missing,
s009082,False,False,False,False,False,0,file_missing,
s009083,False,False,False,False,False,0,file_missing,
s009084,False,False,False,False,False,0,file_missing,
s009085,False,False,False,False,False,0,file_missing,
s009086,False,False,False,False,False,0,file_missing,
s009087,False,False,False,False,False,0,file_missing,
s009088,False,False,False,False,False,0,file_missing,
s009089,False,False,False,False,False,0,file_missing,
s009090,False,False,False,False,False,0,file_missing,
s009091,False,False,False,False,False,0,file_missing,
s009092,False,False,False,False,False,0,file_missing,
s009093,False,False,False,False,False,0,file_missing,
s009094,False,False,False,False,False,0,file_missing,
s009095,False,False,False,False,False,0,file_missing,
s009096,False,False,False,False,False,0,file_missing,
s009097,False,False,False,False,False,0,file_missing,
s009098,False,False,False,False,False,0,file_missing,
s009099,False,False,False,False,False,0,file_missing,
s009100,False,False,False,False,False,0,file_missing,
s009101,False,False,False,False,False,0,file_missing,
s009102,False,False,False,False,False,0,file_missing,
s009103,False,False,False,False,False,0,file_missing,
s009104,False,False,False,False,False,0,file_missing,
s009105,False,False,False,False,False,0,file_missing,
s009106,False,False,False,False,False,0,file_missing,
s009107,False,False,False,False,False,0,file_missing,
s009108,False,False,False,False,False,0,file_missing,
s009109,False,False,False,False,False,0,file_missing,
s009110,False,False,False,False,False,0,file_missing,
s009111,False,False,False,False,False,0,file_missing,
s009112,False,False,False,False,False,0,file_missing,
s009113,False,False,False,False,False,0,file_missing,
s009114,False,False,False,False,False,0,file_missing,
s009115,False,False,False,False,False,0,file_missing,
s009116,False,False,False,False,False,0,file_missing,
s009117,False,False,False,False,False,0,file_missing,
s009118,False,False,False,False,False,0,file_missing,
s009119,False,False,False,False,False,0,file_missing,
s009120,False,False,False,False,False,0,file_missing,
s009121,False,False,False,False,False,0,file_missing,
s009122,False,False,False,False,False,0,file_missing,
s009123,False,False,False,False,False,0,file_missing,
s009124,False,False,False,False,False,0,file_missing,
s009125,False,False,False,False,False,0,file_missing,
s009126,False,False,False,False,False,0,file_missing,
s009127,False,False,False,False,False,0,file_missing,
s009128,False,False,False,False,False,0,file_missing,
s009129,False,False,False,False,False,0,file_missing,
s009130,False,False,False,False,False,0,file_missing,
s009131,False,False,False,False,False,0,file_missing,
s009132,False,False,False,False,False,0,file_missing,
s009133,False,False,False,False,False,0,file_missing,
s009134,False,False,False,False,False,0,file_missing,
s009135,False,False,False,False,False,0,file_missing,
s009136,False,False,False,False,False,0,file_missing,
s009137,False,False,False,False,False,0,file_missing,
s009138,False,False,False,False,False,0,file_missing,
s009139,False,False,False,False,False,0,file_missing,
s009140,False,False,False,False,False,0,file_missing,
s009141,False,False,False,False,False,0,file_missing,
s009142,False,False,False,False,False,0,file_missing,
s009143,False,False,False,False,False,0,file_missing,
s009144,False,False,False,False,False,0,file_missing,
s009145,False,False,False,False,False,0,file_missing,
s009146,False,False,False,False,False,0,file_missing,
s009147,False,False,False,False,False,0,file_missing,
s009148,False,False,False,False,False,0,file_missing,
s009149,False,False,False,False,False,0,file_missing,
s009150,False,False,False,False,False,0,file_missing,
s009151,False,False,False,False,False,0,file_missing,
s009152,False,False,False,False,False,0,file_missing,
s009153,False,False,False,False,False,0,file_missing,
s009154,False,False,False,False,False,0,file_missing,
s009155,False,False,False,False,False,0,file_missing,
s009156,False,False,False,False,False,0,file_missing,
s009157,False,False,False,False,False,0,file_missing,
s009158,False,False,False,False,False,0,file_missing,
s009159,False,False,False,False,False,0,file_missing,
s009160,False,False,False,False,False,0,file_missing,
s009161,False,False,False,False,False,0,file_missing,
s009162,False,False,False,False,False,0,file_missing,
s009163,False,False,False,False,False,0,file_missing,
s009164,False,False,False,False,False,0,file_missing,
s009165,False,False,False,False,False,0,file_missing,
s009166,False,False,False,False,False,0,file_missing,
s009167,False,False,False,False,False,0,file_missing,
s009168,False,False,False,False,False,0,file_missing,
s009169,False,False,False,False,False,0,file_missing,
s009170,False,False,False,False,False,0,file_missing,
s009171,False,False,False,False,False,0,file_missing,
s009172,False,False,False,False,False,0,file_missing,
s009173,False,False,False,False,False,0,file_missing,
s009174,False,False,False,False,False,0,file_missing,
s009175,False,False,False,False,False,0,file_missing,
s009176,False,False,False,False,False,0,file_missing,
s009177,False,False,False,False,False,0,file_missing,
s009178,False,False,False,False,False,0,file_missing,
s009179,False,False,False,False,False,0,file_missing,
s009180,False,False,False,False,False,0,file_missing,
s009181,False,False,False,False,False,0,file_missing,
s009182,False,False,False,False,False,0,file_missing,
s009183,False,False,False,False,False,0,file_missing,
s009184,False,False,False,False,False,0,file_missing,
s009185,False,False,False,False,False,0,file_missing,
s009186,False,False,False,False,False,0,file_missing,
s009187,False,False,False,False,False,0,file_missing,
s009188,False,False,False,False,False,0,file_missing,
s009189,False,False,False,False,False,0,file_missing,
s009190,False,False,False,False,False,0,file_missing,
s009191,False,False,False,False,False,0,file_missing,
s009192,False,False,False,False,False,0,file_missing,
s009193,False,False,False,False,False,0,file_missing,
s009194,False,False,False,False,False,0,file_missing,
s009195,False,False,False,False,False,0,file_missing,
s009196,False,False,False,False,False,0,file_missing,
s009197,False,False,False,False,False,0,file_missing,
s009198,False,False,False,False,False,0,file_missing,
s009199,False,False,False,False,False,0,file_missing,
s009200,False,False,False,False,False,0,file_missing,
s009201,False,False,False,False,False,0,file_missing,
s009202,False,False,False,False,False,0,file_missing,
s009203,False,False,False,False,False,0,file_missing,
s009204,False,False,False,False,False,0,file_missing,
s009205,False,False,False,False,False,0,file_missing,
s009206,False,False,False,False,False,0,file_missing,
s009207,False,False,False,False,False,0,file_missing,
s009208,False,False,False,False,False,0,file_missing,
s009209,False,False,False,False,False,0,file_missing,
s009210,False,False,False,False,False,0,file_missing,
s009211,False,False,False,False,False,0,file_missing,
s009212,False,False,False,False,False,0,file_missing,
s009213,False,False,False,False,False,0,file_missing,
s009214,False,False,False,False,False,0,file_missing,
s009215,False,False,False,False,False,0,file_missing,
s009216,False,False,False,False,False,0,file_missing,
s009217,False,False,False,False,False,0,file_missing,
s009218,False,False,False,False,False,0,file_missing,
s009219,False,False,False,False,False,0,file_missing,
s009220,False,False,False,False,False,0,file_missing,
s009221,False,False,False,False,False,0,file_missing,
s009222,False,False,False,False,False,0,file_missing,
s009223,False,False,False,False,False,0,file_missing,
s009224,False,False,False,False,False,0,file_missing,
s009225,False,False,False,False,False,0,file_missing,
s009226,False,False,False,False,False,0,file_missing,
s009227,False,False,False,False,False,0,file_missing,
s009228,False,False,False,False,False,0,file_missing,
s009229,False,False,False,False,False,0,file_missing,
s009230,False,False,False,False,False,0,file_missing,
s009231,False,False,False,False,False,0,file_missing,
s009232,False,False,False,False,False,0,file_missing,
s009233,False,False,False,False,False,0,file_missing,
s009234,False,False,False,False,False,0,file_missing,
s009235,False,False,False,False,False,0,file_missing,
s009236,False,False,False,False,False,0,file_missing,
s009237,False,False,False,False,False,0,file_missing,
s009238,False,False,False,False,False,0,file_missing,
s009239,False,False,False,False,False,0,file_missing,
s009240,False,False,False,False,False,0,file_missing,
s009241,False,False,False,False,False,0,file_missing,
s009242,False,False,False,False,False,0,file_missing,
s009243,False,False,False,False,False,0,file_missing,
s009244,False,False,False,False,False,0,file_missing,
s009245,False,False,False,False,False,0,file_missing,
s009246,False,False,False,False,False,0,file_missing,
s009247,False,False,False,False,False,0,file_missing,
s009248,False,False,False,False,False,0,file_missing,
s009249,False,False,False,False,False,0,file_missing,
s009250,False,False,False,False,False,0,file_missing,
s009251,False,False,False,False,False,0,file_missing,
s009252,False,False,False,False,False,0,file_missing,
s009253,False,False,False,False,False,0,file_missing,
s009254,False,False,False,False,False,0,file_missing,
s009255,False,False,False,False,False,0,file_missing,
s009256,False,False,False,False,False,0,file_missing,
s009257,False,False,False,False,False,0,file_missing,
s009258,False,False,False,False,False,0,file_missing,
s009259,False,False,False,False,False,0,file_missing,
s009260,False,False,False,False,False,0,file_missing,
s009261,False,False,False,False,False,0,file_missing,
s009262,False,False,False,False,False,0,file_missing,
s009263,False,False,False,False,False,0,file_missing,
s009264,False,False,False,False,False,0,file_missing,
s009265,False,False,False,False,False,0,file_missing,
s009266,False,False,False,False,False,0,file_missing,
s009267,False,False,False,False,False,0,file_missing,
s009268,False,False,False,False,False,0,file_missing,
s009269,False,False,False,False,False,0,file_missing,
s009270,False,False,False,False,False,0,file_missing,
s009271,False,False,False,False,False,0,file_missing,
s009272,False,False,False,False,False,0,file_missing,
s009273,False,False,False,False,False,0,file_missing,
s009274,False,False,False,False,False,0,file_missing,
s009275,False,False,False,False,False,0,file_missing,
s009276,False,False,False,False,False,0,file_missing,
s009277,False,False,False,False,False,0,file_missing,
s009278,False,False,False,False,False,0,file_missing,
s009279,False,False,False,False,False,0,file_missing,
s009280,False,False,False,False,False,0,file_missing,
s009281,False,False,False,False,False,0,file_missing,
s009282,False,False,False,False,False,0,file_missing,
s009283,False,False,False,False,False,0,file_missing,
s009284,False,False,False,False,False,0,file_missing,
s009285,False,False,False,False,False,0,file_missing,
s009286,False,False,False,False,False,0,file_missing,
s009287,False,False,False,False,False,0,file_missing,
s009288,False,False,False,False,False,0,file_missing,
s009289,False,False,False,False,False,0,file_missing,
s009290,False,False,False,False,False,0,file_missing,
s009291,False,False,False,False,False,0,file_missing,
s009292,False,False,False,False,False,0,file_missing,
s009293,False,False,False,False,False,0,file_missing,
s009294,False,False,False,False,False,0,file_missing,
s009295,False,False,False,False,False,0,file_missing,
s009296,False,False,False,False,False,0,file_missing,
s009297,False,False,False,False,False,0,file_missing,
s009298,False,False,False,False,False,0,file_missing,
s009299,False,False,False,False,False,0,file_missing,
s009300,False,False,False,False,False,0,file_missing,
s009301,False,False,False,False,False,0,file_missing,
s009302,False,False,False,False,False,0,file_missing,
s009303,False,False,False,False,False,0,file_missing,
s009304,False,False,False,False,False,0,file_missing,
s009305,False,False,False,False,False,0,file_missing,
s009306,False,False,False,False,False,0,file_missing,
s009307,False,False,False,False,False,0,file_missing,
s009308,False,False,False,False,False,0,file_missing,
s009309,False,False,False,False,False,0,file_missing,
s009310,False,False,False,False,False,0,file_missing,
s009311,False,False,False,False,False,0,file_missing,
s009312,False,False,False,False,False,0,file_missing,
s009313,False,False,False,False,False,0,file_missing,
s009314,False,False,False,False,False,0,file_missing,
s009315,False,False,False,False,False,0,file_missing,
s009316,False,False,False,False,False,0,file_missing,
s009317,False,False,False,False,False,0,file_missing,
s009318,False,False,False,False,False,0,file_missing,
s009319,False,False,False,False,False,0,file_missing,
s009320,False,False,False,False,False,0,file_missing,
s009321,False,False,False,False,False,0,file_missing,
s009322,False,False,False,False,False,0,file_missing,
s009323,False,False,False,False,False,0,file_missing,
s009324,False,False,False,False,False,0,file_missing,
s009325,False,False,False,False,False,0,file_missing,
s009326,False,False,False,False,False,0,file_missing,
s009327,False,False,False,False,False,0,file_missing,
s009328,False,False,False,False,False,0,file_missing,
s009329,False,False,False,False,False,0,file_missing,
s009330,False,False,False,False,False,0,file_missing,
s009331,False,False,False,False,False,0,file_missing,
s009332,False,False,False,False,False,0,file_missing,
s009333,False,False,False,False,False,0,file_missing,
s009334,False,False,False,False,False,0,file_missing,
s009335,False,False,False,False,False,0,file_missing,
s009336,False,False,False,False,False,0,file_missing,
s009337,False,False,False,False,False,0,file_missing,
s009338,False,False,False,False,False,0,file_missing,
s009339,False,False,False,False,False,0,file_missing,
s009340,False,False,False,False,False,0,file_missing,
s009341,False,False,False,False,False,0,file_missing,
s009342,False,False,False,False,False,0,file_missing,
s009343,False,False,False,False,False,0,file_missing,
s009344,False,False,False,False,False,0,file_missing,
s009345,False,False,False,False,False,0,file_missing,
s009346,False,False,False,False,False,0,file_missing,
s009347,False,False,False,False,False,0,file_missing,
s009348,False,False,False,False,False,0,file_missing,
s009349,False,False,False,False,False,0,file_missing,
s009350,False,False,False,False,False,0,file_missing,
s009351,False,False,False,False,False,0,file_missing,
s009352,False,False,False,False,False,0,file_missing,
s009353,False,False,False,False,False,0,file_missing,
s009354,False,False,False,False,False,0,file_missing,
s009355,False,False,False,False,False,0,file_missing,
s009356,False,False,False,False,False,0,file_missing,
s009357,False,False,False,False,False,0,file_missing,
s009358,False,False,False,False,False,0,file_missing,
s009359,False,False,False,False,False,0,file_missing,
s009360,False,False,False,False,False,0,file_missing,
s009361,False,False,False,False,False,0,file_missing,
s009362,False,False,False,False,False,0,file_missing,
s009363,False,False,False,False,False,0,file_missing,
s009364,False,False,False,False,False,0,file_missing,
s009365,False,False,False,False,False,0,file_missing,
s009366,False,False,False,False,False,0,file_missing,
s009367,False,False,False,False,False,0,file_missing,
s009368,False,False,False,False,False,0,file_missing,
s009369,False,False,False,False,False,0,file_missing,
s009370,False,False,False,False,False,0,file_missing,
s009371,False,False,False,False,False,0,file_missing,
s009372,False,False,False,False,False,0,file_missing,
s009373,False,False,False,False,False,0,file_missing,
s009374,False,False,False,False,False,0,file_missing,
s009375,False,False,False,False,False,0,file_missing,
s009376,False,False,False,False,False,0,file_missing,
s009377,False,False,False,False,False,0,file_missing,
s009378,False,False,False,False,False,0,file_missing,
s009379,False,False,False,False,False,0,file_missing,
s009380,False,False,False,False,False,0,file_missing,
s009381,False,False,False,False,False,0,file_missing,
s009382,False,False,False,False,False,0,file_missing,
s009383,False,False,False,False,False,0,file_missing,
s009384,False,False,False,False,False,0,file_missing,
s009385,False,False,False,False,False,0,file_missing,
s009386,False,False,False,False,False,0,file_missing,
s009387,False,False,False,False,False,0,file_missing,
s009388,False,False,False,False,False,0,file_missing,
s009389,False,False,False,False,False,0,file_missing,
s009390,False,False,False,False,False,0,file_missing,
s009391,False,False,False,False,False,0,file_missing,
s009392,False,False,False,False,False,0,file_missing,
s009393,False,False,False,False,False,0,file_missing,
s009394,False,False,False,False,False,0,file_missing,
s009395,False,False,False,False,False,0,file_missing,
s009396,False,False,False,False,False,0,file_missing,
s009397,False,False,False,False,False,0,file_missing,
s009398,False,False,False,False,False,0,file_missing,
s009399,False,False,False,False,False,0,file_missing,
s009400,False,False,False,False,False,0,file_missing,
s009401,False,False,False,False,False,0,file_missing,
s009402,False,False,False,False,False,0,file_missing,
s009403,False,False,False,False,False,0,file_missing,
s009404,False,False,False,False,False,0,file_missing,
s009405,False,False,False,False,False,0,file_missing,
s009406,False,False,False,False,False,0,file_missing,
s009407,False,False,False,False,False,0,file_missing,
s009408,False,False,False,False,False,0,file_missing,
s009409,False,False,False,False,False,0,file_missing,
s009410,False,False,False,False,False,0,file_missing,
s009411,False,False,False,False,False,0,file_missing,
s009412,False,False,False,False,False,0,file_missing,
s009413,False,False,False,False,False,0,file_missing,
s009414,False,False,False,False,False,0,file_missing,
s009415,False,False,False,False,False,0,file_missing,
s009416,False,False,False,False,False,0,file_missing,
s009417,False,False,False,False,False,0,file_missing,
s009418,False,False,False,False,False,0,file_missing,
s009419,False,False,False,False,False,0,file_missing,
s009420,False,False,False,False,False,0,file_missing,
s009421,False,False,False,False,False,0,file_missing,
s009422,False,False,False,False,False,0,file_missing,
s009423,False,False,False,False,False,0,file_missing,
s009424,False,False,False,False,False,0,file_missing,
s009425,False,False,False,False,False,0,file_missing,
s009426,False,False,False,False,False,0,file_missing,
s009427,False,False,False,False,False,0,file_missing,
s009428,False,False,False,False,False,0,file_missing,
s009429,False,False,False,False,False,0,file_missing,
s009430,False,False,False,False,False,0,file_missing,
s009431,False,False,False,False,False,0,file_missing,
s009432,False,False,False,False,False,0,file_missing,
s009433,False,False,False,False,False,0,file_missing,
s009434,False,False,False,False,False,0,file_missing,
s009435,False,False,False,False,False,0,file_missing,
s009436,False,False,False,False,False,0,file_missing,
s009437,False,False,False,False,False,0,file_missing,
s009438,False,False,False,False,False,0,file_missing,
s009439,False,False,False,False,False,0,file_missing,
s009440,False,False,False,False,False,0,file_missing,
s009441,False,False,False,False,False,0,file_missing,
s009442,False,False,False,False,False,0,file_missing,
s009443,False,False,False,False,False,0,file_missing,
s009444,False,False,False,False,False,0,file_missing,
s009445,False,False,False,False,False,0,file_missing,
s009446,False,False,False,False,False,0,file_missing,
s009447,False,False,False,False,False,0,file_missing,
s009448,False,False,False,False,False,0,file_missing,
s009449,False,False,False,False,False,0,file_missing,
s009450,False,False,False,False,False,0,file_missing,
s009451,False,False,False,False,False,0,file_missing,
s009452,False,False,False,False,False,0,file_missing,
s009453,False,False,False,False,False,0,file_missing,
s009454,False,False,False,False,False,0,file_missing,
s009455,False,False,False,False,False,0,file_missing,
s009456,False,False,False,False,False,0,file_missing,
s009457,False,False,False,False,False,0,file_missing,
s009458,False,False,False,False,False,0,file_missing,
s009459,False,False,False,False,False,0,file_missing,
s009460,False,False,False,False,False,0,file_missing,
s009461,False,False,False,False,False,0,file_missing,
s009462,False,False,False,False,False,0,file_missing,
s009463,False,False,False,False,False,0,file_missing,
s009464,False,False,False,False,False,0,file_missing,
s009465,False,False,False,False,False,0,file_missing,
s009466,False,False,False,False,False,0,file_missing,
s009467,False,False,False,False,False,0,file_missing,
s009468,False,False,False,False,False,0,file_missing,
s009469,False,False,False,False,False,0,file_missing,
s009470,False,False,False,False,False,0,file_missing,
s009471,False,False,False,False,False,0,file_missing,
s009472,False,False,False,False,False,0,file_missing,
s009473,False,False,False,False,False,0,file_missing,
s009474,False,False,False,False,False,0,file_missing,
s009475,False,False,False,False,False,0,file_missing,
s009476,False,False,False,False,False,0,file_missing,
s009477,False,False,False,False,False,0,file_missing,
s009478,False,False,False,False,False,0,file_missing,
s009479,False,False,False,False,False,0,file_missing,
s009480,False,False,False,False,False,0,file_missing,
s009481,False,False,False,False,False,0,file_missing,
s009482,False,False,False,False,False,0,file_missing,
s009483,False,False,False,False,False,0,file_missing,
s009484,False,False,False,False,False,0,file_missing,
s009485,False,False,False,False,False,0,file_missing,
s009486,False,False,False,False,False,0,file_missing,
s009487,False,False,False,False,False,0,file_missing,
s009488,False,False,False,False,False,0,file_missing,
s009489,False,False,False,False,False,0,file_missing,
s009490,False,False,False,False,False,0,file_missing,
s009491,False,False,False,False,False,0,file_missing,
s009492,False,False,False,False,False,0,file_missing,
s009493,False,False,False,False,False,0,file_missing,
s009494,False,False,False,False,False,0,file_missing,
s009495,False,False,False,False,False,0,file_missing,
s009496,False,False,False,False,False,0,file_missing,
s009497,False,False,False,False,False,0,file_missing,
s009498,False,False,False,False,False,0,file_missing,
s009499,False,False,False,False,False,0,file_missing,
s009500,False,False,False,False,False,0,file_missing,
s009501,False,False,False,False,False,0,file_missing,
s009502,False,False,False,False,False,0,file_missing,
s009503,False,False,False,False,False,0,file_missing,
s009504,False,False,False,False,False,0,file_missing,
s009505,False,False,False,False,False,0,file_missing,
s009506,False,False,False,False,False,0,file_missing,
s009507,False,False,False,False,False,0,file_missing,
s009508,False,False,False,False,False,0,file_missing,
s009509,False,False,False,False,False,0,file_missing,
s009510,False,False,False,False,False,0,file_missing,
s009511,False,False,False,False,False,0,file_missing,
s009512,False,False,False,False,False,0,file_missing,
s009513,False,False,False,False,False,0,file_missing,
s009514,False,False,False,False,False,0,file_missing,
s009515,False,False,False,False,False,0,file_missing,
s009516,False,False,False,False,False,0,file_missing,
s009517,False,False,False,False,False,0,file_missing,
s009518,False,False,False,False,False,0,file_missing,
s009519,False,False,False,False,False,0,file_missing,
s009520,False,False,False,False,False,0,file_missing,
s009521,False,False,False,False,False,0,file_missing,
s009522,False,False,False,False,False,0,file_missing,
s009523,False,False,False,False,False,0,file_missing,
s009524,False,False,False,False,False,0,file_missing,
s009525,False,False,False,False,False,0,file_missing,
s009526,False,False,False,False,False,0,file_missing,
s009527,False,False,False,False,False,0,file_missing,
s009528,False,False,False,False,False,0,file_missing,
s009529,False,False,False,False,False,0,file_missing,
s009530,False,False,False,False,False,0,file_missing,
s009531,False,False,False,False,False,0,file_missing,
s009532,False,False,False,False,False,0,file_missing,
s009533,False,False,False,False,False,0,file_missing,
s009534,False,False,False,False,False,0,file_missing,
s009535,False,False,False,False,False,0,file_missing,
s009536,False,False,False,False,False,0,file_missing,
s009537,False,False,False,False,False,0,file_missing,
s009538,False,False,False,False,False,0,file_missing,
s009539,False,False,False,False,False,0,file_missing,
s009540,False,False,False,False,False,0,file_missing,
s009541,False,False,False,False,False,0,file_missing,
s009542,False,False,False,False,False,0,file_missing,
s009543,False,False,False,False,False,0,file_missing,
s009544,False,False,False,False,False,0,file_missing,
s009545,False,False,False,False,False,0,file_missing,
s009546,False,False,False,False,False,0,file_missing,
s009547,False,False,False,False,False,0,file_missing,
s009548,False,False,False,False,False,0,file_missing,
s009549,False,False,False,False,False,0,file_missing,
s009550,False,False,False,False,False,0,file_missing,
s009551,False,False,False,False,False,0,file_missing,
s009552,False,False,False,False,False,0,file_missing,
s009553,False,False,False,False,False,0,file_missing,
s009554,False,False,False,False,False,0,file_missing,
s009555,False,False,False,False,False,0,file_missing,
s009556,False,False,False,False,False,0,file_missing,
s009557,False,False,False,False,False,0,file_missing,
s009558,False,False,False,False,False,0,file_missing,
s009559,False,False,False,False,False,0,file_missing,
s009560,False,False,False,False,False,0,file_missing,
s009561,False,False,False,False,False,0,file_missing,
s009562,False,False,False,False,False,0,file_missing,
s009563,False,False,False,False,False,0,file_missing,
s009564,False,False,False,False,False,0,file_missing,
s009565,False,False,False,False,False,0,file_missing,
s009566,False,False,False,False,False,0,file_missing,
s009567,False,False,False,False,False,0,file_missing,
s009568,False,False,False,False,False,0,file_missing,
s009569,False,False,False,False,False,0,file_missing,
s009570,False,False,False,False,False,0,file_missing,
s009571,False,False,False,False,False,0,file_missing,
s009572,False,False,False,False,False,0,file_missing,
s009573,False,False,False,False,False,0,file_missing,
s009574,False,False,False,False,False,0,file_missing,
s009575,False,False,False,False,False,0,file_missing,
s009576,False,False,False,False,False,0,file_missing,
s009577,False,False,False,False,False,0,file_missing,
s009578,False,False,False,False,False,0,file_missing,
s009579,False,False,False,False,False,0,file_missing,
s009580,False,False,False,False,False,0,file_missing,
s009581,False,False,False,False,False,0,file_missing,
s009582,False,False,False,False,False,0,file_missing,
s009583,False,False,False,False,False,0,file_missing,
s009584,False,False,False,False,False,0,file_missing,
s009585,False,False,False,False,False,0,file_missing,
s009586,False,False,False,False,False,0,file_missing,
s009587,False,False,False,False,False,0,file_missing,
s009588,False,False,False,False,False,0,file_missing,
s009589,False,False,False,False,False,0,file_missing,
s009590,False,False,False,False,False,0,file_missing,
s009591,False,False,False,False,False,0,file_missing,
s009592,False,False,False,False,False,0,file_missing,
s009593,False,False,False,False,False,0,file_missing,
s009594,False,False,False,False,False,0,file_missing,
s009595,False,False,False,False,False,0,file_missing,
s009596,False,False,False,False,False,0,file_missing,
s009597,False,False,False,False,False,0,file_missing,
s009598,False,False,False,False,False,0,file_missing,
s009599,False,False,False,False,False,0,file_missing,
s009600,False,False,False,False,False,0,file_missing,
s009601,False,False,False,False,False,0,file_missing,
s009602,False,False,False,False,False,0,file_missing,
s009603,False,False,False,False,False,0,file_missing,
s009604,False,False,False,False,False,0,file_missing,
s009605,False,False,False,False,False,0,file_missing,
s009606,False,False,False,False,False,0,file_missing,
s009607,False,False,False,False,False,0,file_missing,
s009608,False,False,False,False,False,0,file_missing,
s009609,False,False,False,False,False,0,file_missing,
s009610,False,False,False,False,False,0,file_missing,
s009611,False,False,False,False,False,0,file_missing,
s009612,False,False,False,False,False,0,file_missing,
s009613,False,False,False,False,False,0,file_missing,
s009614,False,False,False,False,False,0,file_missing,
s009615,False,False,False,False,False,0,file_missing,
s009616,False,False,False,False,False,0,file_missing,
s009617,False,False,False,False,False,0,file_missing,
s009618,False,False,False,False,False,0,file_missing,
s009619,False,False,False,False,False,0,file_missing,
s009620,False,False,False,False,False,0,file_missing,
s009621,False,False,False,False,False,0,file_missing,
s009622,False,False,False,False,False,0,file_missing,
s009623,False,False,False,False,False,0,file_missing,
s009624,False,False,False,False,False,0,file_missing,
s009625,False,False,False,False,False,0,file_missing,
s009626,False,False,False,False,False,0,file_missing,
s009627,False,False,False,False,False,0,file_missing,
s009628,False,False,False,False,False,0,file_missing,
s009629,False,False,False,False,False,0,file_missing,
s009630,False,False,False,False,False,0,file_missing,
s009631,False,False,False,False,False,0,file_missing,
s009632,False,False,False,False,False,0,file_missing,
s009633,False,False,False,False,False,0,file_missing,
s009634,False,False,False,False,False,0,file_missing,
s009635,False,False,False,False,False,0,file_missing,
s009636,False,False,False,False,False,0,file_missing,
s009637,False,False,False,False,False,0,file_missing,
s009638,False,False,False,False,False,0,file_missing,
s009639,False,False,False,False,False,0,file_missing,
s009640,False,False,False,False,False,0,file_missing,
s009641,False,False,False,False,False,0,file_missing,
s009642,False,False,False,False,False,0,file_missing,
s009643,False,False,False,False,False,0,file_missing,
s009644,False,False,False,False,False,0,file_missing,
s009645,False,False,False,False,False,0,file_missing,
s009646,False,False,False,False,False,0,file_missing,
s009647,False,False,False,False,False,0,file_missing,
s009648,False,False,False,False,False,0,file_missing,
s009649,False,False,False,False,False,0,file_missing,
s009650,False,False,False,False,False,0,file_missing,
s009651,False,False,False,False,False,0,file_missing,
s009652,False,False,False,False,False,0,file_missing,
s009653,False,False,False,False,False,0,file_missing,
s009654,False,False,False,False,False,0,file_missing,
s009655,False,False,False,False,False,0,file_missing,
s009656,False,False,False,False,False,0,file_missing,
s009657,False,False,False,False,False,0,file_missing,
s009658,False,False,False,False,False,0,file_missing,
s009659,False,False,False,False,False,0,file_missing,
s009660,False,False,False,False,False,0,file_missing,
s009661,False,False,False,False,False,0,file_missing,
s009662,False,False,False,False,False,0,file_missing,
s009663,False,False,False,False,False,0,file_missing,
s009664,False,False,False,False,False,0,file_missing,
s009665,False,False,False,False,False,0,file_missing,
s009666,False,False,False,False,False,0,file_missing,
s009667,False,False,False,False,False,0,file_missing,
s009668,False,False,False,False,False,0,file_missing,
s009669,False,False,False,False,False,0,file_missing,
s009670,False,False,False,False,False,0,file_missing,
s009671,False,False,False,False,False,0,file_missing,
s009672,False,False,False,False,False,0,file_missing,
s009673,False,False,False,False,False,0,file_missing,
s009674,False,False,False,False,False,0,file_missing,
s009675,False,False,False,False,False,0,file_missing,
s009676,False,False,False,False,False,0,file_missing,
s009677,False,False,False,False,False,0,file_missing,
s009678,False,False,False,False,False,0,file_missing,
s009679,False,False,False,False,False,0,file_missing,
s009680,False,False,False,False,False,0,file_missing,
s009681,False,False,False,False,False,0,file_missing,
s009682,False,False,False,False,False,0,file_missing,
s009683,False,False,False,False,False,0,file_missing,
s009684,False,False,False,False,False,0,file_missing,
s009685,False,False,False,False,False,0,file_missing,
s009686,False,False,False,False,False,0,file_missing,
s009687,False,False,False,False,False,0,file_missing,
s009688,False,False,False,False,False,0,file_missing,
s009689,False,False,False,False,False,0,file_missing,
s009690,False,False,False,False,False,0,file_missing,
s009691,False,False,False,False,False,0,file_missing,
s009692,False,False,False,False,False,0,file_missing,
s009693,False,False,False,False,False,0,file_missing,
s009694,False,False,False,False,False,0,file_missing,
s009695,False,False,False,False,False,0,file_missing,
s009696,False,False,False,False,False,0,file_missing,
s009697,False,False,False,False,False,0,file_missing,
s009698,False,False,False,False,False,0,file_missing,
s009699,False,False,False,False,False,0,file_missing,
s009700,False,False,False,False,False,0,file_missing,
s009701,False,False,False,False,False,0,file_missing,
s009702,False,False,False,False,False,0,file_missing,
s009703,False,False,False,False,False,0,file_missing,
s009704,False,False,False,False,False,0,file_missing,
s009705,False,False,False,False,False,0,file_missing,
s009706,False,False,False,False,False,0,file_missing,
s009707,False,False,False,False,False,0,file_missing,
s009708,False,False,False,False,False,0,file_missing,
s009709,False,False,False,False,False,0,file_missing,
s009710,False,False,False,False,False,0,file_missing,
s009711,False,False,False,False,False,0,file_missing,
s009712,False,False,False,False,False,0,file_missing,
s009713,False,False,False,False,False,0,file_missing,
s009714,False,False,False,False,False,0,file_missing,
s009715,False,False,False,False,False,0,file_missing,
s009716,False,False,False,False,False,0,file_missing,
s009717,False,False,False,False,False,0,file_missing,
s009718,False,False,False,False,False,0,file_missing,
s009719,False,False,False,False,False,0,file_missing,
s009720,False,False,False,False,False,0,file_missing,
s009721,False,False,False,False,False,0,file_missing,
s009722,False,False,False,False,False,0,file_missing,
s009723,False,False,False,False,False,0,file_missing,
s009724,False,False,False,False,False,0,file_missing,
s009725,False,False,False,False,False,0,file_missing,
s009726,False,False,False,False,False,0,file_missing,
s009727,False,False,False,False,False,0,file_missing,
s009728,False,False,False,False,False,0,file_missing,
s009729,False,False,False,False,False,0,file_missing,
s009730,False,False,False,False,False,0,file_missing,
s009731,False,False,False,False,False,0,file_missing,
s009732,False,False,False,False,False,0,file_missing,
s009733,False,False,False,False,False,0,file_missing,
s009734,False,False,False,False,False,0,file_missing,
s009735,False,False,False,False,False,0,file_missing,
s009736,False,False,False,False,False,0,file_missing,
s009737,False,False,False,False,False,0,file_missing,
s009738,False,False,False,False,False,0,file_missing,
s009739,False,False,False,False,False,0,file_missing,
s009740,False,False,False,False,False,0,file_missing,
s009741,False,False,False,False,False,0,file_missing,
s009742,False,False,False,False,False,0,file_missing,
s009743,False,False,False,False,False,0,file_missing,
s009744,False,False,False,False,False,0,file_missing,
s009745,False,False,False,False,False,0,file_missing,
s009746,False,False,False,False,False,0,file_missing,
s009747,False,False,False,False,False,0,file_missing,
s009748,False,False,False,False,False,0,file_missing,
s009749,False,False,False,False,False,0,file_missing,
s009750,False,False,False,False,False,0,file_missing,
s009751,False,False,False,False,False,0,file_missing,
s009752,False,False,False,False,False,0,file_missing,
s009753,False,False,False,False,False,0,file_missing,
s009754,False,False,False,False,False,0,file_missing,
s009755,False,False,False,False,False,0,file_missing,
s009756,False,False,False,False,False,0,file_missing,
s009757,False,False,False,False,False,0,file_missing,
s009758,False,False,False,False,False,0,file_missing,
s009759,False,False,False,False,False,0,file_missing,
s009760,False,False,False,False,False,0,file_missing,
s009761,False,False,False,False,False,0,file_missing,
s009762,False,False,False,False,False,0,file_missing,
s009763,False,False,False,False,False,0,file_missing,
s009764,False,False,False,False,False,0,file_missing,
s009765,False,False,False,False,False,0,file_missing,
s009766,False,False,False,False,False,0,file_missing,
s009767,False,False,False,False,False,0,file_missing,
s009768,False,False,False,False,False,0,file_missing,
s009769,False,False,False,False,False,0,file_missing,
s009770,False,False,False,False,False,0,file_missing,
s009771,False,False,False,False,False,0,file_missing,
s009772,False,False,False,False,False,0,file_missing,
s009773,False,False,False,False,False,0,file_missing,
s009774,False,False,False,False,False,0,file_missing,
s009775,False,False,False,False,False,0,file_missing,
s009776,False,False,False,False,False,0,file_missing,
s009777,False,False,False,False,False,0,file_missing,
s009778,False,False,False,False,False,0,file_missing,
s009779,False,False,False,False,False,0,file_missing,
s009780,False,False,False,False,False,0,file_missing,
s009781,False,False,False,False,False,0,file_missing,
s009782,False,False,False,False,False,0,file_missing,
s009783,False,False,False,False,False,0,file_missing,
s009784,False,False,False,False,False,0,file_missing,
s009785,False,False,False,False,False,0,file_missing,
s009786,False,False,False,False,False,0,file_missing,
s009787,False,False,False,False,False,0,file_missing,
s009788,False,False,False,False,False,0,file_missing,
s009789,False,False,False,False,False,0,file_missing,
s009790,False,False,False,False,False,0,file_missing,
s009791,False,False,False,False,False,0,file_missing,
s009792,False,False,False,False,False,0,file_missing,
s009793,False,False,False,False,False,0,file_missing,
s009794,False,False,False,False,False,0,file_missing,
s009795,False,False,False,False,False,0,file_missing,
s009796,False,False,False,False,False,0,file_missing,
s009797,False,False,False,False,False,0,file_missing,
s009798,False,False,False,False,False,0,file_missing,
s009799,False,False,False,False,False,0,file_missing,
s009800,False,False,False,False,False,0,file_missing,
s009801,False,False,False,False,False,0,file_missing,
s009802,False,False,False,False,False,0,file_missing,
s009803,False,False,False,False,False,0,file_missing,
s009804,False,False,False,False,False,0,file_missing,
s009805,False,False,False,False,False,0,file_missing,
s009806,False,False,False,False,False,0,file_missing,
s009807,False,False,False,False,False,0,file_missing,
s009808,False,False,False,False,False,0,file_missing,
s009809,False,False,False,False,False,0,file_missing,
s009810,False,False,False,False,False,0,file_missing,
s009811,False,False,False,False,False,0,file_missing,
s009812,False,False,False,False,False,0,file_missing,
s009813,False,False,False,False,False,0,file_missing,
s009814,False,False,False,False,False,0,file_missing,
s009815,False,False,False,False,False,0,file_missing,
s009816,False,False,False,False,False,0,file_missing,
s009817,False,False,False,False,False,0,file_missing,
s009818,False,False,False,False,False,0,file_missing,
s009819,False,False,False,False,False,0,file_missing,
s009820,False,False,False,False,False,0,file_missing,
s009821,False,False,False,False,False,0,file_missing,
s009822,False,False,False,False,False,0,file_missing,
s009823,False,False,False,False,False,0,file_missing,
s009824,False,False,False,False,False,0,file_missing,
s009825,False,False,False,False,False,0,file_missing,
s009826,False,False,False,False,False,0,file_missing,
s009827,False,False,False,False,False,0,file_missing,
s009828,False,False,False,False,False,0,file_missing,
s009829,False,False,False,False,False,0,file_missing,
s009830,False,False,False,False,False,0,file_missing,
s009831,False,False,False,False,False,0,file_missing,
s009832,False,False,False,False,False,0,file_missing,
s009833,False,False,False,False,False,0,file_missing,
s009834,False,False,False,False,False,0,file_missing,
s009835,False,False,False,False,False,0,file_missing,
s009836,False,False,False,False,False,0,file_missing,
s009837,False,False,False,False,False,0,file_missing,
s009838,False,False,False,False,False,0,file_missing,
s009839,False,False,False,False,False,0,file_missing,
s009840,False,False,False,False,False,0,file_missing,
s009841,False,False,False,False,False,0,file_missing,
s009842,False,False,False,False,False,0,file_missing,
s009843,False,False,False,False,False,0,file_missing,
s009844,False,False,False,False,False,0,file_missing,
s009845,False,False,False,False,False,0,file_missing,
s009846,False,False,False,False,False,0,file_missing,
s009847,False,False,False,False,False,0,file_missing,
s009848,False,False,False,False,False,0,file_missing,
s009849,False,False,False,False,False,0,file_missing,
s009850,False,False,False,False,False,0,file_missing,
s009851,False,False,False,False,False,0,file_missing,
s009852,False,False,False,False,False,0,file_missing,
s009853,False,False,False,False,False,0,file_missing,
s009854,False,False,False,False,False,0,file_missing,
s009855,False,False,False,False,False,0,file_missing,
s009856,False,False,False,False,False,0,file_missing,
s009857,False,False,False,False,False,0,file_missing,
s009858,False,False,False,False,False,0,file_missing,
s009859,False,False,False,False,False,0,file_missing,
s009860,False,False,False,False,False,0,file_missing,
s009861,False,False,False,False,False,0,file_missing,
s009862,False,False,False,False,False,0,file_missing,
s009863,False,False,False,False,False,0,file_missing,
s009864,False,False,False,False,False,0,file_missing,
s009865,False,False,False,False,False,0,file_missing,
s009866,False,False,False,False,False,0,file_missing,
s009867,False,False,False,False,False,0,file_missing,
s009868,False,False,False,False,False,0,file_missing,
s009869,False,False,False,False,False,0,file_missing,
s009870,False,False,False,False,False,0,file_missing,
s009871,False,False,False,False,False,0,file_missing,
s009872,False,False,False,False,False,0,file_missing,
s009873,False,False,False,False,False,0,file_missing,
s009874,False,False,False,False,False,0,file_missing,
s009875,False,False,False,False,False,0,file_missing,
s009876,False,False,False,False,False,0,file_missing,
s009877,False,False,False,False,False,0,file_missing,
s009878,False,False,False,False,False,0,file_missing,
s009879,False,False,False,False,False,0,file_missing,
s009880,False,False,False,False,False,0,file_missing,
s009881,False,False,False,False,False,0,file_missing,
s009882,False,False,False,False,False,0,file_missing,
s009883,False,False,False,False,False,0,file_missing,
s009884,False,False,False,False,False,0,file_missing,
s009885,False,False,False,False,False,0,file_missing,
s009886,False,False,False,False,False,0,file_missing,
s009887,False,False,False,False,False,0,file_missing,
s009888,False,False,False,False,False,0,file_missing,
s009889,False,False,False,False,False,0,file_missing,
s009890,False,False,False,False,False,0,file_missing,
s009891,False,False,False,False,False,0,file_missing,
s009892,False,False,False,False,False,0,file_missing,
s009893,False,False,False,False,False,0,file_missing,
s009894,False,False,False,False,False,0,file_missing,
s009895,False,False,False,False,False,0,file_missing,
s009896,False,False,False,False,False,0,file_missing,
s009897,False,False,False,False,False,0,file_missing,
s009898,False,False,False,False,False,0,file_missing,
s009899,False,False,False,False,False,0,file_missing,
s009900,False,False,False,False,False,0,file_missing,
s009901,False,False,False,False,False,0,file_missing,
s009902,False,False,False,False,False,0,file_missing,
s009903,False,False,False,False,False,0,file_missing,
s009904,False,False,False,False,False,0,file_missing,
s009905,False,False,False,False,False,0,file_missing,
s009906,False,False,False,False,False,0,file_missing,
s009907,False,False,False,False,False,0,file_missing,
s009908,False,False,False,False,False,0,file_missing,
s009909,False,False,False,False,False,0,file_missing,
s009910,False,False,False,False,False,0,file_missing,
s009911,False,False,False,False,False,0,file_missing,
s009912,False,False,False,False,False,0,file_missing,
s009913,False,False,False,False,False,0,file_missing,
s009914,False,False,False,False,False,0,file_missing,
s009915,False,False,False,False,False,0,file_missing,
s009916,False,False,False,False,False,0,file_missing,
s009917,False,False,False,False,False,0,file_missing,
s009918,False,False,False,False,False,0,file_missing,
s009919,False,False,False,False,False,0,file_missing,
s009920,False,False,False,False,False,0,file_missing,
s009921,False,False,False,False,False,0,file_missing,
s009922,False,False,False,False,False,0,file_missing,
s009923,False,False,False,False,False,0,file_missing,
s009924,False,False,False,False,False,0,file_missing,
s009925,False,False,False,False,False,0,file_missing,
s009926,False,False,False,False,False,0,file_missing,
s009927,False,False,False,False,False,0,file_missing,
s009928,False,False,False,False,False,0,file_missing,
s009929,False,False,False,False,False,0,file_missing,
s009930,False,False,False,False,False,0,file_missing,
s009931,False,False,False,False,False,0,file_missing,
s009932,False,False,False,False,False,0,file_missing,
s009933,False,False,False,False,False,0,file_missing,
s009934,False,False,False,False,False,0,file_missing,
s009935,False,False,False,False,False,0,file_missing,
s009936,False,False,False,False,False,0,file_missing,
s009937,False,False,False,False,False,0,file_missing,
s009938,False,False,False,False,False,0,file_missing,
s009939,False,False,False,False,False,0,file_missing,
s009940,False,False,False,False,False,0,file_missing,
s009941,False,False,False,False,False,0,file_missing,
s009942,False,False,False,False,False,0,file_missing,
s009943,False,False,False,False,False,0,file_missing,
s009944,False,False,False,False,False,0,file_missing,
s009945,False,False,False,False,False,0,file_missing,
s009946,False,False,False,False,False,0,file_missing,
s009947,False,False,False,False,False,0,file_missing,
s009948,False,False,False,False,False,0,file_missing,
s009949,False,False,False,False,False,0,file_missing,
s009950,False,False,False,False,False,0,file_missing,
s009951,False,False,False,False,False,0,file_missing,
s009952,False,False,False,False,False,0,file_missing,
s009953,False,False,False,False,False,0,file_missing,
s009954,False,False,False,False,False,0,file_missing,
s009955,False,False,False,False,False,0,file_missing,
s009956,False,False,False,False,False,0,file_missing,
s009957,False,False,False,False,False,0,file_missing,
s009958,False,False,False,False,False,0,file_missing,
s009959,False,False,False,False,False,0,file_missing,
s009960,False,False,False,False,False,0,file_missing,
s009961,False,False,False,False,False,0,file_missing,
s009962,False,False,False,False,False,0,file_missing,
s009963,False,False,False,False,False,0,file_missing,
s009964,False,False,False,False,False,0,file_missing,
s009965,False,False,False,False,False,0,file_missing,
s009966,False,False,False,False,False,0,file_missing,
s009967,False,False,False,False,False,0,file_missing,
s009968,False,False,False,False,False,0,file_missing,
s009969,False,False,False,False,False,0,file_missing,
s009970,False,False,False,False,False,0,file_missing,
s009971,False,False,False,False,False,0,file_missing,
s009972,False,False,False,False,False,0,file_missing,
s009973,False,False,False,False,False,0,file_missing,
s009974,False,False,False,False,False,0,file_missing,
s009975,False,False,False,False,False,0,file_missing,
s009976,False,False,False,False,False,0,file_missing,
s009977,False,False,False,False,False,0,file_missing,
s009978,False,False,False,False,False,0,file_missing,
s009979,False,False,False,False,False,0,file_missing,
s009980,False,False,False,False,False,0,file_missing,
s009981,False,False,False,False,False,0,file_missing,
s009982,False,False,False,False,False,0,file_missing,
s009983,False,False,False,False,False,0,file_missing,
s009984,False,False,False,False,False,0,file_missing,
s009985,False,False,False,False,False,0,file_missing,
s009986,False,False,False,False,False,0,file_missing,
s009987,False,False,False,False,False,0,file_missing,
s009988,False,False,False,False,False,0,file_missing,
s009989,False,False,False,False,False,0,file_missing,
s009990,False,False,False,False,False,0,file_missing,
s009991,False,False,False,False,False,0,file_missing,
s009992,False,False,False,False,False,0,file_missing,
s009993,False,False,False,False,False,0,file_missing,
s009994,False,False,False,False,False,0,file_missing,
s009995,False,False,False,False,False,0,file_missing,
s009996,False,False,False,False,False,0,file_missing,
s009997,False,False,False,False,False,0,file_missing,
s009998,False,False,False,False,False,0,file_missing,
s009999,False,False,False,False,False,0,file_missing,
s010000,False,False,False,False,False,0,file_missing,
s010001,False,False,False,False,False,0,file_missing,
s010002,False,False,False,False,False,0,file_missing,
s010003,False,False,False,False,False,0,file_missing,
s010004,False,False,False,False,False,0,file_missing,
s010005,False,False,False,False,False,0,file_missing,
s010006,False,False,False,False,False,0,file_missing,
s010007,False,False,False,False,False,0,file_missing,
s010008,False,False,False,False,False,0,file_missing,
s010009,False,False,False,False,False,0,file_missing,
s010010,False,False,False,False,False,0,file_missing,
s010011,False,False,False,False,False,0,file_missing,
s010012,False,False,False,False,False,0,file_missing,
s010013,False,False,False,False,False,0,file_missing,
s010014,False,False,False,False,False,0,file_missing,
s010015,False,False,False,False,False,0,file_missing,
s010016,False,False,False,False,False,0,file_missing,
s010017,False,False,False,False,False,0,file_missing,
s010018,False,False,False,False,False,0,file_missing,
s010019,False,False,False,False,False,0,file_missing,
s010020,False,False,False,False,False,0,file_missing,
s010021,False,False,False,False,False,0,file_missing,
s010022,False,False,False,False,False,0,file_missing,
s010023,False,False,False,False,False,0,file_missing,
s010024,False,False,False,False,False,0,file_missing,
s010025,False,False,False,False,False,0,file_missing,
s010026,False,False,False,False,False,0,file_missing,
s010027,False,False,False,False,False,0,file_missing,
s010028,False,False,False,False,False,0,file_missing,
s010029,False,False,False,False,False,0,file_missing,
s010030,False,False,False,False,False,0,file_missing,
s010031,False,False,False,False,False,0,file_missing,
s010032,False,False,False,False,False,0,file_missing,
s010033,False,False,False,False,False,0,file_missing,
s010034,False,False,False,False,False,0,file_missing,
s010035,False,False,False,False,False,0,file_missing,
s010036,False,False,False,False,False,0,file_missing,
s010037,False,False,False,False,False,0,file_missing,
s010038,False,False,False,False,False,0,file_missing,
s010039,False,False,False,False,False,0,file_missing,
s010040,False,False,False,False,False,0,file_missing,
s010041,False,False,False,False,False,0,file_missing,
s010042,False,False,False,False,False,0,file_missing,
s010043,False,False,False,False,False,0,file_missing,
s010044,False,False,False,False,False,0,file_missing,
s010045,False,False,False,False,False,0,file_missing,
s010046,False,False,False,False,False,0,file_missing,
s010047,False,False,False,False,False,0,file_missing,
s010048,False,False,False,False,False,0,file_missing,
s010049,False,False,False,False,False,0,file_missing,
s010050,False,False,False,False,False,0,file_missing,
s010051,False,False,False,False,False,0,file_missing,
s010052,False,False,False,False,False,0,file_missing,
s010053,False,False,False,False,False,0,file_missing,
s010054,False,False,False,False,False,0,file_missing,
s010055,False,False,False,False,False,0,file_missing,
s010056,False,False,False,False,False,0,file_missing,
s010057,False,False,False,False,False,0,file_missing,
s010058,False,False,False,False,False,0,file_missing,
s010059,False,False,False,False,False,0,file_missing,
s010060,False,False,False,False,False,0,file_missing,
s010061,False,False,False,False,False,0,file_missing,
s010062,False,False,False,False,False,0,file_missing,
s010063,False,False,False,False,False,0,file_missing,
s010064,False,False,False,False,False,0,file_missing,
s010065,False,False,False,False,False,0,file_missing,
s010066,False,False,False,False,False,0,file_missing,
s010067,False,False,False,False,False,0,file_missing,
s010068,False,False,False,False,False,0,file_missing,
s010069,False,False,False,False,False,0,file_missing,
s010070,False,False,False,False,False,0,file_missing,
s010071,False,False,False,False,False,0,file_missing,
s010072,False,False,False,False,False,0,file_missing,
s010073,False,False,False,False,False,0,file_missing,
s010074,False,False,False,False,False,0,file_missing,
s010075,False,False,False,False,False,0,file_missing,
s010076,False,False,False,False,False,0,file_missing,
s010077,False,False,False,False,False,0,file_missing,
s010078,False,False,False,False,False,0,file_missing,
s010079,False,False,False,False,False,0,file_missing,
s010080,False,False,False,False,False,0,file_missing,
s010081,False,False,False,False,False,0,file_missing,
s010082,False,False,False,False,False,0,file_missing,
s010083,False,False,False,False,False,0,file_missing,
s010084,False,False,False,False,False,0,file_missing,
s010085,False,False,False,False,False,0,file_missing,
s010086,False,False,False,False,False,0,file_missing,
s010087,False,False,False,False,False,0,file_missing,
s010088,False,False,False,False,False,0,file_missing,
s010089,False,False,False,False,False,0,file_missing,
s010090,False,False,False,False,False,0,file_missing,
s010091,False,False,False,False,False,0,file_missing,
s010092,False,False,False,False,False,0,file_missing,
s010093,False,False,False,False,False,0,file_missing,
s010094,False,False,False,False,False,0,file_missing,
s010095,False,False,False,False,False,0,file_missing,
s010096,False,False,False,False,False,0,file_missing,
s010097,False,False,False,False,False,0,file_missing,
s010098,False,False,False,False,False,0,file_missing,
s010099,False,False,False,False,False,0,file_missing,
s010100,False,False,False,False,False,0,file_missing,
s010101,False,False,False,False,False,0,file_missing,
s010102,False,False,False,False,False,0,file_missing,
s010103,False,False,False,False,False,0,file_missing,
s010104,False,False,False,False,False,0,file_missing,
s010105,False,False,False,False,False,0,file_missing,
s010106,False,False,False,False,False,0,file_missing,
s010107,False,False,False,False,False,0,file_missing,
s010108,False,False,False,False,False,0,file_missing,
s010109,False,False,False,False,False,0,file_missing,
s010110,False,False,False,False,False,0,file_missing,
s010111,False,False,False,False,False,0,file_missing,
s010112,False,False,False,False,False,0,file_missing,
s010113,False,False,False,False,False,0,file_missing,
s010114,False,False,False,False,False,0,file_missing,
s010115,False,False,False,False,False,0,file_missing,
s010116,False,False,False,False,False,0,file_missing,
s010117,False,False,False,False,False,0,file_missing,
s010118,False,False,False,False,False,0,file_missing,
s010119,False,False,False,False,False,0,file_missing,
s010120,False,False,False,False,False,0,file_missing,
s010121,False,False,False,False,False,0,file_missing,
s010122,False,False,False,False,False,0,file_missing,
s010123,False,False,False,False,False,0,file_missing,
s010124,False,False,False,False,False,0,file_missing,
s010125,False,False,False,False,False,0,file_missing,
s010126,False,False,False,False,False,0,file_missing,
s010127,False,False,False,False,False,0,file_missing,
s010128,False,False,False,False,False,0,file_missing,
s010129,False,False,False,False,False,0,file_missing,
s010130,False,False,False,False,False,0,file_missing,
s010131,False,False,False,False,False,0,file_missing,
s010132,False,False,False,False,False,0,file_missing,
s010133,False,False,False,False,False,0,file_missing,
s010134,False,False,False,False,False,0,file_missing,
s010135,False,False,False,False,False,0,file_missing,
s010136,False,False,False,False,False,0,file_missing,
s010137,False,False,False,False,False,0,file_missing,
s010138,False,False,False,False,False,0,file_missing,
s010139,False,False,False,False,False,0,file_missing,
s010140,False,False,False,False,False,0,file_missing,
s010141,False,False,False,False,False,0,file_missing,
s010142,False,False,False,False,False,0,file_missing,
s010143,False,False,False,False,False,0,file_missing,
s010144,False,False,False,False,False,0,file_missing,
s010145,False,False,False,False,False,0,file_missing,
s010146,False,False,False,False,False,0,file_missing,
s010147,False,False,False,False,False,0,file_missing,
s010148,False,False,False,False,False,0,file_missing,
s010149,False,False,False,False,False,0,file_missing,
s010150,False,False,False,False,False,0,file_missing,
s010151,False,False,False,False,False,0,file_missing,
s010152,False,False,False,False,False,0,file_missing,
s010153,False,False,False,False,False,0,file_missing,
s010154,False,False,False,False,False,0,file_missing,
s010155,False,False,False,False,False,0,file_missing,
s010156,False,False,False,False,False,0,file_missing,
s010157,False,False,False,False,False,0,file_missing,
s010158,False,False,False,False,False,0,file_missing,
s010159,False,False,False,False,False,0,file_missing,
s010160,False,False,False,False,False,0,file_missing,
s010161,False,False,False,False,False,0,file_missing,
s010162,False,False,False,False,False,0,file_missing,
s010163,False,False,False,False,False,0,file_missing,
s010164,False,False,False,False,False,0,file_missing,
s010165,False,False,False,False,False,0,file_missing,
s010166,False,False,False,False,False,0,file_missing,
s010167,False,False,False,False,False,0,file_missing,
s010168,False,False,False,False,False,0,file_missing,
s010169,False,False,False,False,False,0,file_missing,
s010170,False,False,False,False,False,0,file_missing,
s010171,False,False,False,False,False,0,file_missing,
s010172,False,False,False,False,False,0,file_missing,
s010173,False,False,False,False,False,0,file_missing,
s010174,False,False,False,False,False,0,file_missing,
s010175,False,False,False,False,False,0,file_missing,
s010176,False,False,False,False,False,0,file_missing,
s010177,False,False,False,False,False,0,file_missing,
s010178,False,False,False,False,False,0,file_missing,
s010179,False,False,False,False,False,0,file_missing,
s010180,False,False,False,False,False,0,file_missing,
s010181,False,False,False,False,False,0,file_missing,
s010182,False,False,False,False,False,0,file_missing,
s010183,False,False,False,False,False,0,file_missing,
s010184,False,False,False,False,False,0,file_missing,
s010185,False,False,False,False,False,0,file_missing,
s010186,False,False,False,False,False,0,file_missing,
s010187,False,False,False,False,False,0,file_missing,
s010188,False,False,False,False,False,0,file_missing,
s010189,False,False,False,False,False,0,file_missing,
s010190,False,False,False,False,False,0,file_missing,
s010191,False,False,False,False,False,0,file_missing,
s010192,False,False,False,False,False,0,file_missing,
s010193,False,False,False,False,False,0,file_missing,
s010194,False,False,False,False,False,0,file_missing,
s010195,False,False,False,False,False,0,file_missing,
s010196,False,False,False,False,False,0,file_missing,
s010197,False,False,False,False,False,0,file_missing,
s010198,False,False,False,False,False,0,file_missing,
s010199,False,False,False,False,False,0,file_missing,
s010200,False,False,False,False,False,0,file_missing,
s010201,False,False,False,False,False,0,file_missing,
s010202,False,False,False,False,False,0,file_missing,
s010203,False,False,False,False,False,0,file_missing,
s010204,False,False,False,False,False,0,file_missing,
s010205,False,False,False,False,False,0,file_missing,
s010206,False,False,False,False,False,0,file_missing,
s010207,False,False,False,False,False,0,file_missing,
s010208,False,False,False,False,False,0,file_missing,
s010209,False,False,False,False,False,0,file_missing,
s010210,False,False,False,False,False,0,file_missing,
s010211,False,False,False,False,False,0,file_missing,
s010212,False,False,False,False,False,0,file_missing,
s010213,False,False,False,False,False,0,file_missing,
s010214,False,False,False,False,False,0,file_missing,
s010215,False,False,False,False,False,0,file_missing,
s010216,False,False,False,False,False,0,file_missing,
s010217,False,False,False,False,False,0,file_missing,
s010218,False,False,False,False,False,0,file_missing,
s010219,False,False,False,False,False,0,file_missing,
s010220,False,False,False,False,False,0,file_missing,
s010221,False,False,False,False,False,0,file_missing,
s010222,False,False,False,False,False,0,file_missing,
s010223,False,False,False,False,False,0,file_missing,
s010224,False,False,False,False,False,0,file_missing,
s010225,False,False,False,False,False,0,file_missing,
s010226,False,False,False,False,False,0,file_missing,
s010227,False,False,False,False,False,0,file_missing,
s010228,False,False,False,False,False,0,file_missing,
s010229,False,False,False,False,False,0,file_missing,
s010230,False,False,False,False,False,0,file_missing,
s010231,False,False,False,False,False,0,file_missing,
s010232,False,False,False,False,False,0,file_missing,
s010233,False,False,False,False,False,0,file_missing,
s010234,False,False,False,False,False,0,file_missing,
s010235,False,False,False,False,False,0,file_missing,
s010236,False,False,False,False,False,0,file_missing,
s010237,False,False,False,False,False,0,file_missing,
s010238,False,False,False,False,False,0,file_missing,
s010239,False,False,False,False,False,0,file_missing,
s010240,False,False,False,False,False,0,file_missing,
s010241,False,False,False,False,False,0,file_missing,
s010242,False,False,False,False,False,0,file_missing,
s010243,False,False,False,False,False,0,file_missing,
s010244,False,False,False,False,False,0,file_missing,
s010245,False,False,False,False,False,0,file_missing,
s010246,False,False,False,False,False,0,file_missing,
s010247,False,False,False,False,False,0,file_missing,
s010248,False,False,False,False,False,0,file_missing,
s010249,False,False,False,False,False,0,file_missing,
s010250,False,False,False,False,False,0,file_missing,
s010251,False,False,False,False,False,0,file_missing,
s010252,False,False,False,False,False,0,file_missing,
s010253,False,False,False,False,False,0,file_missing,
s010254,False,False,False,False,False,0,file_missing,
s010255,False,False,False,False,False,0,file_missing,
s010256,False,False,False,False,False,0,file_missing,
s010257,False,False,False,False,False,0,file_missing,
s010258,False,False,False,False,False,0,file_missing,
s010259,False,False,False,False,False,0,file_missing,
s010260,False,False,False,False,False,0,file_missing,
s010261,False,False,False,False,False,0,file_missing,
s010262,False,False,False,False,False,0,file_missing,
s010263,False,False,False,False,False,0,file_missing,
s010264,False,False,False,False,False,0,file_missing,
s010265,False,False,False,False,False,0,file_missing,
s010266,False,False,False,False,False,0,file_missing,
s010267,False,False,False,False,False,0,file_missing,
s010268,False,False,False,False,False,0,file_missing,
s010269,False,False,False,False,False,0,file_missing,
s010270,False,False,False,False,False,0,file_missing,
s010271,False,False,False,False,False,0,file_missing,
s010272,False,False,False,False,False,0,file_missing,
s010273,False,False,False,False,False,0,file_missing,
s010274,False,False,False,False,False,0,file_missing,
s010275,False,False,False,False,False,0,file_missing,
s010276,False,False,False,False,False,0,file_missing,
s010277,False,False,False,False,False,0,file_missing,
s010278,False,False,False,False,False,0,file_missing,
s010279,False,False,False,False,False,0,file_missing,
s010280,False,False,False,False,False,0,file_missing,
s010281,False,False,False,False,False,0,file_missing,
s010282,False,False,False,False,False,0,file_missing,
s010283,False,False,False,False,False,0,file_missing,
s010284,False,False,False,False,False,0,file_missing,
s010285,False,False,False,False,False,0,file_missing,
s010286,False,False,False,False,False,0,file_missing,
s010287,False,False,False,False,False,0,file_missing,
s010288,False,False,False,False,False,0,file_missing,
s010289,False,False,False,False,False,0,file_missing,
s010290,False,False,False,False,False,0,file_missing,
s010291,False,False,False,False,False,0,file_missing,
s010292,False,False,False,False,False,0,file_missing,
s010293,False,False,False,False,False,0,file_missing,
s010294,False,False,False,False,False,0,file_missing,
s010295,False,False,False,False,False,0,file_missing,
s010296,False,False,False,False,False,0,file_missing,
s010297,False,False,False,False,False,0,file_missing,
s010298,False,False,False,False,False,0,file_missing,
s010299,False,False,False,False,False,0,file_missing,
s010300,False,False,False,False,False,0,file_missing,
s010301,False,False,False,False,False,0,file_missing,
s010302,False,False,False,False,False,0,file_missing,
s010303,False,False,False,False,False,0,file_missing,
s010304,False,False,False,False,False,0,file_missing,
s010305,False,False,False,False,False,0,file_missing,
s010306,False,False,False,False,False,0,file_missing,
s010307,False,False,False,False,False,0,file_missing,
s010308,False,False,False,False,False,0,file_missing,
s010309,False,False,False,False,False,0,file_missing,
s010310,False,False,False,False,False,0,file_missing,
s010311,False,False,False,False,False,0,file_missing,
s010312,False,False,False,False,False,0,file_missing,
s010313,False,False,False,False,False,0,file_missing,
s010314,False,False,False,False,False,0,file_missing,
s010315,False,False,False,False,False,0,file_missing,
s010316,False,False,False,False,False,0,file_missing,
s010317,False,False,False,False,False,0,file_missing,
s010318,False,False,False,False,False,0,file_missing,
s010319,False,False,False,False,False,0,file_missing,
s010320,False,False,False,False,False,0,file_missing,
s010321,False,False,False,False,False,0,file_missing,
s010322,False,False,False,False,False,0,file_missing,
s010323,False,False,False,False,False,0,file_missing,
s010324,False,False,False,False,False,0,file_missing,
s010325,False,False,False,False,False,0,file_missing,
s010326,False,False,False,False,False,0,file_missing,
s010327,False,False,False,False,False,0,file_missing,
s010328,False,False,False,False,False,0,file_missing,
s010329,False,False,False,False,False,0,file_missing,
s010330,False,False,False,False,False,0,file_missing,
s010331,False,False,False,False,False,0,file_missing,
s010332,False,False,False,False,False,0,file_missing,
s010333,False,False,False,False,False,0,file_missing,
s010334,False,False,False,False,False,0,file_missing,
s010335,False,False,False,False,False,0,file_missing,
s010336,False,False,False,False,False,0,file_missing,
s010337,False,False,False,False,False,0,file_missing,
s010338,False,False,False,False,False,0,file_missing,
s010339,False,False,False,False,False,0,file_missing,
s010340,False,False,False,False,False,0,file_missing,
s010341,False,False,False,False,False,0,file_missing,
s010342,False,False,False,False,False,0,file_missing,
s010343,False,False,False,False,False,0,file_missing,
s010344,False,False,False,False,False,0,file_missing,
s010345,False,False,False,False,False,0,file_missing,
s010346,False,False,False,False,False,0,file_missing,
s010347,False,False,False,False,False,0,file_missing,
s010348,False,False,False,False,False,0,file_missing,
s010349,False,False,False,False,False,0,file_missing,
s010350,False,False,False,False,False,0,file_missing,
s010351,False,False,False,False,False,0,file_missing,
s010352,False,False,False,False,False,0,file_missing,
s010353,False,False,False,False,False,0,file_missing,
s010354,False,False,False,False,False,0,file_missing,
s010355,False,False,False,False,False,0,file_missing,
s010356,False,False,False,False,False,0,file_missing,
s010357,False,False,False,False,False,0,file_missing,
s010358,False,False,False,False,False,0,file_missing,
s010359,False,False,False,False,False,0,file_missing,
s010360,False,False,False,False,False,0,file_missing,
s010361,False,False,False,False,False,0,file_missing,
s010362,False,False,False,False,False,0,file_missing,
s010363,False,False,False,False,False,0,file_missing,
s010364,False,False,False,False,False,0,file_missing,
s010365,False,False,False,False,False,0,file_missing,
s010366,False,False,False,False,False,0,file_missing,
s010367,False,False,False,False,False,0,file_missing,
s010368,False,False,False,False,False,0,file_missing,
s010369,False,False,False,False,False,0,file_missing,
s010370,False,False,False,False,False,0,file_missing,
s010371,False,False,False,False,False,0,file_missing,
s010372,False,False,False,False,False,0,file_missing,
s010373,False,False,False,False,False,0,file_missing,
s010374,False,False,False,False,False,0,file_missing,
s010375,False,False,False,False,False,0,file_missing,
s010376,False,False,False,False,False,0,file_missing,
s010377,False,False,False,False,False,0,file_missing,
s010378,False,False,False,False,False,0,file_missing,
s010379,False,False,False,False,False,0,file_missing,
s010380,False,False,False,False,False,0,file_missing,
s010381,False,False,False,False,False,0,file_missing,
s010382,False,False,False,False,False,0,file_missing,
s010383,False,False,False,False,False,0,file_missing,
s010384,False,False,False,False,False,0,file_missing,
s010385,False,False,False,False,False,0,file_missing,
s010386,False,False,False,False,False,0,file_missing,
s010387,False,False,False,False,False,0,file_missing,
s010388,False,False,False,False,False,0,file_missing,
s010389,False,False,False,False,False,0,file_missing,
s010390,False,False,False,False,False,0,file_missing,
s010391,False,False,False,False,False,0,file_missing,
s010392,False,False,False,False,False,0,file_missing,
s010393,False,False,False,False,False,0,file_missing,
s010394,False,False,False,False,False,0,file_missing,
s010395,False,False,False,False,False,0,file_missing,
s010396,False,False,False,False,False,0,file_missing,
s010397,False,False,False,False,False,0,file_missing,
s010398,False,False,False,False,False,0,file_missing,
s010399,False,False,False,False,False,0,file_missing,
s010400,False,False,False,False,False,0,file_missing,
s010401,False,False,False,False,False,0,file_missing,
s010402,False,False,False,False,False,0,file_missing,
s010403,False,False,False,False,False,0,file_missing,
s010404,False,False,False,False,False,0,file_missing,
s010405,False,False,False,False,False,0,file_missing,
s010406,False,False,False,False,False,0,file_missing,
s010407,False,False,False,False,False,0,file_missing,
s010408,False,False,False,False,False,0,file_missing,
s010409,False,False,False,False,False,0,file_missing,
s010410,False,False,False,False,False,0,file_missing,
s010411,False,False,False,False,False,0,file_missing,
s010412,False,False,False,False,False,0,file_missing,
s010413,False,False,False,False,False,0,file_missing,
s010414,False,False,False,False,False,0,file_missing,
s010415,False,False,False,False,False,0,file_missing,
s010416,False,False,False,False,False,0,file_missing,
s010417,False,False,False,False,False,0,file_missing,
s010418,False,False,False,False,False,0,file_missing,
s010419,False,False,False,False,False,0,file_missing,
s010420,False,False,False,False,False,0,file_missing,
s010421,False,False,False,False,False,0,file_missing,
s010422,False,False,False,False,False,0,file_missing,
s010423,False,False,False,False,False,0,file_missing,
s010424,False,False,False,False,False,0,file_missing,
s010425,False,False,False,False,False,0,file_missing,
s010426,False,False,False,False,False,0,file_missing,
s010427,False,False,False,False,False,0,file_missing,
s010428,False,False,False,False,False,0,file_missing,
s010429,False,False,False,False,False,0,file_missing,
s010430,False,False,False,False,False,0,file_missing,
s010431,False,False,False,False,False,0,file_missing,
s010432,False,False,False,False,False,0,file_missing,
s010433,False,False,False,False,False,0,file_missing,
s010434,False,False,False,False,False,0,file_missing,
s010435,False,False,False,False,False,0,file_missing,
s010436,False,False,False,False,False,0,file_missing,
s010437,False,False,False,False,False,0,file_missing,
s010438,False,False,False,False,False,0,file_missing,
s010439,False,False,False,False,False,0,file_missing,
s010440,False,False,False,False,False,0,file_missing,
s010441,False,False,False,False,False,0,file_missing,
s010442,False,False,False,False,False,0,file_missing,
s010443,False,False,False,False,False,0,file_missing,
s010444,False,False,False,False,False,0,file_missing,
s010445,False,False,False,False,False,0,file_missing,
s010446,False,False,False,False,False,0,file_missing,
s010447,False,False,False,False,False,0,file_missing,
s010448,False,False,False,False,False,0,file_missing,
s010449,False,False,False,False,False,0,file_missing,
s010450,False,False,False,False,False,0,file_missing,
s010451,False,False,False,False,False,0,file_missing,
s010452,False,False,False,False,False,0,file_missing,
s010453,False,False,False,False,False,0,file_missing,
s010454,False,False,False,False,False,0,file_missing,
s010455,False,False,False,False,False,0,file_missing,
s010456,False,False,False,False,False,0,file_missing,
s010457,False,False,False,False,False,0,file_missing,
s010458,False,False,False,False,False,0,file_missing,
s010459,False,False,False,False,False,0,file_missing,
s010460,False,False,False,False,False,0,file_missing,
s010461,False,False,False,False,False,0,file_missing,
s010462,False,False,False,False,False,0,file_missing,
s010463,False,False,False,False,False,0,file_missing,
s010464,False,False,False,False,False,0,file_missing,
s010465,False,False,False,False,False,0,file_missing,
s010466,False,False,False,False,False,0,file_missing,
s010467,False,False,False,False,False,0,file_missing,
s010468,False,False,False,False,False,0,file_missing,
s010469,False,False,False,False,False,0,file_missing,
s010470,False,False,False,False,False,0,file_missing,
s010471,False,False,False,False,False,0,file_missing,
s010472,False,False,False,False,False,0,file_missing,
s010473,False,False,False,False,False,0,file_missing,
s010474,False,False,False,False,False,0,file_missing,
s010475,False,False,False,False,False,0,file_missing,
s010476,False,False,False,False,False,0,file_missing,
s010477,False,False,False,False,False,0,file_missing,
s010478,False,False,False,False,False,0,file_missing,
s010479,False,False,False,False,False,0,file_missing,
s010480,False,False,False,False,False,0,file_missing,
s010481,False,False,False,False,False,0,file_missing,
s010482,False,False,False,False,False,0,file_missing,
s010483,False,False,False,False,False,0,file_missing,
s010484,False,False,False,False,False,0,file_missing,
s010485,False,False,False,False,False,0,file_missing,
s010486,False,False,False,False,False,0,file_missing,
s010487,False,False,False,False,False,0,file_missing,
s010488,False,False,False,False,False,0,file_missing,
s010489,False,False,False,False,False,0,file_missing,
s010490,False,False,False,False,False,0,file_missing,
s010491,False,False,False,False,False,0,file_missing,
s010492,False,False,False,False,False,0,file_missing,
s010493,False,False,False,False,False,0,file_missing,
s010494,False,False,False,False,False,0,file_missing,
s010495,False,False,False,False,False,0,file_missing,
s010496,False,False,False,False,False,0,file_missing,
s010497,False,False,False,False,False,0,file_missing,
s010498,False,False,False,False,False,0,file_missing,
s010499,False,False,False,False,False,0,file_missing,
s010500,False,False,False,False,False,0,file_missing,
s010501,False,False,False,False,False,0,file_missing,
s010502,False,False,False,False,False,0,file_missing,
s010503,False,False,False,False,False,0,file_missing,
s010504,False,False,False,False,False,0,file_missing,
s010505,False,False,False,False,False,0,file_missing,
s010506,False,False,False,False,False,0,file_missing,
s010507,False,False,False,False,False,0,file_missing,
s010508,False,False,False,False,False,0,file_missing,
s010509,False,False,False,False,False,0,file_missing,
s010510,False,False,False,False,False,0,file_missing,
s010511,False,False,False,False,False,0,file_missing,
s010512,False,False,False,False,False,0,file_missing,
s010513,False,False,False,False,False,0,file_missing,
s010514,False,False,False,False,False,0,file_missing,
s010515,False,False,False,False,False,0,file_missing,
s010516,False,False,False,False,False,0,file_missing,
s010517,False,False,False,False,False,0,file_missing,
s010518,False,False,False,False,False,0,file_missing,
s010519,False,False,False,False,False,0,file_missing,
s010520,False,False,False,False,False,0,file_missing,
s010521,False,False,False,False,False,0,file_missing,
s010522,False,False,False,False,False,0,file_missing,
s010523,False,False,False,False,False,0,file_missing,
s010524,False,False,False,False,False,0,file_missing,
s010525,False,False,False,False,False,0,file_missing,
s010526,False,False,False,False,False,0,file_missing,
s010527,False,False,False,False,False,0,file_missing,
s010528,False,False,False,False,False,0,file_missing,
s010529,False,False,False,False,False,0,file_missing,
s010530,False,False,False,False,False,0,file_missing,
s010531,False,False,False,False,False,0,file_missing,
s010532,False,False,False,False,False,0,file_missing,
s010533,False,False,False,False,False,0,file_missing,
s010534,False,False,False,False,False,0,file_missing,
s010535,False,False,False,False,False,0,file_missing,
s010536,False,False,False,False,False,0,file_missing,
s010537,False,False,False,False,False,0,file_missing,
s010538,False,False,False,False,False,0,file_missing,
s010539,False,False,False,False,False,0,file_missing,
s010540,False,False,False,False,False,0,file_missing,
s010541,False,False,False,False,False,0,file_missing,
s010542,False,False,False,False,False,0,file_missing,
s010543,False,False,False,False,False,0,file_missing,
s010544,False,False,False,False,False,0,file_missing,
s010545,False,False,False,False,False,0,file_missing,
s010546,False,False,False,False,False,0,file_missing,
s010547,False,False,False,False,False,0,file_missing,
s010548,False,False,False,False,False,0,file_missing,
s010549,False,False,False,False,False,0,file_missing,
s010550,False,False,False,False,False,0,file_missing,
s010551,False,False,False,False,False,0,file_missing,
s010552,False,False,False,False,False,0,file_missing,
s010553,False,False,False,False,False,0,file_missing,
s010554,False,False,False,False,False,0,file_missing,
s010555,False,False,False,False,False,0,file_missing,
s010556,False,False,False,False,False,0,file_missing,
s010557,False,False,False,False,False,0,file_missing,
s010558,False,False,False,False,False,0,file_missing,
s010559,False,False,False,False,False,0,file_missing,
s010560,False,False,False,False,False,0,file_missing,
s010561,False,False,False,False,False,0,file_missing,
s010562,False,False,False,False,False,0,file_missing,
s010563,False,False,False,False,False,0,file_missing,
s010564,False,False,False,False,False,0,file_missing,
s010565,False,False,False,False,False,0,file_missing,
s010566,False,False,False,False,False,0,file_missing,
s010567,False,False,False,False,False,0,file_missing,
s010568,False,False,False,False,False,0,file_missing,
s010569,False,False,False,False,False,0,file_missing,
s010570,False,False,False,False,False,0,file_missing,
s010571,False,False,False,False,False,0,file_missing,
s010572,False,False,False,False,False,0,file_missing,
s010573,False,False,False,False,False,0,file_missing,
s010574,False,False,False,False,False,0,file_missing,
s010575,False,False,False,False,False,0,file_missing,
s010576,False,False,False,False,False,0,file_missing,
s010577,False,False,False,False,False,0,file_missing,
s010578,False,False,False,False,False,0,file_missing,
s010579,False,False,False,False,False,0,file_missing,
s010580,False,False,False,False,False,0,file_missing,
s010581,False,False,False,False,False,0,file_missing,
s010582,False,False,False,False,False,0,file_missing,
s010583,False,False,False,False,False,0,file_missing,
s010584,False,False,False,False,False,0,file_missing,
s010585,False,False,False,False,False,0,file_missing,
s010586,False,False,False,False,False,0,file_missing,
s010587,False,False,False,False,False,0,file_missing,
s010588,False,False,False,False,False,0,file_missing,
s010589,False,False,False,False,False,0,file_missing,
s010590,False,False,False,False,False,0,file_missing,
s010591,False,False,False,False,False,0,file_missing,
s010592,False,False,False,False,False,0,file_missing,
s010593,False,False,False,False,False,0,file_missing,
s010594,False,False,False,False,False,0,file_missing,
s010595,False,False,False,False,False,0,file_missing,
s010596,False,False,False,False,False,0,file_missing,
s010597,False,False,False,False,False,0,file_missing,
s010598,False,False,False,False,False,0,file_missing,
s010599,False,False,False,False,False,0,file_missing,
s010600,False,False,False,False,False,0,file_missing,
s010601,False,False,False,False,False,0,file_missing,
s010602,False,False,False,False,False,0,file_missing,
s010603,False,False,False,False,False,0,file_missing,
s010604,False,False,False,False,False,0,file_missing,
s010605,False,False,False,False,False,0,file_missing,
s010606,False,False,False,False,False,0,file_missing,
s010607,False,False,False,False,False,0,file_missing,
s010608,False,False,False,False,False,0,file_missing,
s010609,False,False,False,False,False,0,file_missing,
s010610,False,False,False,False,False,0,file_missing,
s010611,False,False,False,False,False,0,file_missing,
s010612,False,False,False,False,False,0,file_missing,
s010613,False,False,False,False,False,0,file_missing,
s010614,False,False,False,False,False,0,file_missing,
s010615,False,False,False,False,False,0,file_missing,
s010616,False,False,False,False,False,0,file_missing,
s010617,False,False,False,False,False,0,file_missing,
s010618,False,False,False,False,False,0,file_missing,
s010619,False,False,False,False,False,0,file_missing,
s010620,False,False,False,False,False,0,file_missing,
s010621,False,False,False,False,False,0,file_missing,
s010622,False,False,False,False,False,0,file_missing,
s010623,False,False,False,False,False,0,file_missing,
s010624,False,False,False,False,False,0,file_missing,
s010625,False,False,False,False,False,0,file_missing,
s010626,False,False,False,False,False,0,file_missing,
s010627,False,False,False,False,False,0,file_missing,
s010628,False,False,False,False,False,0,file_missing,
s010629,False,False,False,False,False,0,file_missing,
s010630,False,False,False,False,False,0,file_missing,
s010631,False,False,False,False,False,0,file_missing,
s010632,False,False,False,False,False,0,file_missing,
s010633,False,False,False,False,False,0,file_missing,
s010634,False,False,False,False,False,0,file_missing,
s010635,False,False,False,False,False,0,file_missing,
s010636,False,False,False,False,False,0,file_missing,
s010637,False,False,False,False,False,0,file_missing,
s010638,False,False,False,False,False,0,file_missing,
s010639,False,False,False,False,False,0,file_missing,
s010640,False,False,False,False,False,0,file_missing,
s010641,False,False,False,False,False,0,file_missing,
s010642,False,False,False,False,False,0,file_missing,
s010643,False,False,False,False,False,0,file_missing,
s010644,False,False,False,False,False,0,file_missing,
s010645,False,False,False,False,False,0,file_missing,
s010646,False,False,False,False,False,0,file_missing,
s010647,False,False,False,False,False,0,file_missing,
s010648,False,False,False,False,False,0,file_missing,
s010649,False,False,False,False,False,0,file_missing,
s010650,False,False,False,False,False,0,file_missing,
s010651,False,False,False,False,False,0,file_missing,
s010652,False,False,False,False,False,0,file_missing,
s010653,False,False,False,False,False,0,file_missing,
s010654,False,False,False,False,False,0,file_missing,
s010655,False,False,False,False,False,0,file_missing,
s010656,False,False,False,False,False,0,file_missing,
s010657,False,False,False,False,False,0,file_missing,
s010658,False,False,False,False,False,0,file_missing,
s010659,False,False,False,False,False,0,file_missing,
s010660,False,False,False,False,False,0,file_missing,
s010661,False,False,False,False,False,0,file_missing,
s010662,False,False,False,False,False,0,file_missing,
s010663,False,False,False,False,False,0,file_missing,
s010664,False,False,False,False,False,0,file_missing,
s010665,False,False,False,False,False,0,file_missing,
s010666,False,False,False,False,False,0,file_missing,
s010667,False,False,False,False,False,0,file_missing,
s010668,False,False,False,False,False,0,file_missing,
s010669,False,False,False,False,False,0,file_missing,
s010670,False,False,False,False,False,0,file_missing,
s010671,False,False,False,False,False,0,file_missing,
s010672,False,False,False,False,False,0,file_missing,
s010673,False,False,False,False,False,0,file_missing,
s010674,False,False,False,False,False,0,file_missing,
s010675,False,False,False,False,False,0,file_missing,
s010676,False,False,False,False,False,0,file_missing,
s010677,False,False,False,False,False,0,file_missing,
s010678,False,False,False,False,False,0,file_missing,
s010679,False,False,False,False,False,0,file_missing,
s010680,False,False,False,False,False,0,file_missing,
s010681,False,False,False,False,False,0,file_missing,
s010682,False,False,False,False,False,0,file_missing,
s010683,False,False,False,False,False,0,file_missing,
s010684,False,False,False,False,False,0,file_missing,
s010685,False,False,False,False,False,0,file_missing,
s010686,False,False,False,False,False,0,file_missing,
s010687,False,False,False,False,False,0,file_missing,
s010688,False,False,False,False,False,0,file_missing,
s010689,False,False,False,False,False,0,file_missing,
s010690,False,False,False,False,False,0,file_missing,
s010691,False,False,False,False,False,0,file_missing,
s010692,False,False,False,False,False,0,file_missing,
s010693,False,False,False,False,False,0,file_missing,
s010694,False,False,False,False,False,0,file_missing,
s010695,False,False,False,False,False,0,file_missing,
s010696,False,False,False,False,False,0,file_missing,
s010697,False,False,False,False,False,0,file_missing,
s010698,False,False,False,False,False,0,file_missing,
s010699,False,False,False,False,False,0,file_missing,
s010700,False,False,False,False,False,0,file_missing,
s010701,False,False,False,False,False,0,file_missing,
s010702,False,False,False,False,False,0,file_missing,
s010703,False,False,False,False,False,0,file_missing,
s010704,False,False,False,False,False,0,file_missing,
s010705,False,False,False,False,False,0,file_missing,
s010706,False,False,False,False,False,0,file_missing,
s010707,False,False,False,False,False,0,file_missing,
s010708,False,False,False,False,False,0,file_missing,
s010709,False,False,False,False,False,0,file_missing,
s010710,False,False,False,False,False,0,file_missing,
s010711,False,False,False,False,False,0,file_missing,
s010712,False,False,False,False,False,0,file_missing,
s010713,False,False,False,False,False,0,file_missing,
s010714,False,False,False,False,False,0,file_missing,
s010715,False,False,False,False,False,0,file_missing,
s010716,False,False,False,False,False,0,file_missing,
s010717,False,False,False,False,False,0,file_missing,
s010718,False,False,False,False,False,0,file_missing,
s010719,False,False,False,False,False,0,file_missing,
s010720,False,False,False,False,False,0,file_missing,
s010721,False,False,False,False,False,0,file_missing,
s010722,False,False,False,False,False,0,file_missing,
s010723,False,False,False,False,False,0,file_missing,
s010724,False,False,False,False,False,0,file_missing,
s010725,False,False,False,False,False,0,file_missing,
s010726,False,False,False,False,False,0,file_missing,
s010727,False,False,False,False,False,0,file_missing,
s010728,False,False,False,False,False,0,file_missing,
s010729,False,False,False,False,False,0,file_missing,
s010730,False,False,False,False,False,0,file_missing,
s010731,False,False,False,False,False,0,file_missing,
s010732,False,False,False,False,False,0,file_missing,
s010733,False,False,False,False,False,0,file_missing,
s010734,False,False,False,False,False,0,file_missing,
s010735,False,False,False,False,False,0,file_missing,
s010736,False,False,False,False,False,0,file_missing,
s010737,False,False,False,False,False,0,file_missing,
s010738,False,False,False,False,False,0,file_missing,
s010739,False,False,False,False,False,0,file_missing,
s010740,False,False,False,False,False,0,file_missing,
s010741,False,False,False,False,False,0,file_missing,
s010742,False,False,False,False,False,0,file_missing,
s010743,False,False,False,False,False,0,file_missing,
s010744,False,False,False,False,False,0,file_missing,
s010745,False,False,False,False,False,0,file_missing,
s010746,False,False,False,False,False,0,file_missing,
s010747,False,False,False,False,False,0,file_missing,
s010748,False,False,False,False,False,0,file_missing,
s010749,False,False,False,False,False,0,file_missing,
s010750,False,False,False,False,False,0,file_missing,
s010751,False,False,False,False,False,0,file_missing,
s010752,False,False,False,False,False,0,file_missing,
s010753,False,False,False,False,False,0,file_missing,
s010754,False,False,False,False,False,0,file_missing,
s010755,False,False,False,False,False,0,file_missing,
s010756,False,False,False,False,False,0,file_missing,
s010757,False,False,False,False,False,0,file_missing,
s010758,False,False,False,False,False,0,file_missing,
s010759,False,False,False,False,False,0,file_missing,
s010760,False,False,False,False,False,0,file_missing,
s010761,False,False,False,False,False,0,file_missing,
s010762,False,False,False,False,False,0,file_missing,
s010763,False,False,False,False,False,0,file_missing,
s010764,False,False,False,False,False,0,file_missing,
s010765,False,False,False,False,False,0,file_missing,
s010766,False,False,False,False,False,0,file_missing,
s010767,True,True,True,False,False,0,file_missing,
s010768,True,True,True,False,False,0,file_missing,
s010769,True,True,True,False,False,0,file_missing,
s010770,True,True,True,False,False,0,file_missing,
s010771,True,True,True,False,False,0,file_missing,
s010772,True,True,True,False,False,0,file_missing,
s010773,True,True,True,False,False,0,file_missing,
s010774,False,False,False,False,False,0,file_missing,
s010775,False,False,False,False,False,0,file_missing,
s010776,False,False,False,False,False,0,file_missing,
s010777,False,False,False,False,False,0,file_missing,
s010778,False,False,False,False,False,0,file_missing,
s010779,False,False,False,False,False,0,file_missing,
s010780,False,False,False,False,False,0,file_missing,
s010781,False,False,False,False,False,0,file_missing,
s010782,False,False,False,False,False,0,file_missing,
s010783,False,False,False,False,False,0,file_missing,
s010784,False,False,False,False,False,0,file_missing,
s010785,False,False,False,False,False,0,file_missing,
s010786,False,False,False,False,False,0,file_missing,
s010787,False,False,False,False,False,0,file_missing,
s010788,False,False,False,False,False,0,file_missing,
s010789,False,False,False,False,False,0,file_missing,
s010790,False,False,False,False,False,0,file_missing,
s010791,False,False,False,False,False,0,file_missing,
s010792,False,False,False,False,False,0,file_missing,
s010793,False,False,False,False,False,0,file_missing,
s010794,False,False,False,False,False,0,file_missing,
s010795,False,False,False,False,False,0,file_missing,
s010796,False,False,False,False,False,0,file_missing,
s010797,False,False,False,False,False,0,file_missing,
s010798,False,False,False,False,False,0,file_missing,
s010799,False,False,False,False,False,0,file_missing,
s010800,False,False,False,False,False,0,file_missing,
s010801,False,False,False,False,False,0,file_missing,
s010802,False,False,False,False,False,0,file_missing,
s010803,False,False,False,False,False,0,file_missing,
s010804,False,False,False,False,False,0,file_missing,
s010805,False,False,False,False,False,0,file_missing,
s010806,False,False,False,False,False,0,file_missing,
s010807,False,False,False,False,False,0,file_missing,
s010808,False,False,False,False,False,0,file_missing,
s010809,False,False,False,False,False,0,file_missing,
s010810,False,False,False,False,False,0,file_missing,
s010811,False,False,False,False,False,0,file_missing,
s010812,False,False,False,False,False,0,file_missing,
s010813,False,False,False,False,False,0,file_missing,
s010814,False,False,False,False,False,0,file_missing,
s010815,False,False,False,False,False,0,file_missing,
s010816,False,False,False,False,False,0,file_missing,
s010817,False,False,False,False,False,0,file_missing,
s010818,False,False,False,False,False,0,file_missing,
s010819,False,False,False,False,False,0,file_missing,
s010820,True,True,True,False,False,0,file_missing,
s010821,True,True,True,False,False,0,file_missing,
s010822,True,True,True,False,False,0,file_missing,
s010823,True,True,True,False,False,0,file_missing,
s010824,False,False,False,False,False,0,file_missing,
s010825,False,False,False,False,False,0,file_missing,
s010826,False,False,False,False,False,0,file_missing,
s010827,False,False,False,False,False,0,file_missing,
s010828,False,False,False,False,False,0,file_missing,
s010829,False,False,False,False,False,0,file_missing,
s010830,False,False,False,False,False,0,file_missing,
s010831,False,False,False,False,False,0,file_missing,
s010832,False,False,False,False,False,0,file_missing,
s010833,False,False,False,False,False,0,file_missing,
s010834,False,False,False,False,False,0,file_missing,
s010835,False,False,False,False,False,0,file_missing,
s010836,False,False,False,False,False,0,file_missing,
s010837,False,False,False,False,False,0,file_missing,
s010838,False,False,False,False,False,0,file_missing,
s010839,False,False,False,False,False,0,file_missing,
s010840,False,False,False,False,False,0,file_missing,
s010841,False,False,False,False,False,0,file_missing,
s010842,False,False,False,False,False,0,file_missing,
s010843,False,False,False,False,False,0,file_missing,
s010844,True,True,True,False,False,0,file_missing,
s010845,True,True,True,False,False,0,file_missing,
s010846,False,False,False,False,False,0,file_missing,
s010847,False,False,False,False,False,0,file_missing,
s010848,False,False,False,False,False,0,file_missing,
s010849,False,False,False,False,False,0,file_missing,
s010850,False,False,False,False,False,0,file_missing,
s010851,False,False,False,False,False,0,file_missing,
s010852,False,False,False,False,False,0,file_missing,
s010853,False,False,False,False,False,0,file_missing,
s010854,False,False,False,False,False,0,file_missing,
s010855,False,False,False,False,False,0,file_missing,
s010856,False,False,False,False,False,0,file_missing,
s010857,False,False,False,False,False,0,file_missing,
s010858,False,False,False,False,False,0,file_missing,
s010859,False,False,False,False,False,0,file_missing,
s010860,False,False,False,False,False,0,file_missing,
s010861,False,False,False,False,False,0,file_missing,
s010862,False,False,False,False,False,0,file_missing,
s010863,False,False,False,False,False,0,file_missing,
s010864,False,False,False,False,False,0,file_missing,
s010865,False,False,False,False,False,0,file_missing,
s010866,False,False,False,False,False,0,file_missing,
s010867,False,False,False,False,False,0,file_missing,
s010868,False,False,False,False,False,0,file_missing,
s010869,False,True,False,False,False,0,file_missing,
s010870,True,True,True,False,False,0,file_missing,
s010871,True,True,True,False,False,0,file_missing,
s010872,False,False,False,False,False,0,file_missing,
s010873,True,True,True,False,False,0,file_missing,
s010874,True,True,True,False,False,0,file_missing,
s010875,False,False,False,False,False,0,file_missing,
s010876,False,False,False,False,False,0,file_missing,
s010877,True,True,True,False,False,0,file_missing,
s010878,False,False,False,False,False,0,file_missing,
s010879,False,False,False,False,False,0,file_missing,
s010880,False,False,False,False,False,0,file_missing,
s010881,True,True,True,False,False,0,file_missing,
s010882,False,False,False,False,False,0,file_missing,
s010883,False,False,False,False,False,0,file_missing,
s010884,False,False,False,False,False,0,file_missing,
s010885,False,False,False,False,False,0,file_missing,
s010886,False,False,False,False,False,0,file_missing,
s010887,False,False,False,False,False,0,file_missing,
s010888,False,False,False,False,False,0,file_missing,
s010889,False,False,False,False,False,0,file_missing,
s010890,False,False,False,False,False,0,file_missing,
s010891,False,False,False,False,False,0,file_missing,
s010892,False,False,False,False,False,0,file_missing,
s010893,False,False,False,False,False,0,file_missing,
s010894,False,False,False,False,False,0,file_missing,
s010895,False,False,False,False,False,0,file_missing,
s010896,False,False,False,False,False,0,file_missing,
s010897,False,False,False,False,False,0,file_missing,
s010898,False,False,False,False,False,0,file_missing,
s010899,False,False,False,False,False,0,file_missing,
s010900,False,False,False,False,False,0,file_missing,
s010901,False,False,False,False,False,0,file_missing,
s010902,False,False,False,False,False,0,file_missing,
s010903,False,False,False,False,False,0,file_missing,
s010904,False,False,False,False,False,0,file_missing,
s010905,False,False,False,False,False,0,file_missing,
s010906,False,False,False,False,False,0,file_missing,
s010907,False,False,False,False,False,0,file_missing,
s010908,True,True,False,False,False,0,file_missing,
s010909,False,False,False,False,False,0,file_missing,
s010910,False,False,False,False,False,0,file_missing,
s010911,False,False,False,False,False,0,file_missing,
s010912,False,False,False,False,False,0,file_missing,
s010913,False,False,False,False,False,0,file_missing,
s010914,False,False,False,False,False,0,file_missing,
s010915,False,False,False,False,False,0,file_missing,
s010916,True,True,True,False,False,0,file_missing,
s010917,False,False,False,False,False,0,file_missing,
s010918,False,False,False,False,False,0,file_missing,
s010919,False,False,False,False,False,0,file_missing,
s010920,False,False,False,False,False,0,file_missing,
s010921,False,False,False,False,False,0,file_missing,
s010922,False,False,False,False,False,0,file_missing,
s010923,False,False,False,False,False,0,file_missing,
s010924,True,True,True,False,False,0,file_missing,
s010925,False,False,False,False,False,0,file_missing,
s010926,False,False,False,False,False,0,file_missing,
s010927,False,False,False,False,False,0,file_missing,
s010928,False,False,False,False,False,0,file_missing,
s010929,False,False,False,False,False,0,file_missing,
s010930,True,True,True,False,False,0,file_missing,
s010931,False,False,False,False,False,0,file_missing,
s010932,False,False,False,False,False,0,file_missing,
s010933,True,True,True,False,False,0,file_missing,
s010934,True,True,True,False,False,0,file_missing,
s010935,False,False,False,False,False,0,file_missing,
s010936,False,False,False,False,False,0,file_missing,
s010937,False,False,False,False,False,0,file_missing,
s010938,False,False,False,False,False,0,file_missing,
s010939,False,False,False,False,False,0,file_missing,
s010940,True,True,True,False,False,0,file_missing,
s010941,True,True,True,False,False,0,file_missing,
s010942,True,True,True,False,False,0,file_missing,
s010943,False,False,False,False,False,0,file_missing,
s010944,False,False,False,False,False,0,file_missing,
s010945,False,False,False,False,False,0,file_missing,
s010946,False,False,False,False,False,0,file_missing,
s010947,False,False,False,False,False,0,file_missing,
s010948,True,True,True,False,False,0,file_missing,
s010949,False,False,False,False,False,0,file_missing,
s010950,True,True,True,False,False,0,file_missing,
s010951,False,False,False,False,False,0,file_missing,
s010952,False,False,False,False,False,0,file_missing,
s010953,False,False,False,False,False,0,file_missing,
s010954,True,True,True,False,False,0,file_missing,
s010955,True,True,True,False,False,0,file_missing,
s010956,False,False,False,False,False,0,file_missing,
s010957,False,False,False,False,False,0,file_missing,
s010958,False,False,False,False,False,0,file_missing,
s010959,False,False,False,False,False,0,file_missing,
s010960,False,False,False,False,False,0,file_missing,
s010961,False,False,False,False,False,0,file_missing,
s010962,False,False,False,False,False,0,file_missing,
s010963,True,True,True,False,False,0,file_missing,
s010964,True,True,True,False,False,0,file_missing,
s010965,True,True,True,False,False,0,file_missing,
s010966,True,True,True,False,False,0,file_missing,
s010967,True,True,True,False,False,0,file_missing,
s010968,True,True,True,False,False,0,file_missing,
s010969,True,True,True,False,False,0,file_missing,
s010970,True,True,True,False,False,0,file_missing,
s010971,True,True,True,False,False,0,file_missing,
s010972,True,True,True,False,False,0,file_missing,
s010973,True,True,True,False,False,0,file_missing,
s010974,True,True,True,False,False,0,file_missing,
s010975,True,True,True,False,False,0,file_missing,
s010976,False,False,False,False,False,0,file_missing,
s010977,True,True,True,False,False,0,file_missing,
s010978,True,True,True,False,False,0,file_missing,
s010979,True,True,False,False,False,0,file_missing,
s010980,True,True,True,False,False,0,file_missing,
s010981,True,True,True,False,False,0,file_missing,
s010982,True,True,True,False,False,0,file_missing,
s010983,True,True,True,False,False,0,file_missing,
s010984,True,True,True,False,False,0,file_missing,
s010985,True,True,True,False,False,0,file_missing,
s010986,True,True,True,False,False,0,file_missing,
s010987,True,True,True,False,False,0,file_missing,
s010988,True,True,True,False,False,0,file_missing,
s010989,False,True,False,False,False,0,file_missing,
s010990,True,True,True,False,False,0,file_missing,
s010991,True,True,True,False,False,0,file_missing,
s010992,True,True,True,False,False,0,file_missing,
s010993,True,True,True,False,False,0,file_missing,
s010994,True,True,True,False,False,0,file_missing,
s010995,True,True,True,False,False,0,file_missing,
s010996,True,True,True,False,False,0,file_missing,
s010997,True,True,True,False,False,0,file_missing,
s010998,True,True,True,False,False,0,file_missing,
s010999,True,True,True,False,False,0,file_missing,
s011000,True,True,True,False,False,0,file_missing,
s011001,True,True,True,False,False,0,file_missing,
s011002,True,True,True,False,False,0,file_missing,
s011003,True,True,True,False,False,0,file_missing,
s011004,True,True,True,False,False,0,file_missing,
s011005,True,True,True,False,False,0,file_missing,
s011006,True,True,True,False,False,0,file_missing,
s011007,True,True,True,False,False,0,file_missing,
s011008,True,True,True,False,False,0,file_missing,
s011009,True,True,True,False,False,0,file_missing,
s011010,True,True,True,False,False,0,file_missing,
s011011,True,True,True,False,False,0,file_missing,
s011012,True,True,True,False,False,0,file_missing,
s011013,True,True,True,False,False,0,file_missing,
s011014,True,True,True,False,False,0,file_missing,
s011015,True,True,True,False,False,0,file_missing,
s011016,True,True,True,False,False,0,file_missing,
s011017,True,True,True,False,False,0,file_missing,
s011018,True,True,True,False,False,0,file_missing,
s011019,True,True,True,False,False,0,file_missing,
s011020,True,True,True,False,False,0,file_missing,
s011021,True,True,True,False,False,0,file_missing,
s011022,True,True,True,False,False,0,file_missing,
s011023,True,True,True,False,False,0,file_missing,
s011024,True,True,True,False,False,0,file_missing,
s011025,True,True,True,False,False,0,file_missing,
s011026,True,True,True,False,False,0,file_missing,
s011027,True,True,True,False,False,0,file_missing,
s011028,True,True,True,False,False,0,file_missing,
s011029,True,True,True,False,False,0,file_missing,
s011030,True,True,True,False,False,0,file_missing,
s011031,True,True,True,False,False,0,file_missing,
s011032,True,True,True,False,False,0,file_missing,
s011033,True,True,True,False,False,0,file_missing,
s011034,True,True,True,False,False,0,file_missing,
s011035,True,True,True,False,False,0,file_missing,
s011036,False,False,False,False,False,0,file_missing,
s011037,True,True,True,False,False,0,file_missing,
s011038,True,True,True,False,False,0,file_missing,
s011039,True,True,False,False,False,0,file_missing,
s011040,True,True,True,False,False,0,file_missing,
s011041,True,True,True,False,False,0,file_missing,
s011042,True,True,True,False,False,0,file_missing,
s011043,True,True,True,False,False,0,file_missing,
s011044,True,True,True,False,False,0,file_missing,
s011045,True,True,True,False,False,0,file_missing,
s011046,True,True,True,False,False,0,file_missing,
s011047,True,True,True,False,False,0,file_missing,
s011048,True,True,True,False,False,0,file_missing,
s011049,True,True,True,False,False,0,file_missing,
s011050,True,True,True,False,False,0,file_missing,
s011051,True,True,True,False,False,0,file_missing,
s011052,True,True,True,False,False,0,file_missing,
s011053,True,True,True,False,False,0,file_missing,
s011054,True,True,True,False,False,0,file_missing,
s011055,True,True,True,False,False,0,file_missing,
s011056,True,True,True,False,False,0,file_missing,
s011057,True,True,True,False,False,0,file_missing,
s011058,True,True,True,False,False,0,file_missing,
s011059,True,True,True,False,False,0,file_missing,
s011060,True,True,True,False,False,0,file_missing,
s011061,True,True,True,False,False,0,file_missing,
s011062,True,True,True,False,False,0,file_missing,
s011063,True,True,True,False,False,0,file_missing,
s011064,True,True,True,False,False,0,file_missing,
s011065,True,True,True,False,False,0,file_missing,
s011066,True,True,True,False,False,0,file_missing,
s011067,True,True,True,False,False,0,file_missing,
s011068,True,True,True,False,False,0,file_missing,
s011069,True,True,True,False,False,0,file_missing,
s011070,True,True,True,False,False,0,file_missing,
s011071,True,True,True,False,False,0,file_missing,
s011072,True,True,True,False,False,0,file_missing,
s011073,True,True,True,False,False,0,file_missing,
s011074,True,True,True,False,False,0,file_missing,
s011075,True,True,True,False,False,0,file_missing,
s011076,True,True,True,False,False,0,file_missing,
s011077,True,True,True,False,False,0,file_missing,
s011078,True,True,True,False,False,0,file_missing,
s011079,True,True,True,False,False,0,file_missing,
s011080,True,True,True,False,False,0,file_missing,
s011081,True,True,True,False,False,0,file_missing,
s011082,True,True,True,False,False,0,file_missing,
s011083,True,True,True,False,False,0,file_missing,
s011084,True,True,True,False,False,0,file_missing,
s011085,True,True,True,False,False,0,file_missing,
s011086,True,True,True,False,False,0,file_missing,
s011087,True,True,True,False,False,0,file_missing,
s011088,True,True,True,False,False,0,file_missing,
s011089,True,True,True,False,False,0,file_missing,
s011090,True,True,True,False,False,0,file_missing,
s011091,True,True,True,False,False,0,file_missing,
s011092,True,True,True,False,False,0,file_missing,
s011093,True,True,True,False,False,0,file_missing,
s011094,True,True,True,False,False,0,file_missing,
s011095,True,True,True,False,False,0,file_missing,
s011096,False,False,False,False,False,0,file_missing,
s011097,True,True,True,False,False,0,file_missing,
s011098,True,True,True,False,False,0,file_missing,
s011099,False,False,False,False,False,0,file_missing,
s011100,False,False,False,False,False,0,file_missing,
s011101,False,False,False,False,False,0,file_missing,
s011102,False,False,False,False,False,0,file_missing,
s011103,True,True,True,False,False,0,file_missing,
s011104,False,False,False,False,False,0,file_missing,
s011105,False,False,False,False,False,0,file_missing,
s011106,False,False,False,False,False,0,file_missing,
s011107,False,False,False,False,False,0,file_missing,
s011108,True,True,True,False,False,0,file_missing,
s011109,True,True,True,False,False,0,file_missing,
s011110,False,False,False,False,False,0,file_missing,
s011111,False,False,False,False,False,0,file_missing,
s011112,False,False,False,False,False,0,file_missing,
s011113,False,False,False,False,False,0,file_missing,
s011114,False,False,False,False,False,0,file_missing,
s011115,False,False,False,False,False,0,file_missing,
s011116,False,False,False,False,False,0,file_missing,
s011117,True,True,True,False,False,0,file_missing,
s011118,True,True,True,False,False,0,file_missing,
s011119,False,False,False,False,False,0,file_missing,
s011120,False,False,False,False,False,0,file_missing,
s011121,False,False,False,False,False,0,file_missing,
s011122,False,False,False,False,False,0,file_missing,
s011123,False,False,False,False,False,0,file_missing,
s011124,False,False,False,False,False,0,file_missing,
s011125,False,False,False,False,False,0,file_missing,
s011126,False,False,False,False,False,0,file_missing,
s011127,False,False,False,False,False,0,file_missing,
s011128,False,False,False,False,False,0,file_missing,
s011129,False,False,False,False,False,0,file_missing,
s011130,False,False,False,False,False,0,file_missing,
s011131,False,False,False,False,False,0,file_missing,
s011132,False,False,False,False,False,0,file_missing,
s011133,False,False,False,False,False,0,file_missing,
s011134,False,False,False,False,False,0,file_missing,
s011135,False,False,False,False,False,0,file_missing,
s011136,True,True,True,False,False,0,file_missing,
s011137,False,False,False,False,False,0,file_missing,
s011138,False,False,False,False,False,0,file_missing,
s011139,True,True,True,False,False,0,file_missing,
s011140,False,False,False,False,False,0,file_missing,
s011141,False,False,False,False,False,0,file_missing,
s011142,False,False,False,False,False,0,file_missing,
s011143,False,False,False,False,False,0,file_missing,
s011144,False,False,False,False,False,0,file_missing,
s011145,True,True,True,False,False,0,file_missing,
s011146,False,False,False,False,False,0,file_missing,
s011147,True,True,True,False,False,0,file_missing,
s011148,False,False,False,False,False,0,file_missing,
s011149,False,False,False,False,False,0,file_missing,
s011150,False,False,False,False,False,0,file_missing,
s011151,False,False,False,False,False,0,file_missing,
s011152,False,False,False,False,False,0,file_missing,
s011153,False,False,False,False,False,0,file_missing,
s011154,False,False,False,False,False,0,file_missing,
s011155,False,False,False,False,False,0,file_missing,
s011156,False,False,False,False,False,0,file_missing,
s011157,False,False,False,False,False,0,file_missing,
s011158,False,False,False,False,False,0,file_missing,
s011159,False,False,False,False,False,0,file_missing,
s011160,False,False,False,False,False,0,file_missing,
s011161,False,False,False,False,False,0,file_missing,
s011162,False,False,False,False,False,0,file_missing,
s011163,False,False,False,False,False,0,file_missing,
s011164,False,False,False,False,False,0,file_missing,
s011165,False,False,False,False,False,0,file_missing,
s011166,False,False,False,False,False,0,file_missing,
s011167,False,False,False,False,False,0,file_missing,
s011168,False,False,False,False,False,0,file_missing,
s011169,False,False,False,False,False,0,file_missing,
s011170,False,False,False,False,False,0,file_missing,
s011171,False,False,False,False,False,0,file_missing,
s011172,False,False,False,False,False,0,file_missing,
s011173,False,False,False,False,False,0,file_missing,
s011174,False,False,False,False,False,0,file_missing,
s011175,False,False,False,False,False,0,file_missing,
s011176,False,False,False,False,False,0,file_missing,
s011177,False,False,False,False,False,0,file_missing,
s011178,False,False,False,False,False,0,file_missing,
s011179,False,False,False,False,False,0,file_missing,
s011180,False,False,False,False,False,0,file_missing,
s011181,False,False,False,False,False,0,file_missing,
s011182,False,False,False,False,False,0,file_missing,
s011183,False,False,False,False,False,0,file_missing,
s011184,False,False,False,False,False,0,file_missing,
s011185,False,False,False,False,False,0,file_missing,
s011186,False,False,False,False,False,0,file_missing,
s011187,False,False,False,False,False,0,file_missing,
s011188,False,False,False,False,False,0,file_missing,
s011189,False,False,False,False,False,0,file_missing,
s011190,False,False,False,False,False,0,file_missing,
s011191,False,False,False,False,False,0,file_missing,
s011192,False,False,False,False,False,0,file_missing,
s011193,False,False,False,False,False,0,file_missing,
s011194,False,False,False,False,False,0,file_missing,
s011195,False,False,False,False,False,0,file_missing,
s011196,False,False,False,False,False,0,file_missing,
s011197,False,False,False,False,False,0,file_missing,
s011198,False,False,False,False,False,0,file_missing,
s011199,False,False,False,False,False,0,file_missing,
s011200,False,False,False,False,False,0,file_missing,
s011201,False,False,False,False,False,0,file_missing,
s011202,False,False,False,False,False,0,file_missing,
s011203,False,False,False,False,False,0,file_missing,
s011204,False,False,False,False,False,0,file_missing,
s011205,False,False,False,False,False,0,file_missing,
s011206,False,False,False,False,False,0,file_missing,
s011207,False,False,False,False,False,0,file_missing,
s011208,False,False,False,False,False,0,file_missing,
s011209,False,False,False,False,False,0,file_missing,
s011210,False,False,False,False,False,0,file_missing,
s011211,False,False,False,False,False,0,file_missing,
s011212,False,False,False,False,False,0,file_missing,
s011213,False,False,False,False,False,0,file_missing,
s011214,False,False,False,False,False,0,file_missing,
s011215,False,False,False,False,False,0,file_missing,
s011216,False,False,False,False,False,0,file_missing,
s011217,False,False,False,False,False,0,file_missing,
s011218,False,False,False,False,False,0,file_missing,
s011219,False,False,False,False,False,0,file_missing,
s011220,False,False,False,False,False,0,file_missing,
s011221,False,False,False,False,False,0,file_missing,
s011222,False,False,False,False,False,0,file_missing,
s011223,False,False,False,False,False,0,file_missing,
s011224,False,False,False,False,False,0,file_missing,
s011225,False,False,False,False,False,0,file_missing,
s011226,False,False,False,False,False,0,file_missing,
s011227,False,False,False,False,False,0,file_missing,
s011228,False,False,False,False,False,0,file_missing,
s011229,False,False,False,False,False,0,file_missing,
s011230,False,False,False,False,False,0,file_missing,
s011231,False,False,False,False,False,0,file_missing,
s011232,False,False,False,False,False,0,file_missing,
s011233,False,False,False,False,False,0,file_missing,
s011234,False,False,False,False,False,0,file_missing,
s011235,False,False,False,False,False,0,file_missing,
s011236,False,False,False,False,False,0,file_missing,
s011237,False,False,False,False,False,0,file_missing,
s011238,False,False,False,False,False,0,file_missing,
s011239,False,False,False,False,False,0,file_missing,
s011240,False,False,False,False,False,0,file_missing,
s011241,False,False,False,False,False,0,file_missing,
s011242,False,False,False,False,False,0,file_missing,
s011243,False,False,False,False,False,0,file_missing,
s011244,False,False,False,False,False,0,file_missing,
s011245,False,False,False,False,False,0,file_missing,
s011246,False,False,False,False,False,0,file_missing,
s011247,False,False,False,False,False,0,file_missing,
s011248,False,False,False,False,False,0,file_missing,
s011249,False,False,False,False,False,0,file_missing,
s011250,False,False,False,False,False,0,file_missing,
s011251,False,False,False,False,False,0,file_missing,
s011252,False,False,False,False,False,0,file_missing,
s011253,False,False,False,False,False,0,file_missing,
s011254,False,False,False,False,False,0,file_missing,
s011255,False,False,False,False,False,0,file_missing,
s011256,False,False,False,False,False,0,file_missing,
s011257,False,False,False,False,False,0,file_missing,
s011258,False,False,False,False,False,0,file_missing,
s011259,False,False,False,False,False,0,file_missing,
s011260,False,False,False,False,False,0,file_missing,
s011261,False,False,False,False,False,0,file_missing,
s011262,False,False,False,False,False,0,file_missing,
s011263,False,False,False,False,False,0,file_missing,
s011264,False,False,False,False,False,0,file_missing,
s011265,False,False,False,False,False,0,file_missing,
s011266,False,False,False,False,False,0,file_missing,
s011267,False,False,False,False,False,0,file_missing,
s011268,False,False,False,False,False,0,file_missing,
s011269,False,False,False,False,False,0,file_missing,
s011270,False,False,False,False,False,0,file_missing,
s011271,False,False,False,False,False,0,file_missing,
s011272,False,False,False,False,False,0,file_missing,
s011273,False,False,False,False,False,0,file_missing,
s011274,False,False,False,False,False,0,file_missing,
s011275,False,False,False,False,False,0,file_missing,
s011276,False,False,False,False,False,0,file_missing,
s011277,False,False,False,False,False,0,file_missing,
s011278,False,False,False,False,False,0,file_missing,
s011279,False,False,False,False,False,0,file_missing,
s011280,False,False,False,False,False,0,file_missing,
s011281,False,False,False,False,False,0,file_missing,
s011282,False,False,False,False,False,0,file_missing,
s011283,False,False,False,False,False,0,file_missing,
s011284,False,False,False,False,False,0,file_missing,
s011285,False,False,False,False,False,0,file_missing,
s011286,False,False,False,False,False,0,file_missing,
s011287,False,False,False,False,False,0,file_missing,
s011288,False,False,False,False,False,0,file_missing,
s011289,False,False,False,False,False,0,file_missing,
s011290,False,False,False,False,False,0,file_missing,
s011291,False,False,False,False,False,0,file_missing,
s011292,False,False,False,False,False,0,file_missing,
s011293,False,False,False,False,False,0,file_missing,
s011294,False,False,False,False,False,0,file_missing,
s011295,False,False,False,False,False,0,file_missing,
s011296,False,False,False,False,False,0,file_missing,
s011297,False,False,False,False,False,0,file_missing,
s011298,False,False,False,False,False,0,file_missing,
s011299,False,False,False,False,False,0,file_missing,
s011300,False,False,False,False,False,0,file_missing,
s011301,False,False,False,False,False,0,file_missing,
s011302,False,False,False,False,False,0,file_missing,
s011303,False,False,False,False,False,0,file_missing,
s011304,False,False,False,False,False,0,file_missing,
s011305,False,False,False,False,False,0,file_missing,
s011306,False,False,False,False,False,0,file_missing,
s011307,False,False,False,False,False,0,file_missing,
s011308,False,False,False,False,False,0,file_missing,
s011309,False,False,False,False,False,0,file_missing,
s011310,False,False,False,False,False,0,file_missing,
s011311,False,False,False,False,False,0,file_missing,
s011312,False,False,False,False,False,0,file_missing,
s011313,False,False,False,False,False,0,file_missing,
s011314,False,False,False,False,False,0,file_missing,
s011315,False,False,False,False,False,0,file_missing,
s011316,False,False,False,False,False,0,file_missing,
s011317,False,False,False,False,False,0,file_missing,
s011318,False,False,False,False,False,0,file_missing,
s011319,False,False,False,False,False,0,file_missing,
s011320,False,False,False,False,False,0,file_missing,
s011321,False,False,False,False,False,0,file_missing,
s011322,False,False,False,False,False,0,file_missing,
s011323,False,False,False,False,False,0,file_missing,
s011324,False,False,False,False,False,0,file_missing,
s011325,False,False,False,False,False,0,file_missing,
s011326,False,False,False,False,False,0,file_missing,
s011327,False,False,False,False,False,0,file_missing,
s011328,False,False,False,False,False,0,file_missing,
s011329,False,False,False,False,False,0,file_missing,
s011330,False,False,False,False,False,0,file_missing,
s011331,False,False,False,False,False,0,file_missing,
s011332,False,False,False,False,False,0,file_missing,
s011333,False,False,False,False,False,0,file_missing,
s011334,False,False,False,False,False,0,file_missing,
s011335,False,False,False,False,False,0,file_missing,
s011336,False,False,False,False,False,0,file_missing,
s011337,False,False,False,False,False,0,file_missing,
s011338,False,False,False,False,False,0,file_missing,
s011339,False,False,False,False,False,0,file_missing,
s011340,False,False,False,False,False,0,file_missing,
s011341,False,False,False,False,False,0,file_missing,
s011342,False,False,False,False,False,0,file_missing,
s011343,False,False,False,False,False,0,file_missing,
s011344,False,False,False,False,False,0,file_missing,
s011345,False,False,False,False,False,0,file_missing,
s011346,False,False,False,False,False,0,file_missing,
s011347,False,False,False,False,False,0,file_missing,
s011348,False,False,False,False,False,0,file_missing,
s011349,False,False,False,False,False,0,file_missing,
s011350,False,False,False,False,False,0,file_missing,
s011351,False,False,False,False,False,0,file_missing,
s011352,False,False,False,False,False,0,file_missing,
s011353,False,False,False,False,False,0,file_missing,
s011354,False,False,False,False,False,0,file_missing,
s011355,False,False,False,False,False,0,file_missing,
s011356,False,False,False,False,False,0,file_missing,
s011357,False,False,False,False,False,0,file_missing,
s011358,False,False,False,False,False,0,file_missing,
s011359,False,False,False,False,False,0,file_missing,
s011360,False,False,False,False,False,0,file_missing,
s011361,False,False,False,False,False,0,file_missing,
s011362,False,False,False,False,False,0,file_missing,
s011363,False,False,False,False,False,0,file_missing,
s011364,False,False,False,False,False,0,file_missing,
s011365,False,False,False,False,False,0,file_missing,
s011366,False,False,False,False,False,0,file_missing,
s011367,False,False,False,False,False,0,file_missing,
s011368,False,False,False,False,False,0,file_missing,
s011369,False,False,False,False,False,0,file_missing,
s011370,False,False,False,False,False,0,file_missing,
s011371,False,False,False,False,False,0,file_missing,
s011372,False,False,False,False,False,0,file_missing,
s011373,False,False,False,False,False,0,file_missing,
s011374,False,False,False,False,False,0,file_missing,
s011375,False,False,False,False,False,0,file_missing,
s011376,False,False,False,False,False,0,file_missing,
s011377,False,False,False,False,False,0,file_missing,
s011378,False,False,False,False,False,0,file_missing,
s011379,False,False,False,False,False,0,file_missing,
s011380,False,False,False,False,False,0,file_missing,
s011381,False,False,False,False,False,0,file_missing,
s011382,False,False,False,False,False,0,file_missing,
s011383,False,False,False,False,False,0,file_missing,
s011384,False,False,False,False,False,0,file_missing,
s011385,False,False,False,False,False,0,file_missing,
s011386,False,False,False,False,False,0,file_missing,
s011387,False,False,False,False,False,0,file_missing,
s011388,False,False,False,False,False,0,file_missing,
s011389,False,False,False,False,False,0,file_missing,
s011390,False,False,False,False,False,0,file_missing,
s011391,False,False,False,False,False,0,file_missing,
s011392,False,False,False,False,False,0,file_missing,
s011393,False,False,False,False,False,0,file_missing,
s011394,False,False,False,False,False,0,file_missing,
s011395,False,False,False,False,False,0,file_missing,
s011396,False,False,False,False,False,0,file_missing,
s011397,False,False,False,False,False,0,file_missing,
s011398,False,False,False,False,False,0,file_missing,
s011399,False,False,False,False,False,0,file_missing,
s011400,False,False,False,False,False,0,file_missing,
s011401,False,False,False,False,False,0,file_missing,
s011402,False,False,False,False,False,0,file_missing,
s011403,False,False,False,False,False,0,file_missing,
s011404,False,False,False,False,False,0,file_missing,
s011405,False,False,False,False,False,0,file_missing,
s011406,False,False,False,False,False,0,file_missing,
s011407,False,False,False,False,False,0,file_missing,
s011408,False,False,False,False,False,0,file_missing,
s011409,False,False,False,False,False,0,file_missing,
s011410,False,False,False,False,False,0,file_missing,
s011411,False,False,False,False,False,0,file_missing,
s011412,False,False,False,False,False,0,file_missing,
s011413,False,False,False,False,False,0,file_missing,
s011414,False,False,False,False,False,0,file_missing,
s011415,False,False,False,False,False,0,file_missing,
s011416,False,False,False,False,False,0,file_missing,
s011417,False,False,False,False,False,0,file_missing,
s011418,False,False,False,False,False,0,file_missing,
s011419,False,False,False,False,False,0,file_missing,
s011420,False,False,False,False,False,0,file_missing,
s011421,False,False,False,False,False,0,file_missing,
s011422,False,False,False,False,False,0,file_missing,
s011423,False,False,False,False,False,0,file_missing,
s011424,False,False,False,False,False,0,file_missing,
s011425,False,False,False,False,False,0,file_missing,
s011426,False,False,False,False,False,0,file_missing,
s011427,False,False,False,False,False,0,file_missing,
s011428,False,False,False,False,False,0,file_missing,
s011429,False,False,False,False,False,0,file_missing,
s011430,False,False,False,False,False,0,file_missing,
s011431,False,False,False,False,False,0,file_missing,
s011432,False,False,False,False,False,0,file_missing,
s011433,False,False,False,False,False,0,file_missing,
s011434,False,False,False,False,False,0,file_missing,
s011435,False,False,False,False,False,0,file_missing,
s011436,False,False,False,False,False,0,file_missing,
s011437,False,False,False,False,False,0,file_missing,
s011438,False,False,False,False,False,0,file_missing,
s011439,False,False,False,False,False,0,file_missing,
s011440,False,False,False,False,False,0,file_missing,
s011441,False,False,False,False,False,0,file_missing,
s011442,False,False,False,False,False,0,file_missing,
s011443,False,False,False,False,False,0,file_missing,
s011444,False,False,False,False,False,0,file_missing,
s011445,False,False,False,False,False,0,file_missing,
s011446,False,False,False,False,False,0,file_missing,
s011447,False,False,False,False,False,0,file_missing,
s011448,False,False,False,False,False,0,file_missing,
s011449,False,False,False,False,False,0,file_missing,
s011450,False,False,False,False,False,0,file_missing,
s011451,False,False,False,False,False,0,file_missing,
s011452,False,False,False,False,False,0,file_missing,
s011453,False,False,False,False,False,0,file_missing,
s011454,False,False,False,False,False,0,file_missing,
s011455,False,False,False,False,False,0,file_missing,
s011456,False,False,False,False,False,0,file_missing,
s011457,False,False,False,False,False,0,file_missing,
s011458,False,False,False,False,False,0,file_missing,
s011459,False,False,False,False,False,0,file_missing,
s011460,False,False,False,False,False,0,file_missing,
s011461,False,False,False,False,False,0,file_missing,
s011462,False,False,False,False,False,0,file_missing,
s011463,False,False,False,False,False,0,file_missing,
s011464,False,False,False,False,False,0,file_missing,
s011465,False,False,False,False,False,0,file_missing,
s011466,False,False,False,False,False,0,file_missing,
s011467,False,False,False,False,False,0,file_missing,
s011468,False,False,False,False,False,0,file_missing,
s011469,False,False,False,False,False,0,file_missing,
s011470,False,False,False,False,False,0,file_missing,
s011471,False,False,False,False,False,0,file_missing,
s011472,False,False,False,False,False,0,file_missing,
s011473,False,False,False,False,False,0,file_missing,
s011474,False,False,False,False,False,0,file_missing,
s011475,False,False,False,False,False,0,file_missing,
s011476,False,False,False,False,False,0,file_missing,
s011477,False,False,False,False,False,0,file_missing,
s011478,False,False,False,False,False,0,file_missing,
s011479,False,False,False,False,False,0,file_missing,
s011480,False,False,False,False,False,0,file_missing,
s011481,False,False,False,False,False,0,file_missing,
s011482,False,False,False,False,False,0,file_missing,
s011483,False,False,False,False,False,0,file_missing,
s011484,False,False,False,False,False,0,file_missing,
s011485,False,False,False,False,False,0,file_missing,
s011486,False,False,False,False,False,0,file_missing,
s011487,False,False,False,False,False,0,file_missing,
s011488,False,False,False,False,False,0,file_missing,
s011489,False,False,False,False,False,0,file_missing,
s011490,False,False,False,False,False,0,file_missing,
s011491,False,False,False,False,False,0,file_missing,
s011492,False,False,False,False,False,0,file_missing,
s011493,False,False,False,False,False,0,file_missing,
s011494,False,False,False,False,False,0,file_missing,
s011495,False,False,False,False,False,0,file_missing,
s011496,False,False,False,False,False,0,file_missing,
s011497,False,False,False,False,False,0,file_missing,
s011498,False,False,False,False,False,0,file_missing,
s011499,False,False,False,False,False,0,file_missing,
s011500,False,False,False,False,False,0,file_missing,
s011501,False,False,False,False,False,0,file_missing,
s011502,False,False,False,False,False,0,file_missing,
s011503,False,False,False,False,False,0,file_missing,
s011504,False,False,False,False,False,0,file_missing,
s011505,False,False,False,False,False,0,file_missing,
s011506,False,False,False,False,False,0,file_missing,
s011507,False,False,False,False,False,0,file_missing,
s011508,False,False,False,False,False,0,file_missing,
s011509,False,False,False,False,False,0,file_missing,
s011510,False,False,False,False,False,0,file_missing,
s011511,False,False,False,False,False,0,file_missing,
s011512,False,False,False,False,False,0,file_missing,
s011513,False,False,False,False,False,0,file_missing,
s011514,False,False,False,False,False,0,file_missing,
s011515,False,False,False,False,False,0,file_missing,
s011516,False,False,False,False,False,0,file_missing,
s011517,False,False,False,False,False,0,file_missing,
s011518,False,False,False,False,False,0,file_missing,
s011519,False,False,False,False,False,0,file_missing,
s011520,False,False,False,False,False,0,file_missing,
s011521,False,False,False,False,False,0,file_missing,
s011522,False,False,False,False,False,0,file_missing,
s011523,False,False,False,False,False,0,file_missing,
s011524,False,False,False,False,False,0,file_missing,
s011525,False,False,False,False,False,0,file_missing,
s011526,False,False,False,False,False,0,file_missing,
s011527,False,False,False,False,False,0,file_missing,
s011528,False,False,False,False,False,0,file_missing,
s011529,False,False,False,False,False,0,file_missing,
s011530,False,False,False,False,False,0,file_missing,
s011531,False,False,False,False,False,0,file_missing,
s011532,False,False,False,False,False,0,file_missing,
s011533,False,False,False,False,False,0,file_missing,
s011534,False,False,False,False,False,0,file_missing,
s011535,False,False,False,False,False,0,file_missing,
s011536,False,False,False,False,False,0,file_missing,
s011537,False,False,False,False,False,0,file_missing,
s011538,False,False,False,False,False,0,file_missing,
s011539,False,False,False,False,False,0,file_missing,
s011540,False,False,False,False,False,0,file_missing,
s011541,False,False,False,False,False,0,file_missing,
s011542,False,False,False,False,False,0,file_missing,
s011543,False,False,False,False,False,0,file_missing,
s011544,False,False,False,False,False,0,file_missing,
s011545,False,False,False,False,False,0,file_missing,
s011546,False,False,False,False,False,0,file_missing,
s011547,False,False,False,False,False,0,file_missing,
s011548,False,False,False,False,False,0,file_missing,
s011549,False,False,False,False,False,0,file_missing,
s011550,False,False,False,False,False,0,file_missing,
s011551,False,False,False,False,False,0,file_missing,
s011552,False,False,False,False,False,0,file_missing,
s011553,False,False,False,False,False,0,file_missing,
s011554,False,False,False,False,False,0,file_missing,
s011555,False,False,False,False,False,0,file_missing,
s011556,False,False,False,False,False,0,file_missing,
s011557,False,False,False,False,False,0,file_missing,
s011558,False,False,False,False,False,0,file_missing,
s011559,False,False,False,False,False,0,file_missing,
s011560,False,False,False,False,False,0,file_missing,
s011561,False,False,False,False,False,0,file_missing,
s011562,False,False,False,False,False,0,file_missing,
s011563,False,False,False,False,False,0,file_missing,
s011564,False,False,False,False,False,0,file_missing,
s011565,False,False,False,False,False,0,file_missing,
s011566,False,False,False,False,False,0,file_missing,
s011567,False,False,False,False,False,0,file_missing,
s011568,False,False,False,False,False,0,file_missing,
s011569,False,False,False,False,False,0,file_missing,
s011570,False,False,False,False,False,0,file_missing,
s011571,False,False,False,False,False,0,file_missing,
s011572,False,False,False,False,False,0,file_missing,
s011573,False,False,False,False,False,0,file_missing,
s011574,False,False,False,False,False,0,file_missing,
s011575,False,False,False,False,False,0,file_missing,
s011576,False,False,False,False,False,0,file_missing,
s011577,False,False,False,False,False,0,file_missing,
s011578,False,False,False,False,False,0,file_missing,
s011579,False,False,False,False,False,0,file_missing,
s011580,False,False,False,False,False,0,file_missing,
s011581,False,False,False,False,False,0,file_missing,
s011582,False,False,False,False,False,0,file_missing,
s011583,False,False,False,False,False,0,file_missing,
s011584,False,False,False,False,False,0,file_missing,
s011585,False,False,False,False,False,0,file_missing,
s011586,False,False,False,False,False,0,file_missing,
s011587,False,False,False,False,False,0,file_missing,
s011588,False,False,False,False,False,0,file_missing,
s011589,False,False,False,False,False,0,file_missing,
s011590,False,False,False,False,False,0,file_missing,
s011591,False,False,False,False,False,0,file_missing,
s011592,False,False,False,False,False,0,file_missing,
s011593,False,False,False,False,False,0,file_missing,
s011594,False,False,False,False,False,0,file_missing,
s011595,False,False,False,False,False,0,file_missing,
s011596,False,False,False,False,False,0,file_missing,
s011597,False,False,False,False,False,0,file_missing,
s011598,False,False,False,False,False,0,file_missing,
s011599,False,False,False,False,False,0,file_missing,
s011600,False,False,False,False,False,0,file_missing,
s011601,False,False,False,False,False,0,file_missing,
s011602,False,False,False,False,False,0,file_missing,
s011603,False,False,False,False,False,0,file_missing,
s011604,False,False,False,False,False,0,file_missing,
s011605,False,False,False,False,False,0,file_missing,
s011606,False,False,False,False,False,0,file_missing,
s011607,False,False,False,False,False,0,file_missing,
s011608,False,False,False,False,False,0,file_missing,
s011609,False,False,False,False,False,0,file_missing,
s011610,False,False,False,False,False,0,file_missing,
s011611,False,False,False,False,False,0,file_missing,
s011612,False,False,False,False,False,0,file_missing,
s011613,False,False,False,False,False,0,file_missing,
s011614,False,False,False,False,False,0,file_missing,
s011615,False,False,False,False,False,0,file_missing,
s011616,False,False,False,False,False,0,file_missing,
s011617,False,False,False,False,False,0,file_missing,
s011618,False,False,False,False,False,0,file_missing,
s011619,False,False,False,False,False,0,file_missing,
s011620,False,False,False,False,False,0,file_missing,
s011621,False,False,False,False,False,0,file_missing,
s011622,False,False,False,False,False,0,file_missing,
s011623,False,False,False,False,False,0,file_missing,
s011624,False,False,False,False,False,0,file_missing,
s011625,False,False,False,False,False,0,file_missing,
s011626,False,False,False,False,False,0,file_missing,
s011627,False,False,False,False,False,0,file_missing,
s011628,False,False,False,False,False,0,file_missing,
s011629,False,False,False,False,False,0,file_missing,
s011630,False,False,False,False,False,0,file_missing,
s011631,False,False,False,False,False,0,file_missing,
s011632,False,False,False,False,False,0,file_missing,
s011633,False,False,False,False,False,0,file_missing,
s011634,False,False,False,False,False,0,file_missing,
s011635,False,False,False,False,False,0,file_missing,
s011636,False,False,False,False,False,0,file_missing,
s011637,False,False,False,False,False,0,file_missing,
s011638,False,False,False,False,False,0,file_missing,
s011639,False,False,False,False,False,0,file_missing,
s011640,False,False,False,False,False,0,file_missing,
s011641,False,False,False,False,False,0,file_missing,
s011642,False,False,False,False,False,0,file_missing,
s011643,True,True,True,False,False,0,file_missing,
s011644,False,False,False,False,False,0,file_missing,
s011645,False,False,False,False,False,0,file_missing,
s011646,False,False,False,False,False,0,file_missing,
s011647,False,False,False,False,False,0,file_missing,
s011648,False,False,False,False,False,0,file_missing,
s011649,False,False,False,False,False,0,file_missing,
s011650,False,False,False,False,False,0,file_missing,
s011651,False,False,False,False,False,0,file_missing,
s011652,False,False,False,False,False,0,file_missing,
s011653,False,False,False,False,False,0,file_missing,
s011654,False,False,False,False,False,0,file_missing,
s011655,False,False,False,False,False,0,file_missing,
s011656,False,False,False,False,False,0,file_missing,
s011657,False,False,False,False,False,0,file_missing,
s011658,False,False,False,False,False,0,file_missing,
s011659,False,False,False,False,False,0,file_missing,
s011660,False,False,False,False,False,0,file_missing,
s011661,True,True,True,False,False,0,file_missing,
s011662,True,True,True,False,False,0,file_missing,
s011663,True,True,True,False,False,0,file_missing,
s011664,True,True,True,False,False,0,file_missing,
s011665,False,False,False,False,False,0,file_missing,
s011666,False,False,False,False,False,0,file_missing,
s011667,False,False,False,False,False,0,file_missing,
s011668,False,False,False,False,False,0,file_missing,
s011669,False,False,False,False,False,0,file_missing,
s011670,False,False,False,False,False,0,file_missing,
s011671,False,False,False,False,False,0,file_missing,
s011672,False,False,False,False,False,0,file_missing,
s011673,False,False,False,False,False,0,file_missing,
s011674,True,True,True,False,False,0,file_missing,
s011675,True,True,True,False,False,0,file_missing,
s011676,True,True,True,False,False,0,file_missing,
s011677,False,False,False,False,False,0,file_missing,
s011678,False,False,False,False,False,0,file_missing,
s011679,False,False,False,False,False,0,file_missing,
s011680,False,False,False,False,False,0,file_missing,
s011681,False,False,False,False,False,0,file_missing,
s011682,True,True,True,False,False,0,file_missing,
s011683,False,False,False,False,False,0,file_missing,
s011684,False,False,False,False,False,0,file_missing,
s011685,False,False,False,False,False,0,file_missing,
s011686,True,True,True,False,False,0,file_missing,
s011687,True,True,True,False,False,0,file_missing,
s011688,False,False,False,False,False,0,file_missing,
s011689,False,False,False,False,False,0,file_missing,
s011690,False,False,False,False,False,0,file_missing,
s011691,False,False,False,False,False,0,file_missing,
s011692,True,True,True,False,False,0,file_missing,
s011693,False,False,False,False,False,0,file_missing,
s011694,False,False,False,False,False,0,file_missing,
s011695,False,False,False,False,False,0,file_missing,
s011696,False,False,False,False,False,0,file_missing,
s011697,False,False,False,False,False,0,file_missing,
s011698,False,False,False,False,False,0,file_missing,
s011699,True,True,True,False,False,0,file_missing,
s011700,True,True,True,False,False,0,file_missing,
s011701,True,True,True,False,False,0,file_missing,
s011702,True,True,True,False,False,0,file_missing,
s011703,False,False,False,False,False,0,file_missing,
s011704,False,False,False,False,False,0,file_missing,
s011705,False,False,False,False,False,0,file_missing,
s011706,False,False,False,False,False,0,file_missing,
s011707,False,False,False,False,False,0,file_missing,
s011708,False,False,False,False,False,0,file_missing,
s011709,False,False,False,False,False,0,file_missing,
s011710,False,False,False,False,False,0,file_missing,
s011711,True,True,True,False,False,0,file_missing,
s011712,False,False,False,False,False,0,file_missing,
s011713,True,True,True,False,False,0,file_missing,
s011714,False,False,False,False,False,0,file_missing,
s011715,True,True,True,False,False,0,file_missing,
s011716,False,False,False,False,False,0,file_missing,
s011717,False,False,False,False,False,0,file_missing,
s011718,False,False,False,False,False,0,file_missing,
s011719,False,False,False,False,False,0,file_missing,
s011720,False,False,False,False,False,0,file_missing,
s011721,False,False,False,False,False,0,file_missing,
s011722,False,False,False,False,False,0,file_missing,
s011723,True,True,True,False,False,0,file_missing,
s011724,True,True,True,False,False,0,file_missing,
s011725,False,False,False,False,False,0,file_missing,
s011726,False,False,False,False,False,0,file_missing,
s011727,False,False,False,False,False,0,file_missing,
s011728,False,False,False,False,False,0,file_missing,
s011729,True,True,True,False,False,0,file_missing,
s011730,True,True,True,False,False,0,file_missing,
s011731,True,True,True,False,False,0,file_missing,
s011732,True,True,True,False,False,0,file_missing,
s011733,True,True,True,False,False,0,file_missing,
s011734,True,True,True,False,False,0,file_missing,
s011735,True,True,True,False,False,0,file_missing,
s011736,False,False,False,False,False,0,file_missing,
s011737,False,False,False,False,False,0,file_missing,
s011738,False,False,False,False,False,0,file_missing,
s011739,False,False,False,False,False,0,file_missing,
s011740,False,False,False,False,False,0,file_missing,
s011741,False,False,False,False,False,0,file_missing,
s011742,False,False,False,False,False,0,file_missing,
s011743,False,False,False,False,False,0,file_missing,
s011744,False,False,False,False,False,0,file_missing,
s011745,False,False,False,False,False,0,file_missing,
s011746,False,False,False,False,False,0,file_missing,
s011747,False,False,False,False,False,0,file_missing,
s011748,False,False,False,False,False,0,file_missing,
s011749,False,False,False,False,False,0,file_missing,
s011750,False,False,False,False,False,0,file_missing,
s011751,False,False,False,False,False,0,file_missing,
s011752,False,False,False,False,False,0,file_missing,
s011753,False,False,False,False,False,0,file_missing,
s011754,False,False,False,False,False,0,file_missing,
s011755,False,False,False,False,False,0,file_missing,
s011756,False,False,False,False,False,0,file_missing,
s011757,False,False,False,False,False,0,file_missing,
s011758,False,False,False,False,False,0,file_missing,
s011759,False,False,False,False,False,0,file_missing,
s011760,False,False,False,False,False,0,file_missing,
s011761,False,False,False,False,False,0,file_missing,
s011762,False,False,False,False,False,0,file_missing,
s011763,False,False,False,False,False,0,file_missing,
s011764,False,False,False,False,False,0,file_missing,
s011765,False,False,False,False,False,0,file_missing,
s011766,False,False,False,False,False,0,file_missing,
s011767,False,False,False,False,False,0,file_missing,
s011768,False,False,False,False,False,0,file_missing,
s011769,False,False,False,False,False,0,file_missing,
s011770,False,False,False,False,False,0,file_missing,
s011771,False,False,False,False,False,0,file_missing,
s011772,False,False,False,False,False,0,file_missing,
s011773,False,False,False,False,False,0,file_missing,
s011774,False,False,False,False,False,0,file_missing,
s011775,False,False,False,False,False,0,file_missing,
s011776,False,False,False,False,False,0,file_missing,
s011777,False,False,False,False,False,0,file_missing,
s011778,False,False,False,False,False,0,file_missing,
s011779,False,False,False,False,False,0,file_missing,
s011780,False,False,False,False,False,0,file_missing,
s011781,False,False,False,False,False,0,file_missing,
s011782,False,False,False,False,False,0,file_missing,
s011783,False,False,False,False,False,0,file_missing,
s011784,False,False,False,False,False,0,file_missing,
s011785,False,False,False,False,False,0,file_missing,
s011786,False,False,False,False,False,0,file_missing,
s011787,False,False,False,False,False,0,file_missing,
s011788,False,False,False,False,False,0,file_missing,
s011789,False,False,False,False,False,0,file_missing,
s011790,False,False,False,False,False,0,file_missing,
s011791,False,False,False,False,False,0,file_missing,
s011792,False,False,False,False,False,0,file_missing,
s011793,False,False,False,False,False,0,file_missing,
s011794,False,False,False,False,False,0,file_missing,
s011795,False,False,False,False,False,0,file_missing,
s011796,False,False,False,False,False,0,file_missing,
s011797,False,False,False,False,False,0,file_missing,
s011798,False,False,False,False,False,0,file_missing,
s011799,False,False,False,False,False,0,file_missing,
s011800,False,False,False,False,False,0,file_missing,
s011801,False,False,False,False,False,0,file_missing,
s011802,False,False,False,False,False,0,file_missing,
s011803,False,False,False,False,False,0,file_missing,
s011804,False,False,False,False,False,0,file_missing,
s011805,False,False,False,False,False,0,file_missing,
s011806,False,False,False,False,False,0,file_missing,
s011807,False,False,False,False,False,0,file_missing,
s011808,False,False,False,False,False,0,file_missing,
s011809,False,False,False,False,False,0,file_missing,
s011810,False,False,False,False,False,0,file_missing,
s011811,False,False,False,False,False,0,file_missing,
s011812,False,False,False,False,False,0,file_missing,
s011813,False,False,False,False,False,0,file_missing,
s011814,False,False,False,False,False,0,file_missing,
s011815,False,False,False,False,False,0,file_missing,
s011816,False,False,False,False,False,0,file_missing,
s011817,False,False,False,False,False,0,file_missing,
s011818,False,False,False,False,False,0,file_missing,
s011819,False,False,False,False,False,0,file_missing,
s011820,False,False,False,False,False,0,file_missing,
s011821,False,False,False,False,False,0,file_missing,
s011822,False,False,False,False,False,0,file_missing,
s011823,False,False,False,False,False,0,file_missing,
s011824,False,False,False,False,False,0,file_missing,
s011825,False,False,False,False,False,0,file_missing,
s011826,False,False,False,False,False,0,file_missing,
s011827,False,False,False,False,False,0,file_missing,
s011828,False,False,False,False,False,0,file_missing,
s011829,False,False,False,False,False,0,file_missing,
s011830,False,False,False,False,False,0,file_missing,
s011831,False,False,False,False,False,0,file_missing,
s011832,False,False,False,False,False,0,file_missing,
s011833,False,False,False,False,False,0,file_missing,
s011834,False,False,False,False,False,0,file_missing,
s011835,False,False,False,False,False,0,file_missing,
s011836,False,False,False,False,False,0,file_missing,
s011837,False,False,False,False,False,0,file_missing,
s011838,False,False,False,False,False,0,file_missing,
s011839,False,False,False,False,False,0,file_missing,
s011840,False,False,False,False,False,0,file_missing,
s011841,False,False,False,False,False,0,file_missing,
s011842,False,False,False,False,False,0,file_missing,
s011843,False,False,False,False,False,0,file_missing,
s011844,False,False,False,False,False,0,file_missing,
s011845,False,False,False,False,False,0,file_missing,
s011846,False,False,False,False,False,0,file_missing,
s011847,False,False,False,False,False,0,file_missing,
s011848,False,False,False,False,False,0,file_missing,
s011849,False,False,False,False,False,0,file_missing,
s011850,False,False,False,False,False,0,file_missing,
s011851,False,False,False,False,False,0,file_missing,
s011852,False,False,False,False,False,0,file_missing,
s011853,False,False,False,False,False,0,file_missing,
s011854,False,False,False,False,False,0,file_missing,
s011855,False,False,False,False,False,0,file_missing,
s011856,False,False,False,False,False,0,file_missing,
s011857,False,False,False,False,False,0,file_missing,
s011858,False,False,False,False,False,0,file_missing,
s011859,False,False,False,False,False,0,file_missing,
s011860,False,False,False,False,False,0,file_missing,
s011861,False,False,False,False,False,0,file_missing,
s011862,False,False,False,False,False,0,file_missing,
s011863,False,False,False,False,False,0,file_missing,
s011864,False,False,False,False,False,0,file_missing,
s011865,False,False,False,False,False,0,file_missing,
s011866,False,False,False,False,False,0,file_missing,
s011867,False,False,False,False,False,0,file_missing,
s011868,False,False,False,False,False,0,file_missing,
s011869,False,False,False,False,False,0,file_missing,
s011870,False,False,False,False,False,0,file_missing,
s011871,False,False,False,False,False,0,file_missing,
s011872,False,False,False,False,False,0,file_missing,
s011873,False,False,False,False,False,0,file_missing,
s011874,False,False,False,False,False,0,file_missing,
s011875,False,False,False,False,False,0,file_missing,
s011876,False,False,False,False,False,0,file_missing,
s011877,False,False,False,False,False,0,file_missing,
s011878,False,False,False,False,False,0,file_missing,
s011879,False,False,False,False,False,0,file_missing,
s011880,False,False,False,False,False,0,file_missing,
s011881,False,False,False,False,False,0,file_missing,
s011882,False,False,False,False,False,0,file_missing,
s011883,False,False,False,False,False,0,file_missing,
s011884,False,False,False,False,False,0,file_missing,
s011885,False,False,False,False,False,0,file_missing,
s011886,False,False,False,False,False,0,file_missing,
s011887,False,False,False,False,False,0,file_missing,
s011888,False,False,False,False,False,0,file_missing,
s011889,False,False,False,False,False,0,file_missing,
s011890,False,False,False,False,False,0,file_missing,
s011891,False,False,False,False,False,0,file_missing,
s011892,False,False,False,False,False,0,file_missing,
s011893,False,False,False,False,False,0,file_missing,
s011894,False,False,False,False,False,0,file_missing,
s011895,False,False,False,False,False,0,file_missing,
s011896,False,False,False,False,False,0,file_missing,
s011897,False,False,False,False,False,0,file_missing,
s011898,False,False,False,False,False,0,file_missing,
s011899,False,False,False,False,False,0,file_missing,
s011900,False,False,False,False,False,0,file_missing,
s011901,False,False,False,False,False,0,file_missing,
s011902,False,False,False,False,False,0,file_missing,
s011903,False,False,False,False,False,0,file_missing,
s011904,False,False,False,False,False,0,file_missing,
s011905,False,False,False,False,False,0,file_missing,
s011906,False,False,False,False,False,0,file_missing,
s011907,False,False,False,False,False,0,file_missing,
s011908,False,False,False,False,False,0,file_missing,
s011909,False,False,False,False,False,0,file_missing,
s011910,False,False,False,False,False,0,file_missing,
s011911,False,False,False,False,False,0,file_missing,
s011912,False,False,False,False,False,0,file_missing,
s011913,False,False,False,False,False,0,file_missing,
s011914,False,False,False,False,False,0,file_missing,
s011915,False,False,False,False,False,0,file_missing,
s011916,False,False,False,False,False,0,file_missing,
s011917,False,False,False,False,False,0,file_missing,
s011918,False,False,False,False,False,0,file_missing,
s011919,False,False,False,False,False,0,file_missing,
s011920,False,False,False,False,False,0,file_missing,
s011921,False,False,False,False,False,0,file_missing,
s011922,False,False,False,False,False,0,file_missing,
s011923,False,False,False,False,False,0,file_missing,
s011924,False,False,False,False,False,0,file_missing,
s011925,False,False,False,False,False,0,file_missing,
s011926,False,False,False,False,False,0,file_missing,
s011927,False,False,False,False,False,0,file_missing,
s011928,False,False,False,False,False,0,file_missing,
s011929,False,False,False,False,False,0,file_missing,
s011930,False,False,False,False,False,0,file_missing,
s011931,False,False,False,False,False,0,file_missing,
s011932,False,False,False,False,False,0,file_missing,
s011933,False,False,False,False,False,0,file_missing,
s011934,False,False,False,False,False,0,file_missing,
s011935,False,False,False,False,False,0,file_missing,
s011936,False,False,False,False,False,0,file_missing,
s011937,False,False,False,False,False,0,file_missing,
s011938,False,False,False,False,False,0,file_missing,
s011939,False,False,False,False,False,0,file_missing,
s011940,False,False,False,False,False,0,file_missing,
s011941,False,False,False,False,False,0,file_missing,
s011942,False,False,False,False,False,0,file_missing,
s011943,False,False,False,False,False,0,file_missing,
s011944,False,False,False,False,False,0,file_missing,
s011945,False,False,False,False,False,0,file_missing,
s011946,False,False,False,False,False,0,file_missing,
s011947,False,False,False,False,False,0,file_missing,
s011948,False,False,False,False,False,0,file_missing,
s011949,False,False,False,False,False,0,file_missing,
s011950,False,False,False,False,False,0,file_missing,
s011951,False,False,False,False,False,0,file_missing,
s011952,False,False,False,False,False,0,file_missing,
s011953,False,False,False,False,False,0,file_missing,
s011954,False,False,False,False,False,0,file_missing,
s011955,False,False,False,False,False,0,file_missing,
s011956,False,False,False,False,False,0,file_missing,
s011957,False,False,False,False,False,0,file_missing,
s011958,False,False,False,False,False,0,file_missing,
s011959,False,False,False,False,False,0,file_missing,
s011960,False,False,False,False,False,0,file_missing,
s011961,False,False,False,False,False,0,file_missing,
s011962,False,False,False,False,False,0,file_missing,
s011963,False,False,False,False,False,0,file_missing,
s011964,False,False,False,False,False,0,file_missing,
s011965,False,False,False,False,False,0,file_missing,
s011966,False,False,False,False,False,0,file_missing,
s011967,False,False,False,False,False,0,file_missing,
s011968,False,False,False,False,False,0,file_missing,
s011969,False,False,False,False,False,0,file_missing,
s011970,False,False,False,False,False,0,file_missing,
s011971,False,False,False,False,False,0,file_missing,
s011972,False,False,False,False,False,0,file_missing,
s011973,False,False,False,False,False,0,file_missing,
s011974,False,False,False,False,False,0,file_missing,
s011975,False,False,False,False,False,0,file_missing,
s011976,False,False,False,False,False,0,file_missing,
s011977,False,False,False,False,False,0,file_missing,
s011978,False,False,False,False,False,0,file_missing,
s011979,False,False,False,False,False,0,file_missing,
s011980,False,False,False,False,False,0,file_missing,
s011981,False,False,False,False,False,0,file_missing,
s011982,False,False,False,False,False,0,file_missing,
s011983,False,False,False,False,False,0,file_missing,
s011984,False,False,False,False,False,0,file_missing,
s011985,False,False,False,False,False,0,file_missing,
s011986,False,False,False,False,False,0,file_missing,
s011987,False,False,False,False,False,0,file_missing,
s011988,False,False,False,False,False,0,file_missing,
s011989,False,False,False,False,False,0,file_missing,
s011990,False,False,False,False,False,0,file_missing,
s011991,False,False,False,False,False,0,file_missing,
s011992,False,False,False,False,False,0,file_missing,
s011993,False,False,False,False,False,0,file_missing,
s011994,False,False,False,False,False,0,file_missing,
s011995,False,False,False,False,False,0,file_missing,
s011996,False,False,False,False,False,0,file_missing,
s011997,False,False,False,False,False,0,file_missing,
s011998,False,False,False,False,False,0,file_missing,
s011999,False,False,False,False,False,0,file_missing,
s012000,False,False,False,False,False,0,file_missing,
s012001,False,False,False,False,False,0,file_missing,
s012002,False,False,False,False,False,0,file_missing,
s012003,False,False,False,False,False,0,file_missing,
s012004,False,False,False,False,False,0,file_missing,
s012005,False,False,False,False,False,0,file_missing,
s012006,False,False,False,False,False,0,file_missing,
s012007,False,False,False,False,False,0,file_missing,
s012008,False,False,False,False,False,0,file_missing,
s012009,False,False,False,False,False,0,file_missing,
s012010,False,False,False,False,False,0,file_missing,
s012011,False,False,False,False,False,0,file_missing,
s012012,False,False,False,False,False,0,file_missing,
s012013,False,False,False,False,False,0,file_missing,
s012014,False,False,False,False,False,0,file_missing,
s012015,False,False,False,False,False,0,file_missing,
s012016,False,False,False,False,False,0,file_missing,
s012017,False,False,False,False,False,0,file_missing,
s012018,False,False,False,False,False,0,file_missing,
s012019,False,False,False,False,False,0,file_missing,
s012020,False,False,False,False,False,0,file_missing,
s012021,False,False,False,False,False,0,file_missing,
s012022,False,False,False,False,False,0,file_missing,
s012023,False,False,False,False,False,0,file_missing,
s012024,False,False,False,False,False,0,file_missing,
s012025,False,False,False,False,False,0,file_missing,
s012026,False,False,False,False,False,0,file_missing,
s012027,False,False,False,False,False,0,file_missing,
s012028,False,False,False,False,False,0,file_missing,
s012029,False,False,False,False,False,0,file_missing,
s012030,False,False,False,False,False,0,file_missing,
s012031,False,False,False,False,False,0,file_missing,
s012032,False,False,False,False,False,0,file_missing,
s012033,False,False,False,False,False,0,file_missing,
s012034,False,False,False,False,False,0,file_missing,
s012035,False,False,False,False,False,0,file_missing,
s012036,False,False,False,False,False,0,file_missing,
s012037,False,False,False,False,False,0,file_missing,
s012038,False,False,False,False,False,0,file_missing,
s012039,False,False,False,False,False,0,file_missing,
s012040,False,False,False,False,False,0,file_missing,
s012041,False,False,False,False,False,0,file_missing,
s012042,False,False,False,False,False,0,file_missing,
s012043,False,False,False,False,False,0,file_missing,
s012044,False,False,False,False,False,0,file_missing,
s012045,False,False,False,False,False,0,file_missing,
s012046,False,False,False,False,False,0,file_missing,
s012047,False,False,False,False,False,0,file_missing,
s012048,False,False,False,False,False,0,file_missing,
s012049,False,False,False,False,False,0,file_missing,
s012050,False,False,False,False,False,0,file_missing,
s012051,False,False,False,False,False,0,file_missing,
s012052,False,False,False,False,False,0,file_missing,
s012053,False,False,False,False,False,0,file_missing,
s012054,False,False,False,False,False,0,file_missing,
s012055,False,False,False,False,False,0,file_missing,
s012056,False,False,False,False,False,0,file_missing,
s012057,False,False,False,False,False,0,file_missing,
s012058,False,False,False,False,False,0,file_missing,
s012059,False,False,False,False,False,0,file_missing,
s012060,False,False,False,False,False,0,file_missing,
s012061,False,False,False,False,False,0,file_missing,
s012062,False,False,False,False,False,0,file_missing,
s012063,False,False,False,False,False,0,file_missing,
s012064,False,False,False,False,False,0,file_missing,
s012065,False,False,False,False,False,0,file_missing,
s012066,False,False,False,False,False,0,file_missing,
s012067,False,False,False,False,False,0,file_missing,
s012068,False,False,False,False,False,0,file_missing,
s012069,False,False,False,False,False,0,file_missing,
s012070,False,False,False,False,False,0,file_missing,
s012071,False,False,False,False,False,0,file_missing,
s012072,False,False,False,False,False,0,file_missing,
s012073,False,False,False,False,False,0,file_missing,
s012074,False,False,False,False,False,0,file_missing,
s012075,False,False,False,False,False,0,file_missing,
s012076,False,False,False,False,False,0,file_missing,
s012077,False,False,False,False,False,0,file_missing,
s012078,False,False,False,False,False,0,file_missing,
s012079,False,False,False,False,False,0,file_missing,
s012080,False,False,False,False,False,0,file_missing,
s012081,False,False,False,False,False,0,file_missing,
s012082,False,False,False,False,False,0,file_missing,
s012083,False,False,False,False,False,0,file_missing,
s012084,False,False,False,False,False,0,file_missing,
s012085,False,False,False,False,False,0,file_missing,
s012086,False,False,False,False,False,0,file_missing,
s012087,False,False,False,False,False,0,file_missing,
s012088,False,False,False,False,False,0,file_missing,
s012089,False,False,False,False,False,0,file_missing,
s012090,False,False,False,False,False,0,file_missing,
s012091,False,False,False,False,False,0,file_missing,
s012092,False,False,False,False,False,0,file_missing,
s012093,False,False,False,False,False,0,file_missing,
s012094,False,False,False,False,False,0,file_missing,
s012095,False,False,False,False,False,0,file_missing,
s012096,False,False,False,False,False,0,file_missing,
s012097,False,False,False,False,False,0,file_missing,
s012098,False,False,False,False,False,0,file_missing,
s012099,False,False,False,False,False,0,file_missing,
s012100,False,False,False,False,False,0,file_missing,
s012101,False,False,False,False,False,0,file_missing,
s012102,False,False,False,False,False,0,file_missing,
s012103,False,False,False,False,False,0,file_missing,
s012104,False,False,False,False,False,0,file_missing,
s012105,False,False,False,False,False,0,file_missing,
s012106,False,False,False,False,False,0,file_missing,
s012107,False,False,False,False,False,0,file_missing,
s012108,False,False,False,False,False,0,file_missing,
s012109,False,False,False,False,False,0,file_missing,
s012110,False,False,False,False,False,0,file_missing,
s012111,False,False,False,False,False,0,file_missing,
s012112,False,False,False,False,False,0,file_missing,
s012113,False,False,False,False,False,0,file_missing,
s012114,False,False,False,False,False,0,file_missing,
s012115,False,False,False,False,False,0,file_missing,
s012116,False,False,False,False,False,0,file_missing,
s012117,False,False,False,False,False,0,file_missing,
s012118,False,False,False,False,False,0,file_missing,
s012119,False,False,False,False,False,0,file_missing,
s012120,False,False,False,False,False,0,file_missing,
s012121,False,False,False,False,False,0,file_missing,
s012122,False,False,False,False,False,0,file_missing,
s012123,False,False,False,False,False,0,file_missing,
s012124,False,False,False,False,False,0,file_missing,
s012125,False,False,False,False,False,0,file_missing,
s012126,False,False,False,False,False,0,file_missing,
s012127,False,False,False,False,False,0,file_missing,
s012128,False,False,False,False,False,0,file_missing,
s012129,False,False,False,False,False,0,file_missing,
s012130,False,False,False,False,False,0,file_missing,
s012131,False,False,False,False,False,0,file_missing,
s012132,False,False,False,False,False,0,file_missing,
s012133,False,False,False,False,False,0,file_missing,
s012134,False,False,False,False,False,0,file_missing,
s012135,False,False,False,False,False,0,file_missing,
s012136,False,False,False,False,False,0,file_missing,
s012137,False,False,False,False,False,0,file_missing,
s012138,False,False,False,False,False,0,file_missing,
s012139,False,False,False,False,False,0,file_missing,
s012140,False,False,False,False,False,0,file_missing,
s012141,False,False,False,False,False,0,file_missing,
s012142,False,False,False,False,False,0,file_missing,
s012143,False,False,False,False,False,0,file_missing,
s012144,False,False,False,False,False,0,file_missing,
s012145,False,False,False,False,False,0,file_missing,
s012146,False,False,False,False,False,0,file_missing,
s012147,False,False,False,False,False,0,file_missing,
s012148,False,False,False,False,False,0,file_missing,
s012149,False,False,False,False,False,0,file_missing,
s012150,False,False,False,False,False,0,file_missing,
s012151,False,False,False,False,False,0,file_missing,
s012152,False,False,False,False,False,0,file_missing,
s012153,False,False,False,False,False,0,file_missing,
s012154,False,False,False,False,False,0,file_missing,
s012155,False,False,False,False,False,0,file_missing,
s012156,False,False,False,False,False,0,file_missing,
s012157,False,False,False,False,False,0,file_missing,
s012158,False,False,False,False,False,0,file_missing,
s012159,False,False,False,False,False,0,file_missing,
s012160,False,False,False,False,False,0,file_missing,
s012161,False,False,False,False,False,0,file_missing,
s012162,False,False,False,False,False,0,file_missing,
s012163,False,False,False,False,False,0,file_missing,
s012164,False,False,False,False,False,0,file_missing,
s012165,False,False,False,False,False,0,file_missing,
s012166,False,False,False,False,False,0,file_missing,
s012167,False,False,False,False,False,0,file_missing,
s012168,False,False,False,False,False,0,file_missing,
s012169,False,False,False,False,False,0,file_missing,
s012170,False,False,False,False,False,0,file_missing,
s012171,False,False,False,False,False,0,file_missing,
s012172,False,False,False,False,False,0,file_missing,
s012173,False,False,False,False,False,0,file_missing,
s012174,False,False,False,False,False,0,file_missing,
s012175,False,False,False,False,False,0,file_missing,
s012176,False,False,False,False,False,0,file_missing,
s012177,False,False,False,False,False,0,file_missing,
s012178,False,False,False,False,False,0,file_missing,
s012179,False,False,False,False,False,0,file_missing,
s012180,False,False,False,False,False,0,file_missing,
s012181,False,False,False,False,False,0,file_missing,
s012182,False,False,False,False,False,0,file_missing,
s012183,False,False,False,False,False,0,file_missing,
s012184,False,False,False,False,False,0,file_missing,
s012185,False,False,False,False,False,0,file_missing,
s012186,False,False,False,False,False,0,file_missing,
s012187,False,False,False,False,False,0,file_missing,
s012188,False,False,False,False,False,0,file_missing,
s012189,False,False,False,False,False,0,file_missing,
s012190,False,False,False,False,False,0,file_missing,
s012191,False,False,False,False,False,0,file_missing,
s012192,False,False,False,False,False,0,file_missing,
s012193,False,False,False,False,False,0,file_missing,
s012194,False,False,False,False,False,0,file_missing,
s012195,False,False,False,False,False,0,file_missing,
s012196,False,False,False,False,False,0,file_missing,
s012197,False,False,False,False,False,0,file_missing,
s012198,False,False,False,False,False,0,file_missing,
s012199,False,False,False,False,False,0,file_missing,
s012200,False,False,False,False,False,0,file_missing,
s012201,False,False,False,False,False,0,file_missing,
s012202,False,False,False,False,False,0,file_missing,
s012203,False,False,False,False,False,0,file_missing,
s012204,False,False,False,False,False,0,file_missing,
s012205,False,False,False,False,False,0,file_missing,
s012206,False,False,False,False,False,0,file_missing,
s012207,False,False,False,False,False,0,file_missing,
s012208,False,False,False,False,False,0,file_missing,
s012209,False,False,False,False,False,0,file_missing,
s012210,False,False,False,False,False,0,file_missing,
s012211,False,False,False,False,False,0,file_missing,
s012212,False,False,False,False,False,0,file_missing,
s012213,False,False,False,False,False,0,file_missing,
s012214,False,False,False,False,False,0,file_missing,
s012215,False,False,False,False,False,0,file_missing,
s012216,False,False,False,False,False,0,file_missing,
s012217,False,False,False,False,False,0,file_missing,
s012218,False,False,False,False,False,0,file_missing,
s012219,False,False,False,False,False,0,file_missing,
s012220,False,False,False,False,False,0,file_missing,
s012221,False,False,False,False,False,0,file_missing,
s012222,False,False,False,False,False,0,file_missing,
s012223,False,False,False,False,False,0,file_missing,
s012224,False,False,False,False,False,0,file_missing,
s012225,False,False,False,False,False,0,file_missing,
s012226,False,False,False,False,False,0,file_missing,
s012227,False,False,False,False,False,0,file_missing,
s012228,False,False,False,False,False,0,file_missing,
s012229,False,False,False,False,False,0,file_missing,
s012230,False,False,False,False,False,0,file_missing,
s012231,False,False,False,False,False,0,file_missing,
s012232,False,False,False,False,False,0,file_missing,
s012233,False,False,False,False,False,0,file_missing,
s012234,False,False,False,False,False,0,file_missing,
s012235,False,False,False,False,False,0,file_missing,
s012236,False,False,False,False,False,0,file_missing,
s012237,False,False,False,False,False,0,file_missing,
s012238,False,False,False,False,False,0,file_missing,
s012239,False,False,False,False,False,0,file_missing,
s012240,False,False,False,False,False,0,file_missing,
s012241,False,False,False,False,False,0,file_missing,
s012242,False,False,False,False,False,0,file_missing,
s012243,False,False,False,False,False,0,file_missing,
s012244,False,False,False,False,False,0,file_missing,
s012245,False,False,False,False,False,0,file_missing,
s012246,False,False,False,False,False,0,file_missing,
s012247,False,False,False,False,False,0,file_missing,
s012248,False,False,False,False,False,0,file_missing,
s012249,False,False,False,False,False,0,file_missing,
s012250,False,False,False,False,False,0,file_missing,
s012251,False,False,False,False,False,0,file_missing,
s012252,False,False,False,False,False,0,file_missing,
s012253,False,False,False,False,False,0,file_missing,
s012254,False,False,False,False,False,0,file_missing,
s012255,False,False,False,False,False,0,file_missing,
s012256,False,False,False,False,False,0,file_missing,
s012257,False,False,False,False,False,0,file_missing,
s012258,False,False,False,False,False,0,file_missing,
s012259,False,False,False,False,False,0,file_missing,
s012260,False,False,False,False,False,0,file_missing,
s012261,False,False,False,False,False,0,file_missing,
s012262,False,False,False,False,False,0,file_missing,
s012263,False,False,False,False,False,0,file_missing,
s012264,False,False,False,False,False,0,file_missing,
s012265,False,False,False,False,False,0,file_missing,
s012266,False,False,False,False,False,0,file_missing,
s012267,False,False,False,False,False,0,file_missing,
s012268,False,False,False,False,False,0,file_missing,
s012269,False,False,False,False,False,0,file_missing,
s012270,False,False,False,False,False,0,file_missing,
s012271,False,False,False,False,False,0,file_missing,
s012272,False,False,False,False,False,0,file_missing,
s012273,False,False,False,False,False,0,file_missing,
s012274,False,False,False,False,False,0,file_missing,
s012275,False,False,False,False,False,0,file_missing,
s012276,False,False,False,False,False,0,file_missing,
s012277,False,False,False,False,False,0,file_missing,
s012278,False,False,False,False,False,0,file_missing,
s012279,False,False,False,False,False,0,file_missing,
s012280,False,False,False,False,False,0,file_missing,
s012281,False,False,False,False,False,0,file_missing,
s012282,False,False,False,False,False,0,file_missing,
s012283,False,False,False,False,False,0,file_missing,
s012284,False,False,False,False,False,0,file_missing,
s012285,False,False,False,False,False,0,file_missing,
s012286,False,False,False,False,False,0,file_missing,
s012287,False,False,False,False,False,0,file_missing,
s012288,False,False,False,False,False,0,file_missing,
s012289,False,False,False,False,False,0,file_missing,
s012290,False,False,False,False,False,0,file_missing,
s012291,False,False,False,False,False,0,file_missing,
s012292,False,False,False,False,False,0,file_missing,
s012293,False,False,False,False,False,0,file_missing,
s012294,False,False,False,False,False,0,file_missing,
s012295,False,False,False,False,False,0,file_missing,
s012296,False,False,False,False,False,0,file_missing,
s012297,False,False,False,False,False,0,file_missing,
s012298,False,False,False,False,False,0,file_missing,
s012299,False,False,False,False,False,0,file_missing,
s012300,False,False,False,False,False,0,file_missing,
s012301,False,False,False,False,False,0,file_missing,
s012302,False,False,False,False,False,0,file_missing,
s012303,False,False,False,False,False,0,file_missing,
s012304,False,False,False,False,False,0,file_missing,
s012305,False,False,False,False,False,0,file_missing,
s012306,False,False,False,False,False,0,file_missing,
s012307,False,False,False,False,False,0,file_missing,
s012308,False,False,False,False,False,0,file_missing,
s012309,False,False,False,False,False,0,file_missing,
s012310,False,False,False,False,False,0,file_missing,
s012311,False,False,False,False,False,0,file_missing,
s012312,False,False,False,False,False,0,file_missing,
s012313,False,False,False,False,False,0,file_missing,
s012314,False,False,False,False,False,0,file_missing,
s012315,False,False,False,False,False,0,file_missing,
s012316,False,False,False,False,False,0,file_missing,
s012317,False,False,False,False,False,0,file_missing,
s012318,False,False,False,False,False,0,file_missing,
s012319,False,False,False,False,False,0,file_missing,
s012320,False,False,False,False,False,0,file_missing,
s012321,False,False,False,False,False,0,file_missing,
s012322,False,False,False,False,False,0,file_missing,
s012323,False,False,False,False,False,0,file_missing,
s012324,False,False,False,False,False,0,file_missing,
s012325,False,False,False,False,False,0,file_missing,
s012326,False,False,False,False,False,0,file_missing,
s012327,False,False,False,False,False,0,file_missing,
s012328,False,False,False,False,False,0,file_missing,
s012329,False,False,False,False,False,0,file_missing,
s012330,False,False,False,False,False,0,file_missing,
s012331,False,False,False,False,False,0,file_missing,
s012332,False,False,False,False,False,0,file_missing,
s012333,False,False,False,False,False,0,file_missing,
s012334,False,False,False,False,False,0,file_missing,
s012335,False,False,False,False,False,0,file_missing,
s012336,False,False,False,False,False,0,file_missing,
s012337,False,False,False,False,False,0,file_missing,
s012338,False,False,False,False,False,0,file_missing,
s012339,False,False,False,False,False,0,file_missing,
s012340,False,False,False,False,False,0,file_missing,
s012341,False,False,False,False,False,0,file_missing,
s012342,False,False,False,False,False,0,file_missing,
s012343,False,False,False,False,False,0,file_missing,
s012344,False,False,False,False,False,0,file_missing,
s012345,False,False,False,False,False,0,file_missing,
s012346,False,False,False,False,False,0,file_missing,
s012347,False,False,False,False,False,0,file_missing,
s012348,False,False,False,False,False,0,file_missing,
s012349,False,False,False,False,False,0,file_missing,
s012350,False,False,False,False,False,0,file_missing,
s012351,False,False,False,False,False,0,file_missing,
s012352,False,False,False,False,False,0,file_missing,
s012353,False,False,False,False,False,0,file_missing,
s012354,False,False,False,False,False,0,file_missing,
s012355,False,False,False,False,False,0,file_missing,
s012356,False,False,False,False,False,0,file_missing,
s012357,False,False,False,False,False,0,file_missing,
s012358,False,False,False,False,False,0,file_missing,
s012359,False,False,False,False,False,0,file_missing,
s012360,False,False,False,False,False,0,file_missing,
s012361,False,False,False,False,False,0,file_missing,
s012362,False,False,False,False,False,0,file_missing,
s012363,False,False,False,False,False,0,file_missing,
s012364,False,False,False,False,False,0,file_missing,
s012365,False,False,False,False,False,0,file_missing,
s012366,False,False,False,False,False,0,file_missing,
s012367,False,False,False,False,False,0,file_missing,
s012368,False,False,False,False,False,0,file_missing,
s012369,False,False,False,False,False,0,file_missing,
s012370,False,False,False,False,False,0,file_missing,
s012371,False,False,False,False,False,0,file_missing,
s012372,False,False,False,False,False,0,file_missing,
s012373,False,False,False,False,False,0,file_missing,
s012374,False,False,False,False,False,0,file_missing,
s012375,False,False,False,False,False,0,file_missing,
s012376,False,False,False,False,False,0,file_missing,
s012377,False,False,False,False,False,0,file_missing,
s012378,False,False,False,False,False,0,file_missing,
s012379,False,False,False,False,False,0,file_missing,
s012380,False,False,False,False,False,0,file_missing,
s012381,False,False,False,False,False,0,file_missing,
s012382,False,False,False,False,False,0,file_missing,
s012383,False,False,False,False,False,0,file_missing,
s012384,False,False,False,False,False,0,file_missing,
s012385,False,False,False,False,False,0,file_missing,
s012386,True,True,True,False,False,0,file_missing,
s012387,True,True,True,False,False,0,file_missing,
s012388,True,True,True,False,False,0,file_missing,
s012389,True,True,True,False,False,0,file_missing,
s012390,True,True,True,False,False,0,file_missing,
s012391,True,True,True,False,False,0,file_missing,
s012392,True,True,True,False,False,0,file_missing,
s012393,True,True,True,False,False,0,file_missing,
s012394,True,True,True,False,False,0,file_missing,
s012395,True,True,True,False,False,0,file_missing,
s012396,True,True,True,False,False,0,file_missing,
s012397,True,True,True,False,False,0,file_missing,
s012398,True,True,True,False,False,0,file_missing,
s012399,True,True,True,False,False,0,file_missing,
s012400,True,True,True,False,False,0,file_missing,
s012401,True,True,True,False,False,0,file_missing,
s012402,True,True,True,False,False,0,file_missing,
s012403,True,True,True,False,False,0,file_missing,
s012404,True,True,True,False,False,0,file_missing,
s012405,True,True,True,False,False,0,file_missing,
s012406,True,True,True,False,False,0,file_missing,
s012407,True,True,True,False,False,0,file_missing,
s012408,True,True,True,False,False,0,file_missing,
s012409,True,True,True,False,False,0,file_missing,
s012410,True,True,True,False,False,0,file_missing,
s012411,True,True,True,False,False,0,file_missing,
s012412,True,True,True,False,False,0,file_missing,
s012413,True,True,True,False,False,0,file_missing,
s012414,True,True,True,False,False,0,file_missing,
s012415,True,True,True,False,False,0,file_missing,
s012416,True,True,True,False,False,0,file_missing,
s012417,True,True,True,False,False,0,file_missing,
s012418,True,True,True,False,False,0,file_missing,
s012419,True,True,True,False,False,0,file_missing,
s012420,True,True,True,False,False,0,file_missing,
s012421,True,True,True,False,False,0,file_missing,
s012422,True,True,True,False,False,0,file_missing,
s012423,True,True,True,False,False,0,file_missing,
s012424,True,True,True,False,False,0,file_missing,
s012425,True,True,True,False,False,0,file_missing,
s012426,True,True,True,False,False,0,file_missing,
s012427,True,True,True,False,False,0,file_missing,
s012428,True,True,True,False,False,0,file_missing,
s012429,True,True,True,False,False,0,file_missing,
s012430,True,True,True,False,False,0,file_missing,
s012431,True,True,True,False,False,0,file_missing,
s012432,True,True,True,False,False,0,file_missing,
s012433,False,False,False,False,False,0,file_missing,
s012434,False,False,False,False,False,0,file_missing,
s012435,False,False,False,False,False,0,file_missing,
s012436,False,False,False,False,False,0,file_missing,
s012437,False,False,False,False,False,0,file_missing,
s012438,False,False,False,False,False,0,file_missing,
s012439,False,False,False,False,False,0,file_missing,
s012440,False,False,False,False,False,0,file_missing,
s012441,False,False,False,False,False,0,file_missing,
s012442,False,False,False,False,False,0,file_missing,
s012443,False,False,False,False,False,0,file_missing,
s012444,False,False,False,False,False,0,file_missing,
s012445,False,False,False,False,False,0,file_missing,
s012446,False,False,False,False,False,0,file_missing,
s012447,False,False,False,False,False,0,file_missing,
s012448,False,False,False,False,False,0,file_missing,
s012449,False,False,False,False,False,0,file_missing,
s012450,False,False,False,False,False,0,file_missing,
s012451,False,False,False,False,False,0,file_missing,
s012452,False,False,False,False,False,0,file_missing,
s012453,False,False,False,False,False,0,file_missing,
s012454,False,False,False,False,False,0,file_missing,
s012455,False,False,False,False,False,0,file_missing,
s012456,False,False,False,False,False,0,file_missing,
s012457,False,False,False,False,False,0,file_missing,
s012458,False,False,False,False,False,0,file_missing,
s012459,False,False,False,False,False,0,file_missing,
s012460,False,False,False,False,False,0,file_missing,
s012461,False,False,False,False,False,0,file_missing,
s012462,False,False,False,False,False,0,file_missing,
s012463,False,False,False,False,False,0,file_missing,
s012464,False,False,False,False,False,0,file_missing,
s012465,False,False,False,False,False,0,file_missing,
s012466,False,False,False,False,False,0,file_missing,
s012467,False,False,False,False,False,0,file_missing,
s012468,False,False,False,False,False,0,file_missing,
s012469,False,False,False,False,False,0,file_missing,
s012470,False,False,False,False,False,0,file_missing,
s012471,False,False,False,False,False,0,file_missing,
s012472,False,False,False,False,False,0,file_missing,
s012473,False,False,False,False,False,0,file_missing,
s012474,False,False,False,False,False,0,file_missing,
s012475,False,False,False,False,False,0,file_missing,
s012476,False,False,False,False,False,0,file_missing,
s012477,False,False,False,False,False,0,file_missing,
s012478,False,False,False,False,False,0,file_missing,
s012479,False,False,False,False,False,0,file_missing,
s012480,False,False,False,False,False,0,file_missing,
s012481,False,False,False,False,False,0,file_missing,
s012482,False,False,False,False,False,0,file_missing,
s012483,False,False,False,False,False,0,file_missing,
s012484,False,False,False,False,False,0,file_missing,
s012485,False,False,False,False,False,0,file_missing,
s012486,False,False,False,False,False,0,file_missing,
s012487,False,False,False,False,False,0,file_missing,
s012488,False,False,False,False,False,0,file_missing,
s012489,False,False,False,False,False,0,file_missing,
s012490,False,False,False,False,False,0,file_missing,
s012491,False,False,False,False,False,0,file_missing,
s012492,False,False,False,False,False,0,file_missing,
s012493,False,False,False,False,False,0,file_missing,
s012494,False,False,False,False,False,0,file_missing,
s012495,False,False,False,False,False,0,file_missing,
s012496,False,False,False,False,False,0,file_missing,
s012497,False,False,False,False,False,0,file_missing,
s012498,False,False,False,False,False,0,file_missing,
s012499,False,False,False,False,False,0,file_missing,
s012500,False,False,False,False,False,0,file_missing,
s012501,False,False,False,False,False,0,file_missing,
s012502,False,False,False,False,False,0,file_missing,
s012503,False,False,False,False,False,0,file_missing,
s012504,False,False,False,False,False,0,file_missing,
s012505,False,False,False,False,False,0,file_missing,
s012506,False,False,False,False,False,0,file_missing,
s012507,False,False,False,False,False,0,file_missing,
s012508,False,False,False,False,False,0,file_missing,
s012509,False,False,False,False,False,0,file_missing,
s012510,False,False,False,False,False,0,file_missing,
s012511,False,False,False,False,False,0,file_missing,
s012512,False,False,False,False,False,0,file_missing,
s012513,False,False,False,False,False,0,file_missing,
s012514,False,False,False,False,False,0,file_missing,
s012515,False,False,False,False,False,0,file_missing,
s012516,False,False,False,False,False,0,file_missing,
s012517,False,False,False,False,False,0,file_missing,
s012518,False,False,False,False,False,0,file_missing,
s012519,False,False,False,False,False,0,file_missing,
s012520,False,False,False,False,False,0,file_missing,
s012521,False,False,False,False,False,0,file_missing,
s012522,False,False,False,False,False,0,file_missing,
s012523,False,False,False,False,False,0,file_missing,
s012524,False,False,False,False,False,0,file_missing,
s012525,False,False,False,False,False,0,file_missing,
s012526,False,False,False,False,False,0,file_missing,
s012527,False,False,False,False,False,0,file_missing,
s012528,False,False,False,False,False,0,file_missing,
s012529,False,False,False,False,False,0,file_missing,
s012530,False,False,False,False,False,0,file_missing,
s012531,False,False,False,False,False,0,file_missing,
s012532,False,False,False,False,False,0,file_missing,
s012533,False,False,False,False,False,0,file_missing,
s012534,False,False,False,False,False,0,file_missing,
s012535,False,False,False,False,False,0,file_missing,
s012536,False,False,False,False,False,0,file_missing,
s012537,False,False,False,False,False,0,file_missing,
s012538,False,False,False,False,False,0,file_missing,
s012539,False,False,False,False,False,0,file_missing,
s012540,False,False,False,False,False,0,file_missing,
s012541,False,False,False,False,False,0,file_missing,
s012542,False,False,False,False,False,0,file_missing,
s012543,False,False,False,False,False,0,file_missing,
s012544,False,False,False,False,False,0,file_missing,
s012545,False,False,False,False,False,0,file_missing,
s012546,False,False,False,False,False,0,file_missing,
s012547,False,False,False,False,False,0,file_missing,
s012548,False,False,False,False,False,0,file_missing,
s012549,False,False,False,False,False,0,file_missing,
s012550,False,False,False,False,False,0,file_missing,
s012551,False,False,False,False,False,0,file_missing,
s012552,False,False,False,False,False,0,file_missing,
s012553,False,False,False,False,False,0,file_missing,
s012554,False,False,False,False,False,0,file_missing,
s012555,False,False,False,False,False,0,file_missing,
s012556,False,False,False,False,False,0,file_missing,
s012557,False,False,False,False,False,0,file_missing,
s012558,False,False,False,False,False,0,file_missing,
s012559,False,False,False,False,False,0,file_missing,
s012560,False,False,False,False,False,0,file_missing,
s012561,False,False,False,False,False,0,file_missing,
s012562,False,False,False,False,False,0,file_missing,
s012563,False,False,False,False,False,0,file_missing,
s012564,False,False,False,False,False,0,file_missing,
s012565,False,False,False,False,False,0,file_missing,
s012566,False,False,False,False,False,0,file_missing,
s012567,False,False,False,False,False,0,file_missing,
s012568,False,False,False,False,False,0,file_missing,
s012569,False,False,False,False,False,0,file_missing,
s012570,False,False,False,False,False,0,file_missing,
s012571,False,False,False,False,False,0,file_missing,
s012572,False,False,False,False,False,0,file_missing,
s012573,False,False,False,False,False,0,file_missing,
s012574,False,False,False,False,False,0,file_missing,
s012575,False,False,False,False,False,0,file_missing,
s012576,False,False,False,False,False,0,file_missing,
s012577,False,False,False,False,False,0,file_missing,
s012578,False,False,False,False,False,0,file_missing,
s012579,False,False,False,False,False,0,file_missing,
s012580,False,False,False,False,False,0,file_missing,
s012581,False,False,False,False,False,0,file_missing,
s012582,False,False,False,False,False,0,file_missing,
s012583,False,False,False,False,False,0,file_missing,
s012584,False,False,False,False,False,0,file_missing,
s012585,False,False,False,False,False,0,file_missing,
s012586,False,False,False,False,False,0,file_missing,
s012587,False,False,False,False,False,0,file_missing,
s012588,False,False,False,False,False,0,file_missing,
s012589,False,False,False,False,False,0,file_missing,
s012590,False,False,False,False,False,0,file_missing,
s012591,False,False,False,False,False,0,file_missing,
s012592,False,False,False,False,False,0,file_missing,
s012593,False,False,False,False,False,0,file_missing,
s012594,False,False,False,False,False,0,file_missing,
s012595,False,False,False,False,False,0,file_missing,
s012596,False,False,False,False,False,0,file_missing,
s012597,False,False,False,False,False,0,file_missing,
s012598,False,False,False,False,False,0,file_missing,
s012599,False,False,False,False,False,0,file_missing,
s012600,False,False,False,False,False,0,file_missing,
s012601,False,False,False,False,False,0,file_missing,
s012602,False,False,False,False,False,0,file_missing,
s012603,False,False,False,False,False,0,file_missing,
s012604,False,False,False,False,False,0,file_missing,
s012605,False,False,False,False,False,0,file_missing,
s012606,False,False,False,False,False,0,file_missing,
s012607,False,False,False,False,False,0,file_missing,
s012608,False,False,False,False,False,0,file_missing,
s012609,False,False,False,False,False,0,file_missing,
s012610,False,False,False,False,False,0,file_missing,
s012611,False,False,False,False,False,0,file_missing,
s012612,False,False,False,False,False,0,file_missing,
s012613,False,False,False,False,False,0,file_missing,
s012614,False,False,False,False,False,0,file_missing,
s012615,False,False,False,False,False,0,file_missing,
s012616,False,False,False,False,False,0,file_missing,
s012617,False,False,False,False,False,0,file_missing,
s012618,False,False,False,False,False,0,file_missing,
s012619,False,False,False,False,False,0,file_missing,
s012620,False,False,False,False,False,0,file_missing,
s012621,False,False,False,False,False,0,file_missing,
s012622,False,False,False,False,False,0,file_missing,
s012623,False,False,False,False,False,0,file_missing,
s012624,False,False,False,False,False,0,file_missing,
s012625,False,False,False,False,False,0,file_missing,
s012626,False,False,False,False,False,0,file_missing,
s012627,False,False,False,False,False,0,file_missing,
s012628,False,False,False,False,False,0,file_missing,
s012629,False,False,False,False,False,0,file_missing,
s012630,False,False,False,False,False,0,file_missing,
s012631,False,False,False,False,False,0,file_missing,
s012632,False,False,False,False,False,0,file_missing,
s012633,False,False,False,False,False,0,file_missing,
s012634,False,False,False,False,False,0,file_missing,
s012635,False,False,False,False,False,0,file_missing,
s012636,False,False,False,False,False,0,file_missing,
s012637,False,False,False,False,False,0,file_missing,
s012638,False,False,False,False,False,0,file_missing,
s012639,False,False,False,False,False,0,file_missing,
s012640,False,False,False,False,False,0,file_missing,
s012641,False,False,False,False,False,0,file_missing,
s012642,False,False,False,False,False,0,file_missing,
s012643,False,False,False,False,False,0,file_missing,
s012644,False,False,False,False,False,0,file_missing,
s012645,False,False,False,False,False,0,file_missing,
s012646,False,False,False,False,False,0,file_missing,
s012647,False,False,False,False,False,0,file_missing,
s012648,False,False,False,False,False,0,file_missing,
s012649,False,False,False,False,False,0,file_missing,
s012650,False,False,False,False,False,0,file_missing,
s012651,False,False,False,False,False,0,file_missing,
s012652,False,False,False,False,False,0,file_missing,
s012653,False,False,False,False,False,0,file_missing,
s012654,False,False,False,False,False,0,file_missing,
s012655,False,False,False,False,False,0,file_missing,
s012656,False,False,False,False,False,0,file_missing,
s012657,False,False,False,False,False,0,file_missing,
s012658,False,False,False,False,False,0,file_missing,
s012659,False,False,False,False,False,0,file_missing,
s012660,False,False,False,False,False,0,file_missing,
s012661,False,False,False,False,False,0,file_missing,
s012662,False,False,False,False,False,0,file_missing,
s012663,False,False,False,False,False,0,file_missing,
s012664,False,False,False,False,False,0,file_missing,
s012665,False,False,False,False,False,0,file_missing,
s012666,False,False,False,False,False,0,file_missing,
s012667,False,False,False,False,False,0,file_missing,
s012668,False,False,False,False,False,0,file_missing,
s012669,False,False,False,False,False,0,file_missing,
s012670,False,False,False,False,False,0,file_missing,
s012671,False,False,False,False,False,0,file_missing,
s012672,False,False,False,False,False,0,file_missing,
s012673,False,False,False,False,False,0,file_missing,
s012674,False,False,False,False,False,0,file_missing,
s012675,False,False,False,False,False,0,file_missing,
s012676,False,False,False,False,False,0,file_missing,
s012677,False,False,False,False,False,0,file_missing,
s012678,False,False,False,False,False,0,file_missing,
s012679,False,False,False,False,False,0,file_missing,
s012680,False,False,False,False,False,0,file_missing,
s012681,False,False,False,False,False,0,file_missing,
s012682,False,False,False,False,False,0,file_missing,
s012683,False,False,False,False,False,0,file_missing,
s012684,False,False,False,False,False,0,file_missing,
s012685,False,False,False,False,False,0,file_missing,
s012686,False,False,False,False,False,0,file_missing,
s012687,False,False,False,False,False,0,file_missing,
s012688,False,False,False,False,False,0,file_missing,
s012689,False,False,False,False,False,0,file_missing,
s012690,False,False,False,False,False,0,file_missing,
s012691,False,False,False,False,False,0,file_missing,
s012692,False,False,False,False,False,0,file_missing,
s012693,False,False,False,False,False,0,file_missing,
s012694,False,False,False,False,False,0,file_missing,
s012695,False,False,False,False,False,0,file_missing,
s012696,False,False,False,False,False,0,file_missing,
s012697,False,False,False,False,False,0,file_missing,
s012698,False,False,False,False,False,0,file_missing,
s012699,False,False,False,False,False,0,file_missing,
s012700,False,False,False,False,False,0,file_missing,
s012701,False,False,False,False,False,0,file_missing,
s012702,False,False,False,False,False,0,file_missing,
s012703,False,False,False,False,False,0,file_missing,
s012704,False,False,False,False,False,0,file_missing,
s012705,False,False,False,False,False,0,file_missing,
s012706,False,False,False,False,False,0,file_missing,
s012707,False,False,False,False,False,0,file_missing,
s012708,False,False,False,False,False,0,file_missing,
s012709,False,False,False,False,False,0,file_missing,
s012710,False,False,False,False,False,0,file_missing,
s012711,False,False,False,False,False,0,file_missing,
s012712,False,False,False,False,False,0,file_missing,
s012713,False,False,False,False,False,0,file_missing,
s012714,False,False,False,False,False,0,file_missing,
s012715,False,False,False,False,False,0,file_missing,
s012716,False,False,False,False,False,0,file_missing,
s012717,False,False,False,False,False,0,file_missing,
s012718,False,False,False,False,False,0,file_missing,
s012719,False,False,False,False,False,0,file_missing,
s012720,False,False,False,False,False,0,file_missing,
s012721,False,False,False,False,False,0,file_missing,
s012722,False,False,False,False,False,0,file_missing,
s012723,False,False,False,False,False,0,file_missing,
s012724,False,False,False,False,False,0,file_missing,
s012725,False,False,False,False,False,0,file_missing,
s012726,False,False,False,False,False,0,file_missing,
s012727,False,False,False,False,False,0,file_missing,
s012728,False,False,False,False,False,0,file_missing,
s012729,False,False,False,False,False,0,file_missing,
s012730,False,False,False,False,False,0,file_missing,
s012731,False,False,False,False,False,0,file_missing,
s012732,False,False,False,False,False,0,file_missing,
s012733,False,False,False,False,False,0,file_missing,
s012734,False,False,False,False,False,0,file_missing,
s012735,False,False,False,False,False,0,file_missing,
s012736,False,False,False,False,False,0,file_missing,
s012737,False,False,False,False,False,0,file_missing,
s012738,False,False,False,False,False,0,file_missing,
s012739,False,False,False,False,False,0,file_missing,
s012740,False,False,False,False,False,0,file_missing,
s012741,False,False,False,False,False,0,file_missing,
s012742,False,False,False,False,False,0,file_missing,
s012743,False,False,False,False,False,0,file_missing,
s012744,False,False,False,False,False,0,file_missing,
s012745,False,False,False,False,False,0,file_missing,
s012746,False,False,False,False,False,0,file_missing,
s012747,False,False,False,False,False,0,file_missing,
s012748,False,False,False,False,False,0,file_missing,
s012749,False,False,False,False,False,0,file_missing,
s012750,False,False,False,False,False,0,file_missing,
s012751,False,False,False,False,False,0,file_missing,
s012752,False,False,False,False,False,0,file_missing,
s012753,False,False,False,False,False,0,file_missing,
s012754,False,False,False,False,False,0,file_missing,
s012755,False,False,False,False,False,0,file_missing,
s012756,False,False,False,False,False,0,file_missing,
s012757,False,False,False,False,False,0,file_missing,
s012758,False,False,False,False,False,0,file_missing,
s012759,False,False,False,False,False,0,file_missing,
s012760,False,False,False,False,False,0,file_missing,
s012761,False,False,False,False,False,0,file_missing,
s012762,False,False,False,False,False,0,file_missing,
s012763,False,False,False,False,False,0,file_missing,
s012764,False,False,False,False,False,0,file_missing,
s012765,False,False,False,False,False,0,file_missing,
s012766,False,False,False,False,False,0,file_missing,
s012767,False,False,False,False,False,0,file_missing,
s012768,False,False,False,False,False,0,file_missing,
s012769,False,False,False,False,False,0,file_missing,
s012770,False,False,False,False,False,0,file_missing,
s012771,False,False,False,False,False,0,file_missing,
s012772,False,False,False,False,False,0,file_missing,
s012773,False,False,False,False,False,0,file_missing,
s012774,False,False,False,False,False,0,file_missing,
s012775,False,False,False,False,False,0,file_missing,
s012776,False,False,False,False,False,0,file_missing,
s012777,False,False,False,False,False,0,file_missing,
s012778,False,False,False,False,False,0,file_missing,
s012779,False,False,False,False,False,0,file_missing,
s012780,False,False,False,False,False,0,file_missing,
s012781,False,False,False,False,False,0,file_missing,
s012782,False,False,False,False,False,0,file_missing,
s012783,False,False,False,False,False,0,file_missing,
s012784,False,False,False,False,False,0,file_missing,
s012785,False,False,False,False,False,0,file_missing,
s012786,False,False,False,False,False,0,file_missing,
s012787,False,False,False,False,False,0,file_missing,
s012788,False,False,False,False,False,0,file_missing,
s012789,False,False,False,False,False,0,file_missing,
s012790,False,False,False,False,False,0,file_missing,
s012791,False,False,False,False,False,0,file_missing,
s012792,False,False,False,False,False,0,file_missing,
s012793,False,False,False,False,False,0,file_missing,
s012794,False,False,False,False,False,0,file_missing,
s012795,False,False,False,False,False,0,file_missing,
s012796,False,False,False,False,False,0,file_missing,
s012797,False,False,False,False,False,0,file_missing,
s012798,False,False,False,False,False,0,file_missing,
s012799,False,False,False,False,False,0,file_missing,
s012800,False,False,False,False,False,0,file_missing,
s012801,False,False,False,False,False,0,file_missing,
s012802,False,False,False,False,False,0,file_missing,
s012803,False,False,False,False,False,0,file_missing,
s012804,False,False,False,False,False,0,file_missing,
s012805,False,False,False,False,False,0,file_missing,
s012806,False,False,False,False,False,0,file_missing,
s012807,False,False,False,False,False,0,file_missing,
s012808,False,False,False,False,False,0,file_missing,
s012809,False,False,False,False,False,0,file_missing,
s012810,False,False,False,False,False,0,file_missing,
s012811,False,False,False,False,False,0,file_missing,
s012812,False,False,False,False,False,0,file_missing,
s012813,False,False,False,False,False,0,file_missing,
s012814,False,False,False,False,False,0,file_missing,
s012815,False,False,False,False,False,0,file_missing,
s012816,False,False,False,False,False,0,file_missing,
s012817,False,False,False,False,False,0,file_missing,
s012818,False,False,False,False,False,0,file_missing,
s012819,False,False,False,False,False,0,file_missing,
s012820,False,False,False,False,False,0,file_missing,
s012821,False,False,False,False,False,0,file_missing,
s012822,False,False,False,False,False,0,file_missing,
s012823,False,False,False,False,False,0,file_missing,
s012824,False,False,False,False,False,0,file_missing,
s012825,False,False,False,False,False,0,file_missing,
s012826,False,False,False,False,False,0,file_missing,
s012827,False,False,False,False,False,0,file_missing,
s012828,False,False,False,False,False,0,file_missing,
s012829,False,False,False,False,False,0,file_missing,
s012830,False,False,False,False,False,0,file_missing,
s012831,False,False,False,False,False,0,file_missing,
s012832,False,False,False,False,False,0,file_missing,
s012833,False,False,False,False,False,0,file_missing,
s012834,False,False,False,False,False,0,file_missing,
s012835,False,False,False,False,False,0,file_missing,
s012836,False,False,False,False,False,0,file_missing,
s012837,False,False,False,False,False,0,file_missing,
s012838,False,False,False,False,False,0,file_missing,
s012839,False,False,False,False,False,0,file_missing,
s012840,False,False,False,False,False,0,file_missing,
s012841,False,False,False,False,False,0,file_missing,
s012842,False,False,False,False,False,0,file_missing,
s012843,False,False,False,False,False,0,file_missing,
s012844,False,False,False,False,False,0,file_missing,
s012845,False,False,False,False,False,0,file_missing,
s012846,False,False,False,False,False,0,file_missing,
s012847,False,False,False,False,False,0,file_missing,
s012848,False,False,False,False,False,0,file_missing,
s012849,False,False,False,False,False,0,file_missing,
s012850,False,False,False,False,False,0,file_missing,
s012851,False,False,False,False,False,0,file_missing,
s012852,False,False,False,False,False,0,file_missing,
s012853,False,False,False,False,False,0,file_missing,
s012854,False,False,False,False,False,0,file_missing,
s012855,False,False,False,False,False,0,file_missing,
s012856,False,False,False,False,False,0,file_missing,
s012857,False,False,False,False,False,0,file_missing,
s012858,False,False,False,False,False,0,file_missing,
s012859,False,False,False,False,False,0,file_missing,
s012860,False,False,False,False,False,0,file_missing,
s012861,False,False,False,False,False,0,file_missing,
s012862,False,False,False,False,False,0,file_missing,
s012863,False,False,False,False,False,0,file_missing,
s012864,False,False,False,False,False,0,file_missing,
s012865,False,False,False,False,False,0,file_missing,
s012866,False,False,False,False,False,0,file_missing,
s012867,False,False,False,False,False,0,file_missing,
s012868,False,False,False,False,False,0,file_missing,
s012869,False,False,False,False,False,0,file_missing,
s012870,False,False,False,False,False,0,file_missing,
s012871,False,False,False,False,False,0,file_missing,
s012872,False,False,False,False,False,0,file_missing,
s012873,False,False,False,False,False,0,file_missing,
s012874,False,False,False,False,False,0,file_missing,
s012875,False,False,False,False,False,0,file_missing,
s012876,False,False,False,False,False,0,file_missing,
s012877,False,False,False,False,False,0,file_missing,
s012878,False,False,False,False,False,0,file_missing,
s012879,False,False,False,False,False,0,file_missing,
s012880,False,False,False,False,False,0,file_missing,
s012881,False,False,False,False,False,0,file_missing,
s012882,False,False,False,False,False,0,file_missing,
s012883,False,False,False,False,False,0,file_missing,
s012884,False,False,False,False,False,0,file_missing,
s012885,False,False,False,False,False,0,file_missing,
s012886,False,False,False,False,False,0,file_missing,
s012887,False,False,False,False,False,0,file_missing,
s012888,False,False,False,False,False,0,file_missing,
s012889,False,False,False,False,False,0,file_missing,
s012890,False,False,False,False,False,0,file_missing,
s012891,False,False,False,False,False,0,file_missing,
s012892,False,False,False,False,False,0,file_missing,
s012893,False,False,False,False,False,0,file_missing,
s012894,False,False,False,False,False,0,file_missing,
s012895,False,False,False,False,False,0,file_missing,
s012896,False,False,False,False,False,0,file_missing,
s012897,False,False,False,False,False,0,file_missing,
s012898,False,False,False,False,False,0,file_missing,
s012899,False,False,False,False,False,0,file_missing,
s012900,False,False,False,False,False,0,file_missing,
s012901,False,False,False,False,False,0,file_missing,
s012902,False,False,False,False,False,0,file_missing,
s012903,False,False,False,False,False,0,file_missing,
s012904,False,False,False,False,False,0,file_missing,
s012905,False,False,False,False,False,0,file_missing,
s012906,False,False,False,False,False,0,file_missing,
s012907,False,False,False,False,False,0,file_missing,
s012908,False,False,False,False,False,0,file_missing,
s012909,False,False,False,False,False,0,file_missing,
s012910,False,False,False,False,False,0,file_missing,
s012911,False,False,False,False,False,0,file_missing,
s012912,False,False,False,False,False,0,file_missing,
s012913,False,False,False,False,False,0,file_missing,
s012914,False,False,False,False,False,0,file_missing,
s012915,False,False,False,False,False,0,file_missing,
s012916,False,False,False,False,False,0,file_missing,
s012917,False,False,False,False,False,0,file_missing,
s012918,False,False,False,False,False,0,file_missing,
s012919,False,False,False,False,False,0,file_missing,
s012920,False,False,False,False,False,0,file_missing,
s012921,False,False,False,False,False,0,file_missing,
s012922,False,False,False,False,False,0,file_missing,
s012923,False,False,False,False,False,0,file_missing,
s012924,False,False,False,False,False,0,file_missing,
s012925,False,False,False,False,False,0,file_missing,
s012926,False,False,False,False,False,0,file_missing,
s012927,False,False,False,False,False,0,file_missing,
s012928,False,False,False,False,False,0,file_missing,
s012929,False,False,False,False,False,0,file_missing,
s012930,False,False,False,False,False,0,file_missing,
s012931,False,False,False,False,False,0,file_missing,
s012932,False,False,False,False,False,0,file_missing,
s012933,False,False,False,False,False,0,file_missing,
s012934,False,False,False,False,False,0,file_missing,
s012935,False,False,False,False,False,0,file_missing,
s012936,False,False,False,False,False,0,file_missing,
s012937,False,False,False,False,False,0,file_missing,
s012938,False,False,False,False,False,0,file_missing,
s012939,False,False,False,False,False,0,file_missing,
s012940,False,False,False,False,False,0,file_missing,
s012941,False,False,False,False,False,0,file_missing,
s012942,False,False,False,False,False,0,file_missing,
s012943,False,False,False,False,False,0,file_missing,
s012944,False,False,False,False,False,0,file_missing,
s012945,False,False,False,False,False,0,file_missing,
s012946,False,False,False,False,False,0,file_missing,
s012947,False,False,False,False,False,0,file_missing,
s012948,False,False,False,False,False,0,file_missing,
s012949,False,False,False,False,False,0,file_missing,
s012950,False,False,False,False,False,0,file_missing,
s012951,False,False,False,False,False,0,file_missing,
s012952,False,False,False,False,False,0,file_missing,
s012953,False,False,False,False,False,0,file_missing,
s012954,False,False,False,False,False,0,file_missing,
s012955,False,False,False,False,False,0,file_missing,
s012956,False,False,False,False,False,0,file_missing,
s012957,False,False,False,False,False,0,file_missing,
s012958,False,False,False,False,False,0,file_missing,
s012959,False,False,False,False,False,0,file_missing,
s012960,False,False,False,False,False,0,file_missing,
s012961,False,False,False,False,False,0,file_missing,
s012962,False,False,False,False,False,0,file_missing,
s012963,False,False,False,False,False,0,file_missing,
s012964,False,False,False,False,False,0,file_missing,
s012965,False,False,False,False,False,0,file_missing,
s012966,False,False,False,False,False,0,file_missing,
s012967,False,False,False,False,False,0,file_missing,
s012968,False,False,False,False,False,0,file_missing,
s012969,False,False,False,False,False,0,file_missing,
s012970,False,False,False,False,False,0,file_missing,
s012971,False,False,False,False,False,0,file_missing,
s012972,False,False,False,False,False,0,file_missing,
s012973,False,False,False,False,False,0,file_missing,
s012974,False,False,False,False,False,0,file_missing,
s012975,False,False,False,False,False,0,file_missing,
s012976,False,False,False,False,False,0,file_missing,
s012977,False,False,False,False,False,0,file_missing,
s012978,False,False,False,False,False,0,file_missing,
s012979,False,False,False,False,False,0,file_missing,
s012980,False,False,False,False,False,0,file_missing,
s012981,False,False,False,False,False,0,file_missing,
s012982,False,False,False,False,False,0,file_missing,
s012983,False,False,False,False,False,0,file_missing,
s012984,False,False,False,False,False,0,file_missing,
s012985,False,False,False,False,False,0,file_missing,
s012986,False,False,False,False,False,0,file_missing,
s012987,False,False,False,False,False,0,file_missing,
s012988,False,False,False,False,False,0,file_missing,
s012989,False,False,False,False,False,0,file_missing,
s012990,False,False,False,False,False,0,file_missing,
s012991,False,False,False,False,False,0,file_missing,
s012992,False,False,False,False,False,0,file_missing,
s012993,False,False,False,False,False,0,file_missing,
s012994,False,False,False,False,False,0,file_missing,
s012995,False,False,False,False,False,0,file_missing,
s012996,False,False,False,False,False,0,file_missing,
s012997,False,False,False,False,False,0,file_missing,
s012998,False,False,False,False,False,0,file_missing,
s012999,False,False,False,False,False,0,file_missing,
s013000,False,False,False,False,False,0,file_missing,
s013001,False,False,False,False,False,0,file_missing,
s013002,False,False,False,False,False,0,file_missing,
s013003,False,False,False,False,False,0,file_missing,
s013004,False,False,False,False,False,0,file_missing,
s013005,False,False,False,False,False,0,file_missing,
s013006,False,False,False,False,False,0,file_missing,
s013007,False,False,False,False,False,0,file_missing,
s013008,False,False,False,False,False,0,file_missing,
s013009,False,False,False,False,False,0,file_missing,
s013010,False,False,False,False,False,0,file_missing,
s013011,False,False,False,False,False,0,file_missing,
s013012,False,False,False,False,False,0,file_missing,
s013013,False,False,False,False,False,0,file_missing,
s013014,False,False,False,False,False,0,file_missing,
s013015,False,False,False,False,False,0,file_missing,
s013016,False,False,False,False,False,0,file_missing,
s013017,False,False,False,False,False,0,file_missing,
s013018,False,False,False,False,False,0,file_missing,
s013019,False,False,False,False,False,0,file_missing,
s013020,False,False,False,False,False,0,file_missing,
s013021,False,False,False,False,False,0,file_missing,
s013022,False,False,False,False,False,0,file_missing,
s013023,False,False,False,False,False,0,file_missing,
s013024,False,False,False,False,False,0,file_missing,
s013025,False,False,False,False,False,0,file_missing,
s013026,False,False,False,False,False,0,file_missing,
s013027,False,False,False,False,False,0,file_missing,
s013028,False,False,False,False,False,0,file_missing,
s013029,False,False,False,False,False,0,file_missing,
s013030,False,False,False,False,False,0,file_missing,
s013031,False,False,False,False,False,0,file_missing,
s013032,False,False,False,False,False,0,file_missing,
s013033,False,False,False,False,False,0,file_missing,
s013034,False,False,False,False,False,0,file_missing,
s013035,False,False,False,False,False,0,file_missing,
s013036,False,False,False,False,False,0,file_missing,
s013037,False,False,False,False,False,0,file_missing,
s013038,False,False,False,False,False,0,file_missing,
s013039,False,False,False,False,False,0,file_missing,
s013040,False,False,False,False,False,0,file_missing,
s013041,False,False,False,False,False,0,file_missing,
s013042,False,False,False,False,False,0,file_missing,
s013043,False,False,False,False,False,0,file_missing,
s013044,False,False,False,False,False,0,file_missing,
s013045,False,False,False,False,False,0,file_missing,
s013046,False,False,False,False,False,0,file_missing,
s013047,False,False,False,False,False,0,file_missing,
s013048,False,False,False,False,False,0,file_missing,
s013049,False,False,False,False,False,0,file_missing,
s013050,False,False,False,False,False,0,file_missing,
s013051,False,False,False,False,False,0,file_missing,
s013052,False,False,False,False,False,0,file_missing,
s013053,False,False,False,False,False,0,file_missing,
s013054,False,False,False,False,False,0,file_missing,
s013055,False,False,False,False,False,0,file_missing,
s013056,False,False,False,False,False,0,file_missing,
s013057,False,False,False,False,False,0,file_missing,
s013058,False,False,False,False,False,0,file_missing,
s013059,False,False,False,False,False,0,file_missing,
s013060,False,False,False,False,False,0,file_missing,
s013061,False,False,False,False,False,0,file_missing,
s013062,False,False,False,False,False,0,file_missing,
s013063,False,False,False,False,False,0,file_missing,
s013064,False,False,False,False,False,0,file_missing,
s013065,False,False,False,False,False,0,file_missing,
s013066,False,False,False,False,False,0,file_missing,
s013067,False,False,False,False,False,0,file_missing,
s013068,False,False,False,False,False,0,file_missing,
s013069,False,False,False,False,False,0,file_missing,
s013070,False,False,False,False,False,0,file_missing,
s013071,False,False,False,False,False,0,file_missing,
s013072,False,False,False,False,False,0,file_missing,
s013073,False,False,False,False,False,0,file_missing,
s013074,False,False,False,False,False,0,file_missing,
s013075,False,False,False,False,False,0,file_missing,
s013076,False,False,False,False,False,0,file_missing,
s013077,False,False,False,False,False,0,file_missing,
s013078,False,False,False,False,False,0,file_missing,
s013079,False,False,False,False,False,0,file_missing,
s013080,False,False,False,False,False,0,file_missing,
s013081,False,False,False,False,False,0,file_missing,
s013082,False,False,False,False,False,0,file_missing,
s013083,False,False,False,False,False,0,file_missing,
s013084,False,False,False,False,False,0,file_missing,
s013085,False,False,False,False,False,0,file_missing,
s013086,False,False,False,False,False,0,file_missing,
s013087,False,False,False,False,False,0,file_missing,
s013088,False,False,False,False,False,0,file_missing,
s013089,False,False,False,False,False,0,file_missing,
s013090,False,False,False,False,False,0,file_missing,
s013091,False,False,False,False,False,0,file_missing,
s013092,False,False,False,False,False,0,file_missing,
s013093,False,False,False,False,False,0,file_missing,
s013094,False,False,False,False,False,0,file_missing,
s013095,False,False,False,False,False,0,file_missing,
s013096,False,False,False,False,False,0,file_missing,
s013097,False,False,False,False,False,0,file_missing,
s013098,False,False,False,False,False,0,file_missing,
s013099,False,False,False,False,False,0,file_missing,
s013100,False,False,False,False,False,0,file_missing,
s013101,False,False,False,False,False,0,file_missing,
s013102,False,False,False,False,False,0,file_missing,
s013103,False,False,False,False,False,0,file_missing,
s013104,False,False,False,False,False,0,file_missing,
s013105,False,False,False,False,False,0,file_missing,
s013106,False,False,False,False,False,0,file_missing,
s013107,False,False,False,False,False,0,file_missing,
s013108,False,False,False,False,False,0,file_missing,
s013109,False,False,False,False,False,0,file_missing,
s013110,False,False,False,False,False,0,file_missing,
s013111,False,False,False,False,False,0,file_missing,
s013112,False,False,False,False,False,0,file_missing,
s013113,False,False,False,False,False,0,file_missing,
s013114,False,False,False,False,False,0,file_missing,
s013115,False,False,False,False,False,0,file_missing,
s013116,False,False,False,False,False,0,file_missing,
s013117,False,False,False,False,False,0,file_missing,
s013118,False,False,False,False,False,0,file_missing,
s013119,False,False,False,False,False,0,file_missing,
s013120,False,False,False,False,False,0,file_missing,
s013121,False,False,False,False,False,0,file_missing,
s013122,False,False,False,False,False,0,file_missing,
s013123,False,False,False,False,False,0,file_missing,
s013124,False,False,False,False,False,0,file_missing,
s013125,False,False,False,False,False,0,file_missing,
s013126,False,False,False,False,False,0,file_missing,
s013127,False,False,False,False,False,0,file_missing,
s013128,False,False,False,False,False,0,file_missing,
s013129,False,False,False,False,False,0,file_missing,
s013130,False,False,False,False,False,0,file_missing,
s013131,False,False,False,False,False,0,file_missing,
s013132,False,False,False,False,False,0,file_missing,
s013133,False,False,False,False,False,0,file_missing,
s013134,False,False,False,False,False,0,file_missing,
s013135,False,False,False,False,False,0,file_missing,
s013136,False,False,False,False,False,0,file_missing,
s013137,False,False,False,False,False,0,file_missing,
s013138,False,False,False,False,False,0,file_missing,
s013139,False,False,False,False,False,0,file_missing,
s013140,False,False,False,False,False,0,file_missing,
s013141,False,False,False,False,False,0,file_missing,
s013142,False,False,False,False,False,0,file_missing,
s013143,False,False,False,False,False,0,file_missing,
s013144,False,False,False,False,False,0,file_missing,
s013145,False,False,False,False,False,0,file_missing,
s013146,False,False,False,False,False,0,file_missing,
s013147,False,False,False,False,False,0,file_missing,
s013148,False,False,False,False,False,0,file_missing,
s013149,False,False,False,False,False,0,file_missing,
s013150,False,False,False,False,False,0,file_missing,
s013151,False,False,False,False,False,0,file_missing,
s013152,False,False,False,False,False,0,file_missing,
s013153,False,False,False,False,False,0,file_missing,
s013154,False,False,False,False,False,0,file_missing,
s013155,False,False,False,False,False,0,file_missing,
s013156,False,False,False,False,False,0,file_missing,
s013157,False,False,False,False,False,0,file_missing,
s013158,False,False,False,False,False,0,file_missing,
s013159,False,False,False,False,False,0,file_missing,
s013160,False,False,False,False,False,0,file_missing,
s013161,False,False,False,False,False,0,file_missing,
s013162,False,False,False,False,False,0,file_missing,
s013163,False,False,False,False,False,0,file_missing,
s013164,False,False,False,False,False,0,file_missing,
s013165,False,False,False,False,False,0,file_missing,
s013166,False,False,False,False,False,0,file_missing,
s013167,False,False,False,False,False,0,file_missing,
s013168,False,False,False,False,False,0,file_missing,
s013169,False,False,False,False,False,0,file_missing,
s013170,False,False,False,False,False,0,file_missing,
s013171,False,False,False,False,False,0,file_missing,
s013172,False,False,False,False,False,0,file_missing,
s013173,False,False,False,False,False,0,file_missing,
s013174,False,False,False,False,False,0,file_missing,
s013175,False,False,False,False,False,0,file_missing,
s013176,False,False,False,False,False,0,file_missing,
s013177,False,False,False,False,False,0,file_missing,
s013178,False,False,False,False,False,0,file_missing,
s013179,False,False,False,False,False,0,file_missing,
s013180,False,False,False,False,False,0,file_missing,
s013181,False,False,False,False,False,0,file_missing,
s013182,False,False,False,False,False,0,file_missing,
s013183,False,False,False,False,False,0,file_missing,
s013184,False,False,False,False,False,0,file_missing,
s013185,False,False,False,False,False,0,file_missing,
s013186,False,False,False,False,False,0,file_missing,
s013187,False,False,False,False,False,0,file_missing,
s013188,False,False,False,False,False,0,file_missing,
s013189,False,False,False,False,False,0,file_missing,
s013190,False,False,False,False,False,0,file_missing,
s013191,False,False,False,False,False,0,file_missing,
s013192,False,False,False,False,False,0,file_missing,
s013193,False,False,False,False,False,0,file_missing,
s013194,False,False,False,False,False,0,file_missing,
s013195,False,False,False,False,False,0,file_missing,
s013196,False,False,False,False,False,0,file_missing,
s013197,False,False,False,False,False,0,file_missing,
s013198,False,False,False,False,False,0,file_missing,
s013199,False,False,False,False,False,0,file_missing,
s013200,False,False,False,False,False,0,file_missing,
s013201,False,False,False,False,False,0,file_missing,
s013202,False,False,False,False,False,0,file_missing,
s013203,False,False,False,False,False,0,file_missing,
s013204,False,False,False,False,False,0,file_missing,
s013205,False,False,False,False,False,0,file_missing,
s013206,False,False,False,False,False,0,file_missing,
s013207,False,False,False,False,False,0,file_missing,
s013208,False,False,False,False,False,0,file_missing,
s013209,False,False,False,False,False,0,file_missing,
s013210,False,False,False,False,False,0,file_missing,
s013211,False,False,False,False,False,0,file_missing,
s013212,False,False,False,False,False,0,file_missing,
s013213,False,False,False,False,False,0,file_missing,
s013214,False,False,False,False,False,0,file_missing,
s013215,False,False,False,False,False,0,file_missing,
s013216,False,False,False,False,False,0,file_missing,
s013217,False,False,False,False,False,0,file_missing,
s013218,False,False,False,False,False,0,file_missing,
s013219,False,False,False,False,False,0,file_missing,
s013220,False,False,False,False,False,0,file_missing,
s013221,False,False,False,False,False,0,file_missing,
s013222,False,False,False,False,False,0,file_missing,
s013223,False,False,False,False,False,0,file_missing,
s013224,False,False,False,False,False,0,file_missing,
s013225,False,False,False,False,False,0,file_missing,
s013226,False,False,False,False,False,0,file_missing,
s013227,False,False,False,False,False,0,file_missing,
s013228,False,False,False,False,False,0,file_missing,
s013229,False,False,False,False,False,0,file_missing,
s013230,False,False,False,False,False,0,file_missing,
s013231,False,False,False,False,False,0,file_missing,
s013232,False,False,False,False,False,0,file_missing,
s013233,False,False,False,False,False,0,file_missing,
s013234,False,False,False,False,False,0,file_missing,
s013235,False,False,False,False,False,0,file_missing,
s013236,False,False,False,False,False,0,file_missing,
s013237,False,False,False,False,False,0,file_missing,
s013238,False,False,False,False,False,0,file_missing,
s013239,False,False,False,False,False,0,file_missing,
s013240,False,False,False,False,False,0,file_missing,
s013241,False,False,False,False,False,0,file_missing,
s013242,False,False,False,False,False,0,file_missing,
s013243,False,False,False,False,False,0,file_missing,
s013244,False,False,False,False,False,0,file_missing,
s013245,False,False,False,False,False,0,file_missing,
s013246,False,False,False,False,False,0,file_missing,
s013247,False,False,False,False,False,0,file_missing,
s013248,False,False,False,False,False,0,file_missing,
s013249,False,False,False,False,False,0,file_missing,
s013250,False,False,False,False,False,0,file_missing,
s013251,False,False,False,False,False,0,file_missing,
s013252,False,False,False,False,False,0,file_missing,
s013253,False,False,False,False,False,0,file_missing,
s013254,False,False,False,False,False,0,file_missing,
s013255,False,False,False,False,False,0,file_missing,
s013256,False,False,False,False,False,0,file_missing,
s013257,False,False,False,False,False,0,file_missing,
s013258,False,False,False,False,False,0,file_missing,
s013259,False,False,False,False,False,0,file_missing,
s013260,False,False,False,False,False,0,file_missing,
s013261,False,False,False,False,False,0,file_missing,
s013262,False,False,False,False,False,0,file_missing,
s013263,False,False,False,False,False,0,file_missing,
s013264,False,False,False,False,False,0,file_missing,
s013265,False,False,False,False,False,0,file_missing,
s013266,False,False,False,False,False,0,file_missing,
s013267,False,False,False,False,False,0,file_missing,
s013268,False,False,False,False,False,0,file_missing,
s013269,False,False,False,False,False,0,file_missing,
s013270,False,False,False,False,False,0,file_missing,
s013271,False,False,False,False,False,0,file_missing,
s013272,False,False,False,False,False,0,file_missing,
s013273,False,False,False,False,False,0,file_missing,
s013274,False,False,False,False,False,0,file_missing,
s013275,False,False,False,False,False,0,file_missing,
s013276,False,False,False,False,False,0,file_missing,
s013277,False,False,False,False,False,0,file_missing,
s013278,False,False,False,False,False,0,file_missing,
s013279,False,False,False,False,False,0,file_missing,
s013280,False,False,False,False,False,0,file_missing,
s013281,False,False,False,False,False,0,file_missing,
s013282,False,False,False,False,False,0,file_missing,
s013283,False,False,False,False,False,0,file_missing,
s013284,False,False,False,False,False,0,file_missing,
s013285,False,False,False,False,False,0,file_missing,
s013286,False,False,False,False,False,0,file_missing,
s013287,False,False,False,False,False,0,file_missing,
s013288,False,False,False,False,False,0,file_missing,
s013289,False,False,False,False,False,0,file_missing,
s013290,False,False,False,False,False,0,file_missing,
s013291,False,False,False,False,False,0,file_missing,
s013292,False,False,False,False,False,0,file_missing,
s013293,False,False,False,False,False,0,file_missing,
s013294,False,False,False,False,False,0,file_missing,
s013295,True,True,True,False,False,0,file_missing,
s013296,True,True,True,False,False,0,file_missing,
s013297,True,True,True,False,False,0,file_missing,
s013298,True,True,True,False,False,0,file_missing,
s013299,True,True,True,False,False,0,file_missing,
s013300,True,True,True,False,False,0,file_missing,
s013301,True,True,True,False,False,0,file_missing,
s013302,True,True,True,False,False,0,file_missing,
s013303,True,True,True,False,False,0,file_missing,
s013304,True,True,True,False,False,0,file_missing,
s013305,True,True,True,False,False,0,file_missing,
s013306,True,True,True,False,False,0,file_missing,
s013307,True,True,True,False,False,0,file_missing,
s013308,True,True,True,False,False,0,file_missing,
s013309,True,True,True,False,False,0,file_missing,
s013310,True,True,False,False,False,0,file_missing,
s013311,True,True,True,False,False,0,file_missing,
s013312,True,True,True,False,False,0,file_missing,
s013313,True,True,True,False,False,0,file_missing,
s013314,True,True,True,False,False,0,file_missing,
s013315,True,True,True,False,False,0,file_missing,
s013316,True,True,True,False,False,0,file_missing,
s013317,True,True,True,False,False,0,file_missing,
s013318,True,True,True,False,False,0,file_missing,
s013319,True,True,True,False,False,0,file_missing,
s013320,True,True,True,False,False,0,file_missing,
s013321,True,True,True,False,False,0,file_missing,
s013322,True,True,True,False,False,0,file_missing,
s013323,True,True,True,False,False,0,file_missing,
s013324,True,True,True,False,False,0,file_missing,
s013325,True,True,True,False,False,0,file_missing,
s013326,True,True,True,False,False,0,file_missing,
s013327,True,True,True,False,False,0,file_missing,
s013328,True,True,True,False,False,0,file_missing,
s013329,True,True,True,False,False,0,file_missing,
s013330,True,True,True,False,False,0,file_missing,
s013331,True,True,True,False,False,0,file_missing,
s013332,False,False,False,False,False,0,file_missing,
s013333,False,False,False,False,False,0,file_missing,
s013334,False,False,False,False,False,0,file_missing,
s013335,False,False,False,False,False,0,file_missing,
s013336,False,False,False,False,False,0,file_missing,
s013337,False,False,False,False,False,0,file_missing,
s013338,False,False,False,False,False,0,file_missing,
s013339,False,False,False,False,False,0,file_missing,
s013340,False,False,False,False,False,0,file_missing,
s013341,True,True,True,False,False,0,file_missing,
s013342,True,True,True,False,False,0,file_missing,
s013343,False,False,False,False,False,0,file_missing,
s013344,False,False,False,False,False,0,file_missing,
s013345,True,True,True,False,False,0,file_missing,
s013346,False,False,False,False,False,0,file_missing,
s013347,False,False,False,False,False,0,file_missing,
s013348,False,False,False,False,False,0,file_missing,
s013349,False,False,False,False,False,0,file_missing,
s013350,False,False,False,False,False,0,file_missing,
s013351,False,False,False,False,False,0,file_missing,
s013352,False,False,False,False,False,0,file_missing,
s013353,False,False,False,False,False,0,file_missing,
s013354,False,False,False,False,False,0,file_missing,
s013355,False,False,False,False,False,0,file_missing,
s013356,False,False,False,False,False,0,file_missing,
s013357,False,False,False,False,False,0,file_missing,
s013358,False,False,False,False,False,0,file_missing,
s013359,False,False,False,False,False,0,file_missing,
s013360,False,False,False,False,False,0,file_missing,
s013361,False,False,False,False,False,0,file_missing,
s013362,True,True,True,False,False,0,file_missing,
s013363,False,False,False,False,False,0,file_missing,
s013364,True,True,True,False,False,0,file_missing,
s013365,False,False,False,False,False,0,file_missing,
s013366,False,False,False,False,False,0,file_missing,
s013367,False,False,False,False,False,0,file_missing,
s013368,False,False,False,False,False,0,file_missing,
s013369,False,False,False,False,False,0,file_missing,
s013370,True,True,True,False,False,0,file_missing,
s013371,False,False,False,False,False,0,file_missing,
s013372,False,False,False,False,False,0,file_missing,
s013373,True,True,True,False,False,0,file_missing,
s013374,False,False,False,False,False,0,file_missing,
s013375,False,False,False,False,False,0,file_missing,
s013376,False,False,False,False,False,0,file_missing,
s013377,False,False,False,False,False,0,file_missing,
s013378,False,False,False,False,False,0,file_missing,
s013379,False,False,False,False,False,0,file_missing,
s013380,False,False,False,False,False,0,file_missing,
s013381,False,False,False,False,False,0,file_missing,
s013382,False,False,False,False,False,0,file_missing,
s013383,False,False,False,False,False,0,file_missing,
s013384,False,False,False,False,False,0,file_missing,
s013385,False,False,False,False,False,0,file_missing,
s013386,False,False,False,False,False,0,file_missing,
s013387,False,False,False,False,False,0,file_missing,
s013388,False,False,False,False,False,0,file_missing,
s013389,False,False,False,False,False,0,file_missing,
s013390,False,False,False,False,False,0,file_missing,
s013391,True,True,True,False,False,0,file_missing,
s013392,False,False,False,False,False,0,file_missing,
s013393,False,False,False,False,False,0,file_missing,
s013394,False,False,False,False,False,0,file_missing,
s013395,False,False,False,False,False,0,file_missing,
s013396,False,False,False,False,False,0,file_missing,
s013397,True,True,True,False,False,0,file_missing,
s013398,False,False,False,False,False,0,file_missing,
s013399,False,False,False,False,False,0,file_missing,
s013400,False,False,False,False,False,0,file_missing,
s013401,False,False,False,False,False,0,file_missing,
s013402,False,False,False,False,False,0,file_missing,
s013403,False,False,False,False,False,0,file_missing,
s013404,False,False,False,False,False,0,file_missing,
s013405,False,False,False,False,False,0,file_missing,
s013406,False,False,False,False,False,0,file_missing,
s013407,False,False,False,False,False,0,file_missing,
s013408,False,False,False,False,False,0,file_missing,
s013409,True,True,True,False,False,0,file_missing,
s013410,False,False,False,False,False,0,file_missing,
s013411,False,False,False,False,False,0,file_missing,
s013412,True,True,True,False,False,0,file_missing,
s013413,False,False,False,False,False,0,file_missing,
s013414,True,True,True,False,False,0,file_missing,
s013415,False,False,False,False,False,0,file_missing,
s013416,False,False,False,False,False,0,file_missing,
s013417,False,False,False,False,False,0,file_missing,
s013418,False,False,False,False,False,0,file_missing,
s013419,True,True,True,False,False,0,file_missing,
s013420,False,False,False,False,False,0,file_missing,
s013421,False,False,False,False,False,0,file_missing,
s013422,True,True,True,False,False,0,file_missing,
s013423,False,False,False,False,False,0,file_missing,
s013424,False,False,False,False,False,0,file_missing,
s013425,True,True,True,False,False,0,file_missing,
s013426,False,False,False,False,False,0,file_missing,
s013427,False,False,False,False,False,0,file_missing,
s013428,False,False,False,False,False,0,file_missing,
s013429,False,False,False,False,False,0,file_missing,
s013430,False,False,False,False,False,0,file_missing,
s013431,False,False,False,False,False,0,file_missing,
s013432,False,False,False,False,False,0,file_missing,
s013433,False,False,False,False,False,0,file_missing,
s013434,False,False,False,False,False,0,file_missing,
s013435,False,False,False,False,False,0,file_missing,
s013436,False,False,False,False,False,0,file_missing,
s013437,False,False,False,False,False,0,file_missing,
s013438,False,False,False,False,False,0,file_missing,
s013439,False,False,False,False,False,0,file_missing,
s013440,False,False,False,False,False,0,file_missing,
s013441,False,False,False,False,False,0,file_missing,
s013442,False,False,False,False,False,0,file_missing,
s013443,False,False,False,False,False,0,file_missing,
s013444,False,False,False,False,False,0,file_missing,
s013445,True,True,True,False,False,0,file_missing,
s013446,False,False,False,False,False,0,file_missing,
s013447,False,False,False,False,False,0,file_missing,
s013448,False,False,False,False,False,0,file_missing,
s013449,False,False,False,False,False,0,file_missing,
s013450,False,False,False,False,False,0,file_missing,
s013451,False,False,False,False,False,0,file_missing,
s013452,True,True,True,False,False,0,file_missing,
s013453,False,False,False,False,False,0,file_missing,
s013454,False,False,False,False,False,0,file_missing,
s013455,False,False,False,False,False,0,file_missing,
s013456,False,False,False,False,False,0,file_missing,
s013457,True,True,True,False,False,0,file_missing,
s013458,True,True,True,False,False,0,file_missing,
s013459,False,False,False,False,False,0,file_missing,
s013460,False,False,False,False,False,0,file_missing,
s013461,False,False,False,False,False,0,file_missing,
s013462,False,False,False,False,False,0,file_missing,
s013463,False,False,False,False,False,0,file_missing,
s013464,False,False,False,False,False,0,file_missing,
s013465,False,False,False,False,False,0,file_missing,
s013466,False,False,False,False,False,0,file_missing,
s013467,True,True,True,False,False,0,file_missing,
s013468,False,False,False,False,False,0,file_missing,
s013469,True,True,True,False,False,0,file_missing,
s013470,False,False,False,False,False,0,file_missing,
s013471,False,False,False,False,False,0,file_missing,
s013472,False,False,False,False,False,0,file_missing,
s013473,False,False,False,False,False,0,file_missing,
s013474,False,False,False,False,False,0,file_missing,
s013475,False,False,False,False,False,0,file_missing,
s013476,False,False,False,False,False,0,file_missing,
s013477,False,False,False,False,False,0,file_missing,
s013478,False,False,False,False,False,0,file_missing,
s013479,False,False,False,False,False,0,file_missing,
s013480,False,False,False,False,False,0,file_missing,
s013481,False,False,False,False,False,0,file_missing,
s013482,False,False,False,False,False,0,file_missing,
s013483,False,False,False,False,False,0,file_missing,
s013484,False,False,False,False,False,0,file_missing,
s013485,True,True,True,False,False,0,file_missing,
s013486,False,False,False,False,False,0,file_missing,
s013487,False,False,False,False,False,0,file_missing,
s013488,False,False,False,False,False,0,file_missing,
s013489,False,False,False,False,False,0,file_missing,
s013490,False,False,False,False,False,0,file_missing,
s013491,False,False,False,False,False,0,file_missing,
s013492,True,True,True,False,False,0,file_missing,
s013493,False,False,False,False,False,0,file_missing,
s013494,False,False,False,False,False,0,file_missing,
s013495,False,False,False,False,False,0,file_missing,
s013496,False,False,False,False,False,0,file_missing,
s013497,False,False,False,False,False,0,file_missing,
s013498,True,True,True,False,False,0,file_missing,
s013499,False,False,False,False,False,0,file_missing,
s013500,False,False,False,False,False,0,file_missing,
s013501,False,False,False,False,False,0,file_missing,
s013502,False,False,False,False,False,0,file_missing,
s013503,False,False,False,False,False,0,file_missing,
s013504,True,True,True,False,False,0,file_missing,
s013505,False,False,False,False,False,0,file_missing,
s013506,True,True,True,False,False,0,file_missing,
s013507,False,False,False,False,False,0,file_missing,
s013508,False,False,False,False,False,0,file_missing,
s013509,False,False,False,False,False,0,file_missing,
s013510,False,False,False,False,False,0,file_missing,
s013511,False,False,False,False,False,0,file_missing,
s013512,False,False,False,False,False,0,file_missing,
s013513,False,False,False,False,False,0,file_missing,
s013514,False,False,False,False,False,0,file_missing,
s013515,True,True,True,False,False,0,file_missing,
s013516,False,False,False,False,False,0,file_missing,
s013517,False,False,False,False,False,0,file_missing,
s013518,False,False,False,False,False,0,file_missing,
s013519,False,False,False,False,False,0,file_missing,
s013520,False,False,False,False,False,0,file_missing,
s013521,False,True,False,False,False,0,file_missing,
s013522,False,False,False,False,False,0,file_missing,
s013523,False,False,False,False,False,0,file_missing,
s013524,True,True,True,False,False,0,file_missing,
s013525,False,False,False,False,False,0,file_missing,
s013526,False,False,False,False,False,0,file_missing,
s013527,False,False,False,False,False,0,file_missing,
s013528,False,False,False,False,False,0,file_missing,
s013529,False,False,False,False,False,0,file_missing,
s013530,False,False,False,False,False,0,file_missing,
s013531,False,False,False,False,False,0,file_missing,
s013532,False,False,False,False,False,0,file_missing,
s013533,False,False,False,False,False,0,file_missing,
s013534,False,False,False,False,False,0,file_missing,
s013535,False,False,False,False,False,0,file_missing,
s013536,False,False,False,False,False,0,file_missing,
s013537,False,False,False,False,False,0,file_missing,
s013538,False,False,False,False,False,0,file_missing,
s013539,True,True,True,False,False,0,file_missing,
s013540,False,False,False,False,False,0,file_missing,
s013541,False,False,False,False,False,0,file_missing,
s013542,False,False,False,False,False,0,file_missing,
s013543,False,False,False,False,False,0,file_missing,
s013544,False,False,False,False,False,0,file_missing,
s013545,False,False,False,False,False,0,file_missing,
s013546,False,False,False,False,False,0,file_missing,
s013547,False,False,False,False,False,0,file_missing,
s013548,False,False,False,False,False,0,file_missing,
s013549,False,False,False,False,False,0,file_missing,
s013550,False,False,False,False,False,0,file_missing,
s013551,False,False,False,False,False,0,file_missing,
s013552,False,False,False,False,False,0,file_missing,
s013553,False,False,False,False,False,0,file_missing,
s013554,False,False,False,False,False,0,file_missing,
s013555,False,False,False,False,False,0,file_missing,
s013556,True,True,True,False,False,0,file_missing,
s013557,True,True,True,False,False,0,file_missing,
s013558,False,False,False,False,False,0,file_missing,
s013559,False,False,False,False,False,0,file_missing,
s013560,False,False,False,False,False,0,file_missing,
s013561,False,False,False,False,False,0,file_missing,
s013562,False,False,False,False,False,0,file_missing,
s013563,False,False,False,False,False,0,file_missing,
s013564,False,False,False,False,False,0,file_missing,
s013565,False,False,False,False,False,0,file_missing,
s013566,False,False,False,False,False,0,file_missing,
s013567,True,True,True,False,False,0,file_missing,
s013568,False,False,False,False,False,0,file_missing,
s013569,False,False,False,False,False,0,file_missing,
s013570,False,False,False,False,False,0,file_missing,
s013571,False,False,False,False,False,0,file_missing,
s013572,False,False,False,False,False,0,file_missing,
s013573,False,False,False,False,False,0,file_missing,
s013574,True,True,True,False,False,0,file_missing,
s013575,False,False,False,False,False,0,file_missing,
s013576,False,False,False,False,False,0,file_missing,
s013577,False,False,False,False,False,0,file_missing,
s013578,False,False,False,False,False,0,file_missing,
s013579,False,False,False,False,False,0,file_missing,
s013580,True,False,True,False,False,0,file_missing,
s013581,False,False,False,False,False,0,file_missing,
s013582,False,False,False,False,False,0,file_missing,
s013583,False,False,False,False,False,0,file_missing,
s013584,False,False,False,False,False,0,file_missing,
s013585,False,False,False,False,False,0,file_missing,
s013586,False,False,False,False,False,0,file_missing,
s013587,False,False,False,False,False,0,file_missing,
s013588,False,False,False,False,False,0,file_missing,
s013589,False,False,False,False,False,0,file_missing,
s013590,False,False,False,False,False,0,file_missing,
s013591,False,False,False,False,False,0,file_missing,
s013592,False,False,False,False,False,0,file_missing,
s013593,True,True,True,False,False,0,file_missing,
s013594,False,False,False,False,False,0,file_missing,
s013595,False,False,False,False,False,0,file_missing,
s013596,False,False,False,False,False,0,file_missing,
s013597,False,False,False,False,False,0,file_missing,
s013598,False,False,False,False,False,0,file_missing,
s013599,False,False,False,False,False,0,file_missing,
s013600,False,False,False,False,False,0,file_missing,
s013601,False,False,False,False,False,0,file_missing,
s013602,False,False,False,False,False,0,file_missing,
s013603,False,False,False,False,False,0,file_missing,
s013604,False,False,False,False,False,0,file_missing,
s013605,True,True,True,False,False,0,file_missing,
s013606,False,False,False,False,False,0,file_missing,
s013607,False,False,False,False,False,0,file_missing,
s013608,False,False,False,False,False,0,file_missing,
s013609,False,False,False,False,False,0,file_missing,
s013610,False,False,False,False,False,0,file_missing,
s013611,False,False,False,False,False,0,file_missing,
s013612,False,False,False,False,False,0,file_missing,
s013613,False,False,False,False,False,0,file_missing,
s013614,False,False,False,False,False,0,file_missing,
s013615,False,False,False,False,False,0,file_missing,
s013616,False,False,False,False,False,0,file_missing,
s013617,False,False,False,False,False,0,file_missing,
s013618,False,False,False,False,False,0,file_missing,
s013619,False,False,False,False,False,0,file_missing,
s013620,False,False,False,False,False,0,file_missing,
s013621,False,False,False,False,False,0,file_missing,
s013622,False,False,False,False,False,0,file_missing,
s013623,True,True,True,False,False,0,file_missing,
s013624,False,False,False,False,False,0,file_missing,
s013625,True,True,True,False,False,0,file_missing,
s013626,True,True,True,False,False,0,file_missing,
s013627,False,False,False,False,False,0,file_missing,
s013628,False,False,False,False,False,0,file_missing,
s013629,False,False,False,False,False,0,file_missing,
s013630,True,True,True,False,False,0,file_missing,
s013631,False,False,False,False,False,0,file_missing,
s013632,False,False,False,False,False,0,file_missing,
s013633,False,False,False,False,False,0,file_missing,
s013634,False,False,False,False,False,0,file_missing,
s013635,False,False,False,False,False,0,file_missing,
s013636,False,False,False,False,False,0,file_missing,
s013637,True,True,True,False,False,0,file_missing,
s013638,False,False,False,False,False,0,file_missing,
s013639,False,False,False,False,False,0,file_missing,
s013640,True,True,True,False,False,0,file_missing,
s013641,False,False,False,False,False,0,file_missing,
s013642,True,True,True,False,False,0,file_missing,
s013643,True,True,True,False,False,0,file_missing,
s013644,False,False,False,False,False,0,file_missing,
s013645,False,False,False,False,False,0,file_missing,
s013646,False,False,False,False,False,0,file_missing,
s013647,False,False,False,False,False,0,file_missing,
s013648,False,False,False,False,False,0,file_missing,
s013649,False,False,False,False,False,0,file_missing,
s013650,True,True,True,False,False,0,file_missing,
s013651,True,True,True,False,False,0,file_missing,
s013652,False,False,False,False,False,0,file_missing,
s013653,False,False,False,False,False,0,file_missing,
s013654,True,True,True,False,False,0,file_missing,
s013655,False,False,False,False,False,0,file_missing,
s013656,True,True,True,False,False,0,file_missing,
s013657,False,False,False,False,False,0,file_missing,
s013658,False,False,False,False,False,0,file_missing,
s013659,True,True,True,False,False,0,file_missing,
s013660,False,False,False,False,False,0,file_missing,
s013661,False,False,False,False,False,0,file_missing,
s013662,False,False,False,False,False,0,file_missing,
s013663,False,False,False,False,False,0,file_missing,
s013664,False,False,False,False,False,0,file_missing,
s013665,False,False,False,False,False,0,file_missing,
s013666,False,False,False,False,False,0,file_missing,
s013667,False,False,False,False,False,0,file_missing,
s013668,False,False,False,False,False,0,file_missing,
s013669,False,False,False,False,False,0,file_missing,
s013670,False,False,False,False,False,0,file_missing,
s013671,False,False,False,False,False,0,file_missing,
s013672,False,False,False,False,False,0,file_missing,
s013673,False,False,False,False,False,0,file_missing,
s013674,False,False,False,False,False,0,file_missing,
s013675,False,False,False,False,False,0,file_missing,
s013676,False,False,False,False,False,0,file_missing,
s013677,False,False,False,False,False,0,file_missing,
s013678,False,False,False,False,False,0,file_missing,
s013679,True,True,True,False,False,0,file_missing,
s013680,True,True,True,False,False,0,file_missing,
s013681,False,False,False,False,False,0,file_missing,
s013682,False,False,False,False,False,0,file_missing,
s013683,False,False,False,False,False,0,file_missing,
s013684,True,True,True,False,False,0,file_missing,
s013685,False,False,False,False,False,0,file_missing,
s013686,False,False,False,False,False,0,file_missing,
s013687,False,False,False,False,False,0,file_missing,
s013688,False,False,False,False,False,0,file_missing,
s013689,False,False,False,False,False,0,file_missing,
s013690,False,False,False,False,False,0,file_missing,
s013691,False,False,False,False,False,0,file_missing,
s013692,False,False,False,False,False,0,file_missing,
s013693,False,False,False,False,False,0,file_missing,
s013694,False,False,False,False,False,0,file_missing,
s013695,False,False,False,False,False,0,file_missing,
s013696,False,False,False,False,False,0,file_missing,
s013697,False,False,False,False,False,0,file_missing,
s013698,False,False,False,False,False,0,file_missing,
s013699,False,False,False,False,False,0,file_missing,
s013700,False,False,False,False,False,0,file_missing,
s013701,False,False,False,False,False,0,file_missing,
s013702,False,False,False,False,False,0,file_missing,
s013703,False,False,False,False,False,0,file_missing,
s013704,False,False,False,False,False,0,file_missing,
s013705,False,False,False,False,False,0,file_missing,
s013706,False,False,False,False,False,0,file_missing,
s013707,True,True,True,False,False,0,file_missing,
s013708,False,False,False,False,False,0,file_missing,
s013709,False,False,False,False,False,0,file_missing,
s013710,False,False,False,False,False,0,file_missing,
s013711,False,False,False,False,False,0,file_missing,
s013712,False,False,False,False,False,0,file_missing,
s013713,False,False,False,False,False,0,file_missing,
s013714,False,False,False,False,False,0,file_missing,
s013715,False,False,False,False,False,0,file_missing,
s013716,False,False,False,False,False,0,file_missing,
s013717,True,True,True,False,False,0,file_missing,
s013718,False,False,False,False,False,0,file_missing,
s013719,False,False,False,False,False,0,file_missing,
s013720,True,True,True,False,False,0,file_missing,
s013721,False,False,False,False,False,0,file_missing,
s013722,True,True,True,False,False,0,file_missing,
s013723,False,False,False,False,False,0,file_missing,
s013724,False,False,False,False,False,0,file_missing,
s013725,False,False,False,False,False,0,file_missing,
s013726,False,False,False,False,False,0,file_missing,
s013727,True,True,True,False,False,0,file_missing,
s013728,False,False,False,False,False,0,file_missing,
s013729,False,False,False,False,False,0,file_missing,
s013730,False,False,False,False,False,0,file_missing,
s013731,False,False,False,False,False,0,file_missing,
s013732,False,False,False,False,False,0,file_missing,
s013733,False,False,False,False,False,0,file_missing,
s013734,False,False,False,False,False,0,file_missing,
s013735,False,False,False,False,False,0,file_missing,
s013736,True,True,True,False,False,0,file_missing,
s013737,False,False,False,False,False,0,file_missing,
s013738,False,False,False,False,False,0,file_missing,
s013739,False,False,False,False,False,0,file_missing,
s013740,False,False,False,False,False,0,file_missing,
s013741,False,False,False,False,False,0,file_missing,
s013742,False,False,False,False,False,0,file_missing,
s013743,False,False,False,False,False,0,file_missing,
s013744,True,True,True,False,False,0,file_missing,
s013745,False,False,False,False,False,0,file_missing,
s013746,True,True,True,False,False,0,file_missing,
s013747,False,False,False,False,False,0,file_missing,
s013748,False,False,False,False,False,0,file_missing,
s013749,False,False,False,False,False,0,file_missing,
s013750,False,False,False,False,False,0,file_missing,
s013751,False,False,False,False,False,0,file_missing,
s013752,False,False,False,False,False,0,file_missing,
s013753,False,False,False,False,False,0,file_missing,
s013754,False,False,False,False,False,0,file_missing,
s013755,False,False,False,False,False,0,file_missing,
s013756,True,True,True,False,False,0,file_missing,
s013757,False,False,False,False,False,0,file_missing,
s013758,False,False,False,False,False,0,file_missing,
s013759,True,True,True,False,False,0,file_missing,
s013760,False,False,False,False,False,0,file_missing,
s013761,False,False,False,False,False,0,file_missing,
s013762,False,False,False,False,False,0,file_missing,
s013763,False,False,False,False,False,0,file_missing,
s013764,False,False,False,False,False,0,file_missing,
s013765,False,False,False,False,False,0,file_missing,
s013766,True,True,True,False,False,0,file_missing,
s013767,False,False,False,False,False,0,file_missing,
s013768,False,False,False,False,False,0,file_missing,
s013769,False,False,False,False,False,0,file_missing,
s013770,False,False,False,False,False,0,file_missing,
s013771,True,True,True,False,False,0,file_missing,
s013772,False,False,False,False,False,0,file_missing,
s013773,False,False,False,False,False,0,file_missing,
s013774,False,False,False,False,False,0,file_missing,
s013775,False,False,False,False,False,0,file_missing,
s013776,False,False,False,False,False,0,file_missing,
s013777,False,False,False,False,False,0,file_missing,
s013778,False,False,False,False,False,0,file_missing,
s013779,True,True,True,False,False,0,file_missing,
s013780,False,False,False,False,False,0,file_missing,
s013781,True,True,True,False,False,0,file_missing,
s013782,False,False,False,False,False,0,file_missing,
s013783,False,False,False,False,False,0,file_missing,
s013784,False,False,False,False,False,0,file_missing,
s013785,False,False,False,False,False,0,file_missing,
s013786,False,False,False,False,False,0,file_missing,
s013787,False,False,False,False,False,0,file_missing,
s013788,False,False,False,False,False,0,file_missing,
s013789,False,False,False,False,False,0,file_missing,
s013790,False,False,False,False,False,0,file_missing,
s013791,False,False,False,False,False,0,file_missing,
s013792,False,False,False,False,False,0,file_missing,
s013793,True,True,True,False,False,0,file_missing,
s013794,False,False,False,False,False,0,file_missing,
s013795,False,False,False,False,False,0,file_missing,
s013796,False,False,False,False,False,0,file_missing,
s013797,False,False,False,False,False,0,file_missing,
s013798,True,True,True,False,False,0,file_missing,
s013799,False,False,False,False,False,0,file_missing,
s013800,False,False,False,False,False,0,file_missing,
s013801,False,False,False,False,False,0,file_missing,
s013802,False,False,False,False,False,0,file_missing,
s013803,False,False,False,False,False,0,file_missing,
s013804,False,False,False,False,False,0,file_missing,
s013805,True,True,True,False,False,0,file_missing,
s013806,False,False,False,False,False,0,file_missing,
s013807,True,True,True,False,False,0,file_missing,
s013808,False,False,False,False,False,0,file_missing,
s013809,False,False,False,False,False,0,file_missing,
s013810,False,False,False,False,False,0,file_missing,
s013811,False,False,False,False,False,0,file_missing,
s013812,False,False,False,False,False,0,file_missing,
s013813,False,False,False,False,False,0,file_missing,
s013814,False,False,False,False,False,0,file_missing,
s013815,False,False,False,False,False,0,file_missing,
s013816,False,False,False,False,False,0,file_missing,
s013817,False,False,False,False,False,0,file_missing,
s013818,False,False,False,False,False,0,file_missing,
s013819,False,False,False,False,False,0,file_missing,
s013820,False,False,False,False,False,0,file_missing,
s013821,False,False,False,False,False,0,file_missing,
s013822,False,False,False,False,False,0,file_missing,
s013823,False,False,False,False,False,0,file_missing,
s013824,False,False,False,False,False,0,file_missing,
s013825,False,False,False,False,False,0,file_missing,
s013826,False,False,False,False,False,0,file_missing,
s013827,False,False,False,False,False,0,file_missing,
s013828,False,False,False,False,False,0,file_missing,
s013829,False,False,False,False,False,0,file_missing,
s013830,False,False,False,False,False,0,file_missing,
s013831,False,False,False,False,False,0,file_missing,
s013832,True,True,True,False,False,0,file_missing,
s013833,False,False,False,False,False,0,file_missing,
s013834,True,True,True,False,False,0,file_missing,
s013835,True,True,True,False,False,0,file_missing,
s013836,False,False,False,False,False,0,file_missing,
s013837,False,False,False,False,False,0,file_missing,
s013838,False,False,False,False,False,0,file_missing,
s013839,False,False,False,False,False,0,file_missing,
s013840,True,True,True,False,False,0,file_missing,
s013841,False,False,False,False,False,0,file_missing,
s013842,False,False,False,False,False,0,file_missing,
s013843,True,True,True,False,False,0,file_missing,
s013844,False,False,False,False,False,0,file_missing,
s013845,True,True,True,False,False,0,file_missing,
s013846,False,False,False,False,False,0,file_missing,
s013847,True,True,True,False,False,0,file_missing,
s013848,False,False,False,False,False,0,file_missing,
s013849,False,False,False,False,False,0,file_missing,
s013850,False,False,False,False,False,0,file_missing,
s013851,True,True,True,False,False,0,file_missing,
s013852,False,False,False,False,False,0,file_missing,
s013853,False,False,False,False,False,0,file_missing,
s013854,True,True,True,False,False,0,file_missing,
s013855,False,False,False,False,False,0,file_missing,
s013856,False,False,False,False,False,0,file_missing,
s013857,True,True,True,False,False,0,file_missing,
s013858,False,False,False,False,False,0,file_missing,
s013859,True,True,True,False,False,0,file_missing,
s013860,False,False,False,False,False,0,file_missing,
s013861,False,False,False,False,False,0,file_missing,
s013862,False,False,False,False,False,0,file_missing,
s013863,False,False,False,False,False,0,file_missing,
s013864,True,True,True,False,False,0,file_missing,
s013865,True,True,True,False,False,0,file_missing,
s013866,False,False,False,False,False,0,file_missing,
s013867,False,False,False,False,False,0,file_missing,
s013868,True,True,True,False,False,0,file_missing,
s013869,False,False,False,False,False,0,file_missing,
s013870,False,False,False,False,False,0,file_missing,
s013871,False,False,False,False,False,0,file_missing,
s013872,False,False,False,False,False,0,file_missing,
s013873,False,False,False,False,False,0,file_missing,
s013874,False,True,False,False,False,0,file_missing,
s013875,False,False,False,False,False,0,file_missing,
s013876,False,False,False,False,False,0,file_missing,
s013877,False,False,False,False,False,0,file_missing,
s013878,False,False,False,False,False,0,file_missing,
s013879,False,False,False,False,False,0,file_missing,
s013880,True,True,True,False,False,0,file_missing,
s013881,True,True,True,False,False,0,file_missing,
s013882,False,False,False,False,False,0,file_missing,
s013883,False,False,False,False,False,0,file_missing,
s013884,False,False,False,False,False,0,file_missing,
s013885,False,False,False,False,False,0,file_missing,
s013886,True,True,True,False,False,0,file_missing,
s013887,False,False,False,False,False,0,file_missing,
s013888,False,False,False,False,False,0,file_missing,
s013889,False,False,False,False,False,0,file_missing,
s013890,False,False,False,False,False,0,file_missing,
s013891,False,False,False,False,False,0,file_missing,
s013892,False,False,False,False,False,0,file_missing,
s013893,False,False,False,False,False,0,file_missing,
s013894,False,False,False,False,False,0,file_missing,
s013895,True,True,True,False,False,0,file_missing,
s013896,False,False,False,False,False,0,file_missing,
s013897,False,False,False,False,False,0,file_missing,
s013898,False,False,False,False,False,0,file_missing,
s013899,False,False,False,False,False,0,file_missing,
s013900,True,True,True,False,False,0,file_missing,
s013901,True,True,True,False,False,0,file_missing,
s013902,False,False,False,False,False,0,file_missing,
s013903,False,False,False,False,False,0,file_missing,
s013904,False,False,False,False,False,0,file_missing,
s013905,False,False,False,False,False,0,file_missing,
s013906,False,False,False,False,False,0,file_missing,
s013907,True,True,True,False,False,0,file_missing,
s013908,False,False,False,False,False,0,file_missing,
s013909,False,False,False,False,False,0,file_missing,
s013910,False,False,False,False,False,0,file_missing,
s013911,True,True,True,False,False,0,file_missing,
s013912,True,True,True,False,False,0,file_missing,
s013913,True,True,True,False,False,0,file_missing,
s013914,False,False,False,False,False,0,file_missing,
s013915,True,True,True,False,False,0,file_missing,
s013916,False,False,False,False,False,0,file_missing,
s013917,True,True,True,False,False,0,file_missing,
s013918,False,False,False,False,False,0,file_missing,
s013919,False,False,False,False,False,0,file_missing,
s013920,False,False,False,False,False,0,file_missing,
s013921,False,False,False,False,False,0,file_missing,
s013922,False,False,False,False,False,0,file_missing,
s013923,False,False,False,False,False,0,file_missing,
s013924,False,False,False,False,False,0,file_missing,
s013925,False,False,False,False,False,0,file_missing,
s013926,False,False,False,False,False,0,file_missing,
s013927,False,False,False,False,False,0,file_missing,
s013928,False,False,False,False,False,0,file_missing,
s013929,False,False,False,False,False,0,file_missing,
s013930,False,False,False,False,False,0,file_missing,
s013931,False,False,False,False,False,0,file_missing,
s013932,False,True,False,False,False,0,file_missing,
s013933,False,False,False,False,False,0,file_missing,
s013934,False,False,False,False,False,0,file_missing,
s013935,False,False,False,False,False,0,file_missing,
s013936,False,False,False,False,False,0,file_missing,
s013937,False,False,False,False,False,0,file_missing,
s013938,False,False,False,False,False,0,file_missing,
s013939,False,False,False,False,False,0,file_missing,
s013940,False,False,False,False,False,0,file_missing,
s013941,False,False,False,False,False,0,file_missing,
s013942,False,False,False,False,False,0,file_missing,
s013943,False,False,False,False,False,0,file_missing,
s013944,False,False,False,False,False,0,file_missing,
s013945,True,True,True,False,False,0,file_missing,
s013946,False,False,False,False,False,0,file_missing,
s013947,False,False,False,False,False,0,file_missing,
s013948,False,False,False,False,False,0,file_missing,
s013949,False,False,False,False,False,0,file_missing,
s013950,True,True,True,False,False,0,file_missing,
s013951,False,False,False,False,False,0,file_missing,
s013952,False,False,False,False,False,0,file_missing,
s013953,False,False,False,False,False,0,file_missing,
s013954,False,False,False,False,False,0,file_missing,
s013955,False,False,False,False,False,0,file_missing,
s013956,False,False,False,False,False,0,file_missing,
s013957,True,True,True,False,False,0,file_missing,
s013958,True,True,True,False,False,0,file_missing,
s013959,False,False,False,False,False,0,file_missing,
s013960,False,False,False,False,False,0,file_missing,
s013961,False,False,False,False,False,0,file_missing,
s013962,False,False,False,False,False,0,file_missing,
s013963,False,False,False,False,False,0,file_missing,
s013964,False,False,False,False,False,0,file_missing,
s013965,False,False,False,False,False,0,file_missing,
s013966,False,False,False,False,False,0,file_missing,
s013967,False,False,False,False,False,0,file_missing,
s013968,False,False,False,False,False,0,file_missing,
s013969,False,False,False,False,False,0,file_missing,
s013970,False,False,False,False,False,0,file_missing,
s013971,False,False,False,False,False,0,file_missing,
s013972,False,False,False,False,False,0,file_missing,
s013973,False,False,False,False,False,0,file_missing,
s013974,False,False,False,False,False,0,file_missing,
s013975,True,True,True,False,False,0,file_missing,
s013976,True,True,True,False,False,0,file_missing,
s013977,False,False,False,False,False,0,file_missing,
s013978,True,True,True,False,False,0,file_missing,
s013979,False,False,False,False,False,0,file_missing,
s013980,False,False,False,False,False,0,file_missing,
s013981,False,False,False,False,False,0,file_missing,
s013982,False,False,False,False,False,0,file_missing,
s013983,False,False,False,False,False,0,file_missing,
s013984,False,False,False,False,False,0,file_missing,
s013985,False,False,False,False,False,0,file_missing,
s013986,False,False,False,False,False,0,file_missing,
s013987,False,False,False,False,False,0,file_missing,
s013988,False,False,False,False,False,0,file_missing,
s013989,True,True,True,False,False,0,file_missing,
s013990,True,True,True,False,False,0,file_missing,
s013991,False,False,False,False,False,0,file_missing,
s013992,False,False,False,False,False,0,file_missing,
s013993,False,False,False,False,False,0,file_missing,
s013994,False,False,False,False,False,0,file_missing,
s013995,False,False,False,False,False,0,file_missing,
s013996,False,False,False,False,False,0,file_missing,
s013997,True,True,True,False,False,0,file_missing,
s013998,False,False,False,False,False,0,file_missing,
s013999,False,False,False,False,False,0,file_missing,
s014000,False,False,False,False,False,0,file_missing,
s014001,True,True,True,False,False,0,file_missing,
s014002,True,True,True,False,False,0,file_missing,
s014003,True,True,True,False,False,0,file_missing,
s014004,False,False,False,False,False,0,file_missing,
s014005,False,False,False,False,False,0,file_missing,
s014006,False,False,False,False,False,0,file_missing,
s014007,True,True,True,False,False,0,file_missing,
s014008,False,False,False,False,False,0,file_missing,
s014009,False,False,False,False,False,0,file_missing,
s014010,False,False,False,False,False,0,file_missing,
s014011,True,True,True,False,False,0,file_missing,
s014012,False,False,False,False,False,0,file_missing,
s014013,False,False,False,False,False,0,file_missing,
s014014,False,False,False,False,False,0,file_missing,
s014015,False,False,False,False,False,0,file_missing,
s014016,False,False,False,False,False,0,file_missing,
s014017,False,False,False,False,False,0,file_missing,
s014018,False,False,False,False,False,0,file_missing,
s014019,False,False,False,False,False,0,file_missing,
s014020,False,False,False,False,False,0,file_missing,
s014021,True,True,True,False,False,0,file_missing,
s014022,False,False,False,False,False,0,file_missing,
s014023,False,False,False,False,False,0,file_missing,
s014024,False,False,False,False,False,0,file_missing,
s014025,False,False,False,False,False,0,file_missing,
s014026,False,False,False,False,False,0,file_missing,
s014027,False,False,False,False,False,0,file_missing,
s014028,False,False,False,False,False,0,file_missing,
s014029,False,False,False,False,False,0,file_missing,
s014030,False,False,False,False,False,0,file_missing,
s014031,False,False,False,False,False,0,file_missing,
s014032,False,False,False,False,False,0,file_missing,
s014033,True,True,True,False,False,0,file_missing,
s014034,False,False,False,False,False,0,file_missing,
s014035,False,False,False,False,False,0,file_missing,
s014036,False,False,False,False,False,0,file_missing,
s014037,True,True,True,False,False,0,file_missing,
s014038,False,False,False,False,False,0,file_missing,
s014039,False,False,False,False,False,0,file_missing,
s014040,False,False,False,False,False,0,file_missing,
s014041,False,False,False,False,False,0,file_missing,
s014042,False,False,False,False,False,0,file_missing,
s014043,False,False,False,False,False,0,file_missing,
s014044,False,False,False,False,False,0,file_missing,
s014045,False,False,False,False,False,0,file_missing,
s014046,False,False,False,False,False,0,file_missing,
s014047,False,False,False,False,False,0,file_missing,
s014048,False,False,False,False,False,0,file_missing,
s014049,False,False,False,False,False,0,file_missing,
s014050,False,False,False,False,False,0,file_missing,
s014051,True,True,True,False,False,0,file_missing,
s014052,False,False,False,False,False,0,file_missing,
s014053,True,True,True,False,False,0,file_missing,
s014054,False,False,False,False,False,0,file_missing,
s014055,False,False,False,False,False,0,file_missing,
s014056,False,False,False,False,False,0,file_missing,
s014057,False,False,False,False,False,0,file_missing,
s014058,False,False,False,False,False,0,file_missing,
s014059,False,False,False,False,False,0,file_missing,
s014060,False,False,False,False,False,0,file_missing,
s014061,False,False,False,False,False,0,file_missing,
s014062,False,False,False,False,False,0,file_missing,
s014063,False,False,False,False,False,0,file_missing,
s014064,False,False,False,False,False,0,file_missing,
s014065,True,True,True,False,False,0,file_missing,
s014066,False,False,False,False,False,0,file_missing,
s014067,True,True,True,False,False,0,file_missing,
s014068,False,False,False,False,False,0,file_missing,
s014069,True,True,True,False,False,0,file_missing,
s014070,False,False,False,False,False,0,file_missing,
s014071,False,False,False,False,False,0,file_missing,
s014072,False,False,False,False,False,0,file_missing,
s014073,False,False,False,False,False,0,file_missing,
s014074,True,True,True,False,False,0,file_missing,
s014075,False,False,False,False,False,0,file_missing,
s014076,False,False,False,False,False,0,file_missing,
s014077,False,False,False,False,False,0,file_missing,
s014078,False,False,False,False,False,0,file_missing,
s014079,False,False,False,False,False,0,file_missing,
s014080,False,False,False,False,False,0,file_missing,
s014081,False,False,False,False,False,0,file_missing,
s014082,False,False,False,False,False,0,file_missing,
s014083,False,False,False,False,False,0,file_missing,
s014084,False,False,False,False,False,0,file_missing,
s014085,False,False,False,False,False,0,file_missing,
s014086,False,False,False,False,False,0,file_missing,
s014087,False,False,False,False,False,0,file_missing,
s014088,False,False,False,False,False,0,file_missing,
s014089,False,False,False,False,False,0,file_missing,
s014090,False,False,False,False,False,0,file_missing,
s014091,False,False,False,False,False,0,file_missing,
s014092,False,False,False,False,False,0,file_missing,
s014093,False,False,False,False,False,0,file_missing,
s014094,False,False,False,False,False,0,file_missing,
s014095,False,False,False,False,False,0,file_missing,
s014096,False,False,False,False,False,0,file_missing,
s014097,False,False,False,False,False,0,file_missing,
s014098,False,False,False,False,False,0,file_missing,
s014099,False,False,False,False,False,0,file_missing,
s014100,False,False,False,False,False,0,file_missing,
s014101,False,False,False,False,False,0,file_missing,
s014102,False,False,False,False,False,0,file_missing,
s014103,False,False,False,False,False,0,file_missing,
s014104,False,False,False,False,False,0,file_missing,
s014105,False,False,False,False,False,0,file_missing,
s014106,False,False,False,False,False,0,file_missing,
s014107,False,False,False,False,False,0,file_missing,
s014108,False,False,False,False,False,0,file_missing,
s014109,False,False,False,False,False,0,file_missing,
s014110,False,False,False,False,False,0,file_missing,
s014111,False,False,False,False,False,0,file_missing,
s014112,False,False,False,False,False,0,file_missing,
s014113,False,False,False,False,False,0,file_missing,
s014114,False,False,False,False,False,0,file_missing,
s014115,False,False,False,False,False,0,file_missing,
s014116,False,False,False,False,False,0,file_missing,
s014117,False,False,False,False,False,0,file_missing,
s014118,False,False,False,False,False,0,file_missing,
s014119,False,False,False,False,False,0,file_missing,
s014120,False,False,False,False,False,0,file_missing,
s014121,False,False,False,False,False,0,file_missing,
s014122,False,False,False,False,False,0,file_missing,
s014123,False,False,False,False,False,0,file_missing,
s014124,False,False,False,False,False,0,file_missing,
s014125,False,False,False,False,False,0,file_missing,
s014126,False,False,False,False,False,0,file_missing,
s014127,False,False,False,False,False,0,file_missing,
s014128,False,False,False,False,False,0,file_missing,
s014129,False,False,False,False,False,0,file_missing,
s014130,False,False,False,False,False,0,file_missing,
s014131,False,False,False,False,False,0,file_missing,
s014132,False,False,False,False,False,0,file_missing,
s014133,False,False,False,False,False,0,file_missing,
s014134,False,False,False,False,False,0,file_missing,
s014135,False,False,False,False,False,0,file_missing,
s014136,False,False,False,False,False,0,file_missing,
s014137,False,False,False,False,False,0,file_missing,
s014138,False,False,False,False,False,0,file_missing,
s014139,False,False,False,False,False,0,file_missing,
s014140,False,False,False,False,False,0,file_missing,
s014141,False,False,False,False,False,0,file_missing,
s014142,False,False,False,False,False,0,file_missing,
s014143,False,False,False,False,False,0,file_missing,
s014144,False,False,False,False,False,0,file_missing,
s014145,False,False,False,False,False,0,file_missing,
s014146,False,False,False,False,False,0,file_missing,
s014147,False,False,False,False,False,0,file_missing,
s014148,False,False,False,False,False,0,file_missing,
s014149,False,False,False,False,False,0,file_missing,
s014150,False,False,False,False,False,0,file_missing,
s014151,False,False,False,False,False,0,file_missing,
s014152,False,False,False,False,False,0,file_missing,
s014153,False,False,False,False,False,0,file_missing,
s014154,False,False,False,False,False,0,file_missing,
s014155,False,False,False,False,False,0,file_missing,
s014156,False,False,False,False,False,0,file_missing,
s014157,False,False,False,False,False,0,file_missing,
s014158,False,False,False,False,False,0,file_missing,
s014159,False,False,False,False,False,0,file_missing,
s014160,False,False,False,False,False,0,file_missing,
s014161,False,False,False,False,False,0,file_missing,
s014162,False,False,False,False,False,0,file_missing,
s014163,False,False,False,False,False,0,file_missing,
s014164,False,False,False,False,False,0,file_missing,
s014165,False,False,False,False,False,0,file_missing,
s014166,False,False,False,False,False,0,file_missing,
s014167,False,False,False,False,False,0,file_missing,
s014168,False,False,False,False,False,0,file_missing,
s014169,False,False,False,False,False,0,file_missing,
s014170,True,True,True,False,False,0,file_missing,
s014171,True,True,True,False,False,0,file_missing,
s014172,True,True,True,False,False,0,file_missing,
s014173,True,True,True,False,False,0,file_missing,
s014174,True,True,True,False,False,0,file_missing,
s014175,True,True,True,False,False,0,file_missing,
s014176,False,True,False,False,False,0,file_missing,
s014177,True,True,True,False,False,0,file_missing,
s014178,True,True,True,False,False,0,file_missing,
s014179,False,False,False,False,False,0,file_missing,
s014180,True,True,True,False,False,0,file_missing,
s014181,True,True,True,False,False,0,file_missing,
s014182,True,True,True,False,False,0,file_missing,
s014183,True,True,True,False,False,0,file_missing,
s014184,False,False,False,False,False,0,file_missing,
s014185,True,True,True,False,False,0,file_missing,
s014186,False,False,False,False,False,0,file_missing,
s014187,True,True,True,False,False,0,file_missing,
s014188,True,True,True,False,False,0,file_missing,
s014189,True,True,True,False,False,0,file_missing,
s014190,True,True,True,False,False,0,file_missing,
s014191,True,True,True,False,False,0,file_missing,
s014192,True,True,True,False,False,0,file_missing,
s014193,False,False,False,False,False,0,file_missing,
s014194,False,False,False,False,False,0,file_missing,
s014195,True,True,True,False,False,0,file_missing,
s014196,False,False,False,False,False,0,file_missing,
s014197,False,False,False,False,False,0,file_missing,
s014198,False,False,False,False,False,0,file_missing,
s014199,True,True,True,False,False,0,file_missing,
s014200,True,True,True,False,False,0,file_missing,
s014201,True,True,True,False,False,0,file_missing,
s014202,True,True,True,False,False,0,file_missing,
s014203,True,True,True,False,False,0,file_missing,
s014204,True,True,True,False,False,0,file_missing,
s014205,False,False,False,False,False,0,file_missing,
s014206,False,False,False,False,False,0,file_missing,
s014207,False,False,False,False,False,0,file_missing,
s014208,False,False,False,False,False,0,file_missing,
s014209,False,False,False,False,False,0,file_missing,
s014210,False,False,False,False,False,0,file_missing,
s014211,False,False,False,False,False,0,file_missing,
s014212,False,False,False,False,False,0,file_missing,
s014213,False,False,False,False,False,0,file_missing,
s014214,False,False,False,False,False,0,file_missing,
s014215,False,False,False,False,False,0,file_missing,
s014216,False,False,False,False,False,0,file_missing,
s014217,False,False,False,False,False,0,file_missing,
s014218,False,False,False,False,False,0,file_missing,
s014219,False,False,False,False,False,0,file_missing,
s014220,False,False,False,False,False,0,file_missing,
s014221,False,False,False,False,False,0,file_missing,
s014222,False,False,False,False,False,0,file_missing,
s014223,False,False,False,False,False,0,file_missing,
s014224,False,False,False,False,False,0,file_missing,
s014225,False,False,False,False,False,0,file_missing,
s014226,False,False,False,False,False,0,file_missing,
s014227,False,False,False,False,False,0,file_missing,
s014228,False,False,False,False,False,0,file_missing,
s014229,False,False,False,False,False,0,file_missing,
s014230,False,False,False,False,False,0,file_missing,
s014231,False,False,False,False,False,0,file_missing,
s014232,False,False,False,False,False,0,file_missing,
s014233,False,False,False,False,False,0,file_missing,
s014234,False,False,False,False,False,0,file_missing,
s014235,False,False,False,False,False,0,file_missing,
s014236,False,False,False,False,False,0,file_missing,
s014237,False,False,False,False,False,0,file_missing,
s014238,False,False,False,False,False,0,file_missing,
s014239,False,False,False,False,False,0,file_missing,
s014240,False,False,False,False,False,0,file_missing,
s014241,False,False,False,False,False,0,file_missing,
s014242,False,False,False,False,False,0,file_missing,
s014243,False,False,False,False,False,0,file_missing,
s014244,False,False,False,False,False,0,file_missing,
s014245,False,False,False,False,False,0,file_missing,
s014246,False,False,False,False,False,0,file_missing,
s014247,False,False,False,False,False,0,file_missing,
s014248,False,False,False,False,False,0,file_missing,
s014249,False,False,False,False,False,0,file_missing,
s014250,False,False,False,False,False,0,file_missing,
s014251,False,False,False,False,False,0,file_missing,
s014252,False,False,False,False,False,0,file_missing,
s014253,False,False,False,False,False,0,file_missing,
s014254,False,False,False,False,False,0,file_missing,
s014255,False,False,False,False,False,0,file_missing,
s014256,False,False,False,False,False,0,file_missing,
s014257,False,False,False,False,False,0,file_missing,
s014258,False,False,False,False,False,0,file_missing,
s014259,False,False,False,False,False,0,file_missing,
s014260,False,False,False,False,False,0,file_missing,
s014261,False,False,False,False,False,0,file_missing,
s014262,False,False,False,False,False,0,file_missing,
s014263,False,False,False,False,False,0,file_missing,
s014264,False,False,False,False,False,0,file_missing,
s014265,False,False,False,False,False,0,file_missing,
s014266,False,False,False,False,False,0,file_missing,
s014267,False,False,False,False,False,0,file_missing,
s014268,False,False,False,False,False,0,file_missing,
s014269,False,False,False,False,False,0,file_missing,
s014270,False,False,False,False,False,0,file_missing,
s014271,False,False,False,False,False,0,file_missing,
s014272,False,False,False,False,False,0,file_missing,
s014273,False,False,False,False,False,0,file_missing,
s014274,False,False,False,False,False,0,file_missing,
s014275,False,False,False,False,False,0,file_missing,
s014276,False,False,False,False,False,0,file_missing,
s014277,False,False,False,False,False,0,file_missing,
s014278,False,False,False,False,False,0,file_missing,
s014279,False,False,False,False,False,0,file_missing,
s014280,False,False,False,False,False,0,file_missing,
s014281,False,False,False,False,False,0,file_missing,
s014282,False,False,False,False,False,0,file_missing,
s014283,False,False,False,False,False,0,file_missing,
s014284,False,False,False,False,False,0,file_missing,
s014285,False,False,False,False,False,0,file_missing,
s014286,False,False,False,False,False,0,file_missing,
s014287,False,False,False,False,False,0,file_missing,
s014288,False,False,False,False,False,0,file_missing,
s014289,False,False,False,False,False,0,file_missing,
s014290,False,False,False,False,False,0,file_missing,
s014291,False,False,False,False,False,0,file_missing,
s014292,False,False,False,False,False,0,file_missing,
s014293,False,False,False,False,False,0,file_missing,
s014294,False,False,False,False,False,0,file_missing,
s014295,False,False,False,False,False,0,file_missing,
s014296,False,False,False,False,False,0,file_missing,
s014297,False,False,False,False,False,0,file_missing,
s014298,False,False,False,False,False,0,file_missing,
s014299,False,False,False,False,False,0,file_missing,
s014300,False,False,False,False,False,0,file_missing,
s014301,False,False,False,False,False,0,file_missing,
s014302,False,False,False,False,False,0,file_missing,
s014303,False,False,False,False,False,0,file_missing,
s014304,False,False,False,False,False,0,file_missing,
s014305,False,False,False,False,False,0,file_missing,
s014306,False,False,False,False,False,0,file_missing,
s014307,False,False,False,False,False,0,file_missing,
s014308,False,False,False,False,False,0,file_missing,
s014309,False,False,False,False,False,0,file_missing,
s014310,False,False,False,False,False,0,file_missing,
s014311,False,False,False,False,False,0,file_missing,
s014312,False,False,False,False,False,0,file_missing,
s014313,False,False,False,False,False,0,file_missing,
s014314,False,False,False,False,False,0,file_missing,
s014315,False,False,False,False,False,0,file_missing,
s014316,False,False,False,False,False,0,file_missing,
s014317,False,False,False,False,False,0,file_missing,
s014318,False,False,False,False,False,0,file_missing,
s014319,False,False,False,False,False,0,file_missing,
s014320,False,False,False,False,False,0,file_missing,
s014321,False,False,False,False,False,0,file_missing,
s014322,False,False,False,False,False,0,file_missing,
s014323,False,False,False,False,False,0,file_missing,
s014324,False,False,False,False,False,0,file_missing,
s014325,False,False,False,False,False,0,file_missing,
s014326,False,False,False,False,False,0,file_missing,
s014327,False,False,False,False,False,0,file_missing,
s014328,False,False,False,False,False,0,file_missing,
s014329,False,False,False,False,False,0,file_missing,
s014330,False,False,False,False,False,0,file_missing,
s014331,False,False,False,False,False,0,file_missing,
s014332,False,False,False,False,False,0,file_missing,
s014333,False,False,False,False,False,0,file_missing,
s014334,False,False,False,False,False,0,file_missing,
s014335,False,False,False,False,False,0,file_missing,
s014336,False,False,False,False,False,0,file_missing,
s014337,False,False,False,False,False,0,file_missing,
s014338,False,False,False,False,False,0,file_missing,
s014339,False,False,False,False,False,0,file_missing,
s014340,False,False,False,False,False,0,file_missing,
s014341,False,False,False,False,False,0,file_missing,
s014342,False,False,False,False,False,0,file_missing,
s014343,False,False,False,False,False,0,file_missing,
s014344,False,False,False,False,False,0,file_missing,
s014345,False,False,False,False,False,0,file_missing,
s014346,False,False,False,False,False,0,file_missing,
s014347,False,False,False,False,False,0,file_missing,
s014348,False,False,False,False,False,0,file_missing,
s014349,False,False,False,False,False,0,file_missing,
s014350,False,False,False,False,False,0,file_missing,
s014351,False,False,False,False,False,0,file_missing,
s014352,False,False,False,False,False,0,file_missing,
s014353,False,False,False,False,False,0,file_missing,
s014354,True,True,True,False,False,0,file_missing,
s014355,False,False,False,False,False,0,file_missing,
s014356,True,True,True,False,False,0,file_missing,
s014357,False,False,False,False,False,0,file_missing,
s014358,True,True,True,False,False,0,file_missing,
s014359,True,True,True,False,False,0,file_missing,
s014360,True,True,True,False,False,0,file_missing,
s014361,False,False,False,False,False,0,file_missing,
s014362,True,True,True,False,False,0,file_missing,
s014363,False,False,False,False,False,0,file_missing,
s014364,False,False,False,False,False,0,file_missing,
s014365,False,False,False,False,False,0,file_missing,
s014366,False,False,False,False,False,0,file_missing,
s014367,False,False,False,False,False,0,file_missing,
s014368,False,False,False,False,False,0,file_missing,
s014369,False,False,False,False,False,0,file_missing,
s014370,False,False,False,False,False,0,file_missing,
s014371,False,False,False,False,False,0,file_missing,
s014372,False,False,False,False,False,0,file_missing,
s014373,False,False,False,False,False,0,file_missing,
s014374,False,False,False,False,False,0,file_missing,
s014375,False,False,False,False,False,0,file_missing,
s014376,False,False,False,False,False,0,file_missing,
s014377,False,False,False,False,False,0,file_missing,
s014378,False,False,False,False,False,0,file_missing,
s014379,False,False,False,False,False,0,file_missing,
s014380,False,False,False,False,False,0,file_missing,
s014381,False,False,False,False,False,0,file_missing,
s014382,False,False,False,False,False,0,file_missing,
s014383,False,False,False,False,False,0,file_missing,
s014384,False,False,False,False,False,0,file_missing,
s014385,False,False,False,False,False,0,file_missing,
s014386,False,False,False,False,False,0,file_missing,
s014387,False,False,False,False,False,0,file_missing,
s014388,False,False,False,False,False,0,file_missing,
s014389,False,False,False,False,False,0,file_missing,
s014390,False,False,False,False,False,0,file_missing,
s014391,False,False,False,False,False,0,file_missing,
s014392,False,False,False,False,False,0,file_missing,
s014393,False,False,False,False,False,0,file_missing,
s014394,False,False,False,False,False,0,file_missing,
s014395,False,False,False,False,False,0,file_missing,
s014396,False,False,False,False,False,0,file_missing,
s014397,True,True,True,False,False,0,file_missing,
s014398,False,False,False,False,False,0,file_missing,
s014399,True,True,True,False,False,0,file_missing,
s014400,True,True,True,False,False,0,file_missing,
s014401,False,False,False,False,False,0,file_missing,
s014402,False,False,False,False,False,0,file_missing,
s014403,True,True,True,False,False,0,file_missing,
s014404,False,False,False,False,False,0,file_missing,
s014405,False,False,False,False,False,0,file_missing,
s014406,True,True,True,False,False,0,file_missing,
s014407,True,True,True,False,False,0,file_missing,
s014408,False,False,False,False,False,0,file_missing,
s014409,True,True,True,False,False,0,file_missing,
s014410,True,True,True,False,False,0,file_missing,
s014411,True,True,True,False,False,0,file_missing,
s014412,True,True,True,False,False,0,file_missing,
s014413,True,True,True,False,False,0,file_missing,
s014414,False,False,False,False,False,0,file_missing,
s014415,True,True,True,False,False,0,file_missing,
s014416,False,False,False,False,False,0,file_missing,
s014417,True,True,True,False,False,0,file_missing,
s014418,False,False,False,False,False,0,file_missing,
s014419,True,True,True,False,False,0,file_missing,
s014420,True,True,True,False,False,0,file_missing,
s014421,True,True,True,False,False,0,file_missing,
s014422,True,True,True,False,False,0,file_missing,
s014423,True,True,False,True,True,4,decoded,06694cfe433cf5d9d225fd655c7ee56ebf26e122ee79e1e308747f3b0398cbe8
s014424,True,True,False,True,True,4,decoded,93bfa2e6106157b15ff38f8b0a12fc379a9132c86e1cd70d0df76795fb0d1ae7
s014425,True,True,False,True,True,4,decoded,9230136737edfb4561d4d9f8367acad0d88be983b1578bcf713c37fda75ec1c3
s014426,True,True,False,True,True,4,decoded,80b1cb1fca0e2b09bc3ce2f60de3a4230b5cf2c912ce141c17354af45f91b8b6
s014427,True,True,False,True,True,4,decoded,c5205f3b4516f8b7f25b9a79d000a5b0cdb327210ecf478b499cce48eb4af9a9
s014428,True,True,False,True,True,4,decoded,75ff903d5060eb29e4573d3f71e1aba67967408c8c257410c09793643484d648
s014429,True,True,False,True,True,4,decoded,2620f0bed283eb127293868f28e3e0a097a6b1f10d6ec479811b64536e6d369e
s014430,True,True,False,True,True,4,decoded,8305b6a1f6db99601988f3855536b1a729c1508c8f142f24b1ad7dbb0e449b57
s014431,True,True,False,True,True,4,decoded,48d9740d14ecee1f7ab6a3ff0731a08eb8ac5de3a8eafeaad5aa617d017e61e8
s014432,True,True,False,True,True,4,decoded,67a4bd74ba349d6623d8d417fd0c8f766f21678e503237d5a78224b7b85f31e0
s014433,True,True,False,True,True,4,decoded,f7e0f8d718294d5ab926fb6e324356af02f91450527b0b4d667b0e72c30bf249
s014434,True,True,False,True,True,4,decoded,6e9591723b62d413c9b17106e8c63a77ed30be687cdda48b1073193b861bbee2
s014435,True,True,False,True,True,4,decoded,e488d603d41c350146a4e7048910a179ecfc09ab26a119fea2f15e1940a4db75
s014436,True,True,False,True,True,4,decoded,ba1ade94073ec320f462eb09fee3318a4c8995b7e04fbed4309d2e40aee72921
s014437,True,True,False,True,True,4,decoded,16f6f091f16aaf3f92d8eb16b0211aca6eb8e342250f2c04fe42f8a9f6342bd5
s014438,True,True,False,True,True,4,decoded,c7e49315e65402f0b17792ea3eda40a8947673ef0116768e28fb573f8719ab6c
s014439,True,True,False,True,True,4,decoded,fdf5a94465656606dca7141c56c40b14f0fa0bc950e62fc7590874465f351c84
s014440,True,True,False,True,True,4,decoded,2647700705ce63e263ea528e67351f6bc990e37102f0b0260406d505dc6d6f7c
s014441,True,True,False,True,True,4,decoded,f32cb965d8ebdc68c1bbc0fbb46d577ad20595d40cbb50d73b0b660670ce117e
s014442,True,True,False,True,True,4,decoded,2f1c3867f07a4066e3db0a0fd0d84481cb2791bdf74f5e10e9a98645a46bc6d9
s014443,True,True,False,True,True,4,decoded,a9259604663e7f4e4f44eada63f623db8a0e0dc8d37f5ef48315ba5b3b1eb8e2
s014444,True,True,False,True,True,4,decoded,47473c9f368773f2ae8d21fe80574eb7dc68e53304629d5f4955df915bfa67e2
s014445,True,True,False,True,True,4,decoded,a205c3923b7698974847854d7ca806a44050f29fd51f7a40afad77eff8ebcca1
s014446,True,True,False,True,True,4,decoded,7fe7bde4252cc92fe45f4f54c4b54aedca16d36cf0a0262b4d049f524eb58ab4
s014447,True,True,False,True,True,4,decoded,e5bae8aa5bca6dae4092100559e1513802a4caa66a09f55db11b08bc8a1b792b
s014448,True,True,False,True,True,4,decoded,ea3d90af33f0c1ca2506e5fc3c9d780d354c992237fc19d92cce09aa8e608da5
s014449,True,True,False,True,True,4,decoded,19151e0692630b6d3617c09b78b37c07ba88cf6e89348416541c15106243c146
s014450,True,True,False,True,True,4,decoded,b95d4d01a440c384d767c0efe86d764c68782f85fd4dde1ba11727cafa144135
s014451,True,True,False,True,True,4,decoded,e35f04153c560666d6e55c7b0005594e45743e924f357677f0eb59ffc8df8210
s014452,True,True,False,True,True,4,decoded,38138357b796fc4697209723d2634a0f51284f0118783be16a891a9cf0145851
s014453,True,True,False,True,True,4,decoded,301944edbfc89907380e58a983d9ed2fb02b1b83351d6c64c5f1e6ba6c3f2850
s014454,True,True,False,True,True,4,decoded,c2564503701f48d81cfa00e2b523aadec4d4bea1d28d071f4db92c5dd8ecc124
s014455,True,True,False,True,True,4,decoded,6481497c2627ad14c385b69ecd22f3dfa98e94b370e0df75f6cd1d51b9f74a90
s014456,True,True,False,True,True,4,decoded,55a035eff40afd8dd150a1b1b390701833fb77c7146aa2e0b3a6d89dbf9edc26
s014457,True,True,False,True,True,4,decoded,6b854b023e8127f8bbbf40ddb33d4dbb1e3abc5fb19468f6762fcb1d5cf21fae
s014458,True,True,False,True,True,4,decoded,d0ae46f70e059c0f1563856b5aad55c75dbeeaae07792c5aa7b0c88f68935175
s014459,True,True,False,True,True,4,decoded,8c0e5a06d065659a7534bb84659fe85d13024d21a27bcb1d7d5547e4de2d4a70
s014460,True,True,False,True,True,4,decoded,7803eb2bb4f8a247e5e9e26fcf42818f4afa2ef662ef81b191e9d2803c37e283
s014461,True,True,False,True,True,4,decoded,c4ade29458a02d6abc3c13847c6deb812832956b1b37c969f03d3270084dd175
s014462,True,True,False,True,True,4,decoded,e5d620fa5dff7789eb7c3c9479984ef8f1d931dca843c3e4f7ff0e2b600a72ed
s014463,True,True,False,True,True,4,decoded,7ead2fdbf79b26b23fac82dce650c925d6933d7b3741b2c2737d3249d71dbd64
s014464,True,True,False,True,True,4,decoded,7519071e0d330c8e5326a17d461a7e04cc8c2c96cddee07bc7c5b1eda5a662d4
s014465,True,True,False,True,True,4,decoded,3a0817dd17def698031eb62ab8766fd3c3aaba2530cdc196f2840a1f10b018fc
s014466,True,True,False,True,True,4,decoded,48b27ab94b14d6c7b452574e2a2010367e38bec28340c613edefb18eab2c389b
s014467,True,True,False,True,True,4,decoded,510c7c792f934e7f56a2ff18a14af8a79c5a80d1c8f13539534906972d466eca
s014468,True,True,False,True,True,4,decoded,94f4a2c510aa231df57b23fae33d7a49f79dcf49d28501f90b44fe179e2f2c06
s014469,True,True,False,True,True,4,decoded,4fdcbd181ee316ba31230b5b5a3709a661909f98b333ef6455a1564d535a85ac
s014470,True,True,False,True,True,4,decoded,9e3dd1204c82990171cb455cb41f3337ac2d8634f1abd1e9bfe25c55d40c0d0c
s014471,True,True,False,True,True,4,decoded,a30bb8f74832e0ea7717893ac6fb1c8d886b1bb13e109247d628f48af86e7b45
s014472,True,True,False,True,True,4,decoded,05ce02e568ef4851a5aca5901b484660267cb8b4be7184e4d5a36b4709f7027b
s014473,True,True,False,True,True,4,decoded,4a797e4bfd5839a7c6ab11151509c70b19a9a1104cba6643d80ea0f1a572b8e2
s014474,True,True,False,True,True,4,decoded,171a4b7154b8a13bb8ba725a084c2ddae46ea6f1f42b27a0591849528129f7e7
s014475,True,True,False,True,True,4,decoded,25fb61350d867d5ff7595630e49951be9a692d017e073be9de5376fae3f6ff2f
s014476,True,True,False,True,True,4,decoded,6c772c73ff1539413ff50c326ddfebad890156f7519283b59a2fc98c8f4d6525
s014477,True,True,False,True,True,4,decoded,c0fc45b00f80a881bdc3213d1edbf9d3d3171b6f4077e74dc2b3efb60e57b17f
s014478,True,True,False,True,True,4,decoded,c2bde24d7ad322219ca3c032c750a93f5717765ce7c6d4950c9e783bd5cf8e63
s014479,True,True,False,True,True,4,decoded,a71cbe513bcabff5343bd8d016e32435fc0fc84e3ca025cd38b42c975384200f
s014480,True,True,False,True,True,4,decoded,b877e83a2418ac7e4a29355e2e1f3e91d0f8e3dbdfa529ca239de922c1ff4673
s014481,True,True,False,True,True,4,decoded,00407a5f9684d9a1edea69915308aa9bb39f01e6eee9287517e8f301aec071ae
s014482,True,True,False,True,True,4,decoded,36db76aa7786b7e007b213b850859532b6f2922179621829cba3bc5b02c5d9ea
s014483,True,True,False,True,True,4,decoded,117a0346e6ab3c5443efef9ecb3a0e4cd476c6c83970bc9451a736fae7049432
s014484,True,True,False,True,True,4,decoded,457322c63087087b72ef74faa6090f4d3734a80f1f0ab43becc2b7db38de8f40
s014485,True,True,False,True,True,4,decoded,78f933297ed32639be0c2c798e60f439ff3206558a20554b22ecc4e0be8ba516
s014486,True,True,False,True,True,4,decoded,7a32f7729fcfda9b8ce1b5ee71195c6188f0623be432ddfe60ba097eda3301d6
s014487,True,True,False,True,True,4,decoded,fc5a579469d06cd63751c25f0f34ec791f8744eddaea49a32d4704142d3d2223
s014488,True,True,False,True,False,0,unreadable_container,761bd0c2586521b46657cd52d8587a4bf446437e1d4870ec1eb341de3c1af956
s014489,True,True,False,True,True,4,decoded,6b62af1911c7c8e83988e890d45472e8640935be86a75c46eaa44c29bfe44654
s014490,True,True,False,True,True,4,decoded,db6359c68582606dfbbebab68daeff497e5084f11409982601227fc9d3912d5f
s014491,True,True,False,True,True,4,decoded,4d3c9884714e3a37f6ad79b34ca0002feec65647a8e3d68f66acfd746543b385
s014492,True,True,False,True,True,4,decoded,f6049558e14027f9d8912d2c4722120ec4c9a2791270618bf45d6fc7908d03b5
s014493,True,True,False,True,True,4,decoded,fa3aec10a072ec0122c9167b0abc4d3d6d1ba9ab93e7a1b4842c90c9acebcb1f
s014494,True,True,False,True,True,4,decoded,bfa2c26cadb12e48baf3441383ef33c47b066b5cf6af136a27ed38dd71482a2a
s014495,True,True,False,True,True,4,decoded,175ba342ff8e266f936f2d0232320562d85260b53c464d8cea710f8d604f3c48
s014496,True,True,False,True,True,4,decoded,adcef2687cc65050b289da577d82da8aecf0de08505fbcbd0c23ca40e7b681fa
s014497,True,True,False,True,True,4,decoded,5b03663cb6a4c0779b77b60a214b08d6742f949a61047e91113946abc00dc510
s014498,True,True,False,True,True,4,decoded,bb0e92daef5e3eca660a695a198cbacafe52c84a719182572531925570c94cd2
s014499,True,True,False,True,True,4,decoded,bba98b07020dccf0ae93d2f1f3f6f76f77b7230c872f762a7c29b3413f033519
s014500,True,True,False,True,True,4,decoded,6a322546035f1f00cb107f2aafe2d444fe0116c178cbfc8eed759fea8b3e20cf
s014501,True,True,False,True,False,0,unreadable_container,992eab64b6a4b7a994cec6f6dd9b7efd28b5d82d272329859b80ad7e41ebf7f5
s014502,True,True,False,True,True,4,decoded,1370624177e659b974e9bba96b63c3555da1cec430a07bbc15545ae3c5b1952a
s014503,True,True,False,True,True,4,decoded,04686ff9a198679373cca34c623d78e96916db953b87b323b799b73719b300e6
s014504,True,True,False,True,True,4,decoded,4dc5fcfa26ab759f1b1201c946a2f706e22883ea49f589200602b94b9ee6ed51
s014505,True,True,False,True,False,0,unreadable_container,3ac9d4a67137c0447fd75988cd55acc63b7b321dd26826538f4abf33d884c61e
s014506,True,True,False,True,True,4,decoded,5f722b624ffb898ecf280515dd00e52bec26c356be0aeca18540124ef20bc24c
s014507,True,True,False,True,True,4,decoded,f279b5ac312eb8cc340a688ba59c7eea824a2f9bdd213fd51b307226eed66c9b
s014508,True,True,False,True,True,4,decoded,03c533b2f47293fde3fe3cfe7a0e412b4075e9e2dceacb5fe02800d548c4e2a5
s014509,True,True,False,True,True,4,decoded,8de67833ee397ecce374776144cabf099be3f839621b76ce3ae0a28c3601f816
s014510,True,True,False,True,True,4,decoded,6e32c0e222696419ba4a296c72e6bd9cf6b2f0ad97013338c1f4bc67372cea77
s014511,True,True,False,True,True,4,decoded,d1b6fe85eb50404000a81158b90bf72b7b2beee2aec40a676d5db1788a190aee
s014512,True,True,False,True,True,4,decoded,1ec2a35896d795fb340ee5f177823ef235b18f7aad3f512572e2d6e8cbadfecd
s014513,True,True,False,True,True,4,decoded,2da37d63b68c52445cc78f83e0d39c60bd924b38efd18536b77b0f675a6ef226
s014514,True,True,False,True,True,4,decoded,74818ab0b393b23bf3a73d95819e8676d0dc298e47f3810492da226e33ba7437
s014515,True,True,False,True,True,4,decoded,26c9b7776975a643d82c4d22cb97052f8c66c45a1772ad6cf98837d2e11ada6a
s014516,True,True,False,True,False,0,unreadable_container,406ded1eb3b3a0ea7023009234e1f51097112d827053e9f018aaa60a98299e9c
s014517,True,True,False,True,True,4,decoded,30397d66573f46024728288e7d125200afd9a418403d86cd7d27ecd48d45d9d1
s014518,True,True,False,True,True,4,decoded,3dd556c7d3410586eab026dcafbe5ecde2d89386b081fe18189db39951352992
s014519,True,True,False,True,True,4,decoded,5ff5a26a11ea43bf917ffa119da6e196c82d50174e15016a38efa8e035cbf6bc
s014520,True,True,False,True,True,4,decoded,a433f30e2eac2f43ce9affdba05d2fbb97b7f26377413f1195659ab7caedf042
s014521,True,True,False,True,True,4,decoded,7eb51ebb511939be14f6e96d2dc74f10a0e55b6e6b6c328bcc391ebcbc1550eb
s014522,True,True,False,True,True,4,decoded,10b61dd9ee29b37eef59d990199c00ff09e2ce98ad9641362b932938e5a9c844
s014523,True,True,False,True,True,4,decoded,cd55676eb0ab7e3319ad618fefa6276e38be72a4ada13c5191301c7f86625630
s014524,True,True,False,True,True,4,decoded,40375003204dd7bd2ea75c7d602581bdf62509694706d2dd9b99cce4491a5575
s014525,True,True,False,True,True,4,decoded,5bd5f0f200dfeb9e359ee34d70a16826f551860a31b86bc60fa182309699c033
s014526,True,True,False,True,True,4,decoded,5cfe4ba395cf335aaaa1711be0b420c3e88154d56fc1ea9eea4140fdeac49b6d
s014527,True,True,False,True,True,4,decoded,5a8ebd511dd97e7efa244fb776e45907c443011f19318eecf55a9b57b48fdf7e
s014528,True,True,False,True,True,4,decoded,c1868b3ec35b1a7ae43ae25661e44eff39cecb5774e676f68d77507e5af7d93d
s014529,True,True,False,True,True,4,decoded,3c3d2247db51442fcc1b95366416f9315a40879ad5ca0c41bb920c73dbb7f186
s014530,True,True,False,True,True,4,decoded,62805bd95e6c2ea15c6a043ed9212df802e64061c7f23c20a07af8ce20f85b2b
s014531,True,True,False,True,True,4,decoded,999ac4d21b878d18e69629bcd6e9173822f84e6c72e27d7d3b4f8d15c91fd9e6
s014532,True,True,False,True,True,4,decoded,b6cca19ed689ecd2e9903e6b7d5a3453fc290767bb0f516d591995e788d1a4fb
s014533,True,True,False,True,True,4,decoded,7a27d3a109dbacaf3f1cda18cc59949112a71966af36904aebb79bb00784fdf9
s014534,True,True,False,True,True,4,decoded,fc15c654ba383c58d5482c465cbf89963ac5c594215b56f1ddfc80b1ca58de44
s014535,True,True,False,True,True,4,decoded,562148926274cac0d89a2d0cb3c816d8c240a92896b13e0e126648563e7b11c4
s014536,True,True,False,True,True,4,decoded,acd4533a81914fe3783b237afe09c8c6fd59051023542cfcecfc122bede26e5a
s014537,True,True,False,True,False,0,unreadable_container,0d1e53cafa7c2158cf8ce8d094e99fef18dd132fb0dd32f8c5c3e0cc9f312681
s014538,True,True,False,True,True,4,decoded,25bcf464bbed84d89924c78c90ffa6de197906206aaf32c3c0f171c192da2d50
s014539,True,True,False,True,True,4,decoded,1fde8d16a4a041dae3790bd3974e9ea030c689a641dde724fe8d5995b06ab3eb
s014540,True,True,False,True,True,4,decoded,2d1ec6cadceb261b7ca43afbb2dd3b4196925618250ba1ec23f3d32248b6f8db
s014541,True,True,False,True,True,4,decoded,38463f08c1c4c793de8b43718d8a3d1422a07f2123c04b8723e2ddc02ad2ff38
s014542,True,True,False,True,True,4,decoded,839ce8037338b31c80a880225d601cd656ed1ca40f41dffc016f89a84e632431
s014543,True,True,False,True,True,4,decoded,2d17bff1d6f5885673a21c7861400af92ddd7f0535f7a8d391c94c6cd6c923b5
s014544,True,True,False,True,True,4,decoded,7169949f7d05ed04c925a281d632fb9272b00b3d82543386b8073e57da181cc0
s014545,True,True,False,True,True,4,decoded,76a0b002dc437bb5c7d587bbde19469232fccc15d94799171125517e2d81996a
s014546,True,True,False,True,True,4,decoded,64f7d74435a958e2d3bf475c3b5f17d72e464dc1b6f35e93db4eee84a62501b7
s014547,True,True,False,True,True,4,decoded,2db6582887ed64fcf84d236e45cb4334b82880e3473cc9341862230ede5d347b
s014548,True,True,False,True,True,4,decoded,eb61cbe811c81f0dcb9df7dd6376b0118aa1f192617bc024501d8389934b4ae3
s014549,True,True,False,True,True,4,decoded,24d5f2dbf8e9a97aaf9da608d6d45a6c5576d731c0e5996a20224d95c631708c
s014550,True,True,False,True,True,4,decoded,c7f2568a5b5300f346ce56a447e457b2484ed4806f94772bac0e6aeb6bf90d43
s014551,True,True,False,True,True,4,decoded,e1582419775b0c6fb2afd716641555a2a5ddd01becde92d20935232ffadd4747
s014552,True,True,False,True,True,4,decoded,be01477bdd9c79b4b553ee49d9cbbd6a00a066dad8eb3c35da28f0b39917195e
s014553,True,True,False,True,True,4,decoded,2bba34d9dba1b561737f9e1301f41aac7c6c891092130146f5625e219abed375
s014554,True,True,False,True,True,4,decoded,1b35f3d861c46d53f39abcbcf7917ca2be4a92564dcf61b15ce5dcdc169a9ae1
s014555,True,True,False,True,True,4,decoded,1f1ee96030fcb1016902e03b73881f39daa34c65e78160675443e8bafe0ea452
s014556,True,True,False,True,True,4,decoded,7743c696713ce09f4bc5ec20f5da6d495b18b13f0156ee1b450f7d03f5591854
s014557,True,True,False,True,True,4,decoded,1a5a759d7e1f1af2a532d9f61fffeb5999d410d1bb9f3441cbe08562b2598268
s014558,True,True,False,True,True,4,decoded,852f57b0d5a1dbec1867199267fad06a0ea4f0e1b3033915b79802149d013ab8
s014559,True,True,False,True,True,4,decoded,722022b95d9a81fd6fc3d41a8d6c553e9fc00af27246b81ae1be33652c66d2b6
s014560,True,True,False,True,True,4,decoded,55e8e7327c2779b1079942ed17d018b0c6de9d1b7a3e1ea1f15b34fb44cfcfd1
s014561,True,True,False,True,True,4,decoded,cad6cd35ca17bce3b278f9d71462c41580c4e94fa0a8cef94ada920709eb09b2
s014562,True,True,False,True,True,4,decoded,6df2b7fd9dbc4b569a32ef1e834ae977426902419eee84f04f69aa235a8f2ed3
s014563,True,True,False,True,True,4,decoded,1034c9b1a2b3c59b385fec94e157b9b0e684139c7c689828668a6d32a5f6fb7e
s014564,True,True,False,True,True,4,decoded,6bf747a1c072e012d5189440ece13d67a1b671b18ff0e5b622ab608669687feb
s014565,True,True,False,True,True,4,decoded,2cd0847b379310f79a5173e98272ab174ed262fc387097bb317a695365f07381
s014566,True,True,False,True,True,4,decoded,c1423c3ecbab3e8b113ebc69f1ea64222bc464952e2601a7e1041c8239271e5e
s014567,True,True,False,True,True,4,decoded,1ef2a40d2f7a585b36af331fece960ed94e72e29bde02beac12f07de27408a76
s014568,True,True,False,True,False,0,unreadable_container,043a0dc9dcd4560460434ca283a4b9fbd808e9c657069cf2ae5d67f5bfb83f60
s014569,True,True,False,True,True,4,decoded,04d4f793d4e233d7efb3ad7d5e12443e6c9f7ab4b823d23b3e1836b2d9d32e06
s014570,True,True,False,True,True,4,decoded,2c767444bf181e074762b96c3f09d16d067d54a55d3d8ad9ff2bd899f5a96f2c
s014571,True,True,False,True,True,4,decoded,f54ecdcb98d87eafbd79d7d85ed5520ab56aaf4673d1102a1b6547b8389f18da
s014572,True,True,False,True,True,4,decoded,c93efa035d3988713a1162cde36096825d9fb461dfd5aadac25f86d92c1fdd5b
s014573,True,True,False,True,True,4,decoded,9415c171c88663f365f329ce4a4073c135e9053564c6704cedd3c3f485b87ced
s014574,True,True,False,True,True,4,decoded,e01731704ba5550f02b36636ea0459020cd06d58e27980a67fcbf162da02704a
s014575,True,True,False,True,True,4,decoded,1b23a1bd68a1d0016fee266dbae6019161b5776f445ef67530db3e2d158c5600
s014576,True,True,False,True,True,4,decoded,56144dd75930b0c4a93022aa1a8820a6ed4f83fa23106a913edda9b56a7e9f1e
s014577,True,True,False,True,True,4,decoded,4f5fda4d9656b2f4640ac104600defea82b0cc99b2395ba9de02a813572d9415
s014578,True,True,False,True,True,4,decoded,b6962e59d7465746ff739acf636c6fa17a6898898de0f1f33646173eed5fa0cd
s014579,True,True,False,True,True,4,decoded,d6d4c92872b7107d5672ec4caafbb99567e2247be87c59cad70588f2a1537b72
s014580,True,True,False,True,True,4,decoded,afb1170ebfdaccad92e952d2323da20c83737c35bdfca41fd491768dbf0b0c55
s014581,True,True,False,True,True,4,decoded,cf9cf952ce3ee2f7d53bf8da87071aafd1ea2e12436f588bb94b3015557620d6
s014582,True,True,False,True,True,4,decoded,b0b01be994e6922ff1e798073eb589b8727f5242c9e3431a52db01b1cba79e0c
s014583,True,True,False,True,True,4,decoded,cd29c3997c03a3d575fc7093693f8ac3eb837d8111acad09151a14376fb7a1f2
s014584,True,True,False,True,True,4,decoded,f15a6620c9e67ce7d892a026fc2bb94f0ff7f7857bfaf49a20e619eaa48bc062
s014585,True,True,False,True,True,4,decoded,bcc09b3fa287440bc0d905cb836cfe898b5dc20da4339fd827a3c5ce007404a2
s014586,True,True,False,True,True,4,decoded,9aa59a402131e95c8c236792733d1976b42b0b2914f6b641b53244f8132c5235
s014587,True,True,False,True,True,4,decoded,09d22fbc2c3309f608325f8671be59299c0a55e6209f3c0e8e741de1a5cb1cc7
s014588,True,True,False,True,True,4,decoded,6305a67925f39e18eeb47da3038a18e00176ddd88f563e5dfdab083a3e8cc58c
s014589,True,True,False,True,True,4,decoded,d090283f9850fe1a27709da67d3b8663010a21683918019b9a3e537cab217bb0
s014590,True,True,False,True,True,4,decoded,1f3756cb148c91d26cb0619d618c3eb32373e9496519ac00f23085e0f6179ad1
s014591,True,True,False,True,True,4,decoded,98abf53c573e89b25ae8b3ceb0dad94c71dbf7d120cea0099e6939711d2f2009
s014592,True,True,False,True,True,4,decoded,c3ff553790eb02577f3350545c2da6ae585d6066a04532fbdb870e033c7adc07
s014593,True,True,False,True,True,4,decoded,9f75186a7c4e5f1b008d6226b3bd26c1a084fb452228c7e5cbabb7fcd6ccd452
s014594,True,True,False,True,True,4,decoded,c5b27864f14e7ada18a2b61687e13f71635dd8922ad22926ed0df89e1be15f96
s014595,True,True,False,True,True,4,decoded,2171d9ea8853997161e351bfc0bbf95a8be3dcfdaa1f2f73bfae3f625d0fd6e4
s014596,True,True,False,True,True,4,decoded,1b8214daabe3ecd340d0b97a34f50b69e78531312b91a1bb490aeca6d6d70ca6
s014597,True,True,False,True,True,4,decoded,342c9446a49945807096cb08bcb7e1fb7589325f50188962f8405619ed6ac9ee
s014598,True,True,False,True,True,4,decoded,e0ac4910028e8130e75b281377d7876ead5ef1b2450775c3bed85aa405394a29
s014599,True,True,False,True,True,4,decoded,24293570e0adaf0f2fa5b092c52f034b6501c7ece085349c7cc399fe5d69f9ad
s014600,True,True,False,True,True,4,decoded,c801970df246dccd8dd97c278a22e18e16f168bfbca2be5b49942826519d12a1
s014601,True,True,False,True,True,4,decoded,99e81b9916f68914c7b0c5b70011fdcc534dcd1d8e0a2618822aa30a7e317018
s014602,True,True,False,True,True,4,decoded,0aa589099479486a9caaaf0dad6ddc0b83e954261a98aaed23709ff3f8030379
s014603,True,True,False,True,True,4,decoded,7ea4663a30c6fa35e3b023d6b941f7bee9c93961952ac8dbfec133c18637d191
s014604,True,True,False,True,True,4,decoded,86d9c188cd7ba554185c5cd71c32cf2ed462f0ae13416a0e7bb19727e5606d85
s014605,True,True,False,True,True,4,decoded,0a75e3c154e8673c8a0e48b45eb999974f73a97ebf1f23af42c3d9ee88fa12a9
s014606,True,True,False,True,False,0,unreadable_container,afdc3d5427209a030e1794b5b3454cb0e081bf89ed4cd3f5a1570a6d1ca98a18
s014607,True,True,False,True,True,4,decoded,5f693805734548df3c0be8bfa4c04794a7242b8fc7bd8085e9f9a32abe034639
s014608,True,True,False,True,True,4,decoded,9f1287015585122677151ab22a65a90ac7972815ae28bced7cdd0826e90f05ad
s014609,True,True,False,True,True,4,decoded,402690cdfcc4359c908aae687954562e75cd06250f7518fe2cd19d28eea29dc9
s014610,True,True,False,True,True,4,decoded,f5b102e61a0594d176489bf4f58635a7d330e6837fc84afa0f379068f03f2d5b
s014611,True,True,False,True,True,4,decoded,d0199d073a3e08d79326b120f68d6b32fe95893469ad1310720f5a80479e782e
s014612,True,True,False,True,True,4,decoded,3c31933fb80b1b5ea8df2bb72e438f80f900098a824cda3318164a0cc0d45342
s014613,True,True,False,True,True,4,decoded,96445684d93a9f670db41c1788dff09e1d385a460d6cdd5da691f0658dcdfbcc
s014614,True,True,False,True,True,4,decoded,b766d725cfed6c03d13dbcd8efa79ac63218c67bb62a8d6ce4d1d8244e995d8c
s014615,True,True,False,True,True,4,decoded,6a6331da020b1e34651db529f285ee3a554fad0da40c7e75b95e60ecd5bdae44
s014616,True,True,False,True,True,4,decoded,2ce51c99947b377d36d0ab6be218c96f4f13d145ef6497c85f830af14cca6434
s014617,True,True,False,True,True,4,decoded,a4ea18cad47a75b86ea9dabd3733149dc8374d69abe50d3db3709c6a7442788f
s014618,True,True,False,True,True,4,decoded,0761f8e4f9a2e196336ee4c6ffbd3416c686b0d9b15e30b1e0f08aa5e318c91b
s014619,True,True,False,True,True,4,decoded,cdde98946f2d43b9ebf4453d621f0620a6a13634ab4bd51f380438fa5f8fd410
s014620,True,True,False,True,True,4,decoded,a5980b0430e16eb0d819ff07eda782544e47c9504236429185d4de9c3cb320e6
s014621,True,True,False,True,True,4,decoded,907a72abcfdbd75552798051cedaf497ddb6bf059864848ba08dd1553658abcc
s014622,True,True,False,True,True,4,decoded,810fc9d7703c82e3cc258ee0e831b6882db9be0118f38890b6af3071b4956272
s014623,True,True,False,True,True,4,decoded,f6f05013ceba1d7b3f0efc3fa2588e50244f7e901478cc9c1118c94e8e3c79ca
s014624,True,True,False,True,True,4,decoded,44b39a2127157bcbf7aa0013952b7196a0c716152d5a66f567b839ebbc4bb132
s014625,True,True,False,True,True,4,decoded,51799b4b508d8e306565cdadb83dcb06ad612e83fc449ad109fa4f6cbfed2db3
s014626,True,True,False,True,True,4,decoded,0ab42fee480bf5ad3b8d397567a08878ddb673b4453a936d1f046dc1d5fedace
s014627,True,True,False,True,True,4,decoded,13cd2af4afe3f5371c564f0b396cc965087bfa24b0a11f870fe741e34e26dd52
s014628,True,True,False,True,True,4,decoded,5fc420562556eda10f154ef73cf3193147aa78ad5ac5746788b7f86644fdf148
s014629,True,True,False,True,True,4,decoded,9503bec7b417946a06dfd7fc2dac3ad9a118c06b64e16d2bb57f30ac3d528a16
s014630,True,True,False,True,True,4,decoded,0ca1850aebf3769dae29f720cf535540862913399561248f6785869dbf612a75
s014631,True,True,False,True,True,4,decoded,45f8759c93b909ead320a50fa84857d0b3e5a0eb48324dd8247b0db071cd9983
s014632,True,True,False,True,True,4,decoded,071f30b59538f770de63424f106e7f0f994688ef3998c2fa1f12c0de9d6c0e60
s014633,True,True,False,True,True,4,decoded,542f574c23d4dce851c09f23ed55f8513a094779cb3a02b0df60c02cf19f0058
s014634,True,True,False,True,True,4,decoded,bb2b45639854fc141b0e80949304dcac87e08c56f65247260ac746457c265fd9
s014635,True,True,False,True,True,4,decoded,7a0476377bf1aff8262adee0fcbe7f6d8947c8b2a827afeb4239c06230ee5150
s014636,True,True,False,True,False,0,unreadable_container,ebadd71cb742c11e256ab81d4014b55c856245a9cedaa808dc408db0271a5ae5
s014637,True,True,False,True,True,4,decoded,d52945ceb9905fde437367202a6b40d7b0c5ce2e072407fff7f0bf0aacf9557f
s014638,True,True,False,True,True,4,decoded,eca5d6b2ad4b66ce4f1be2fe0b129d676f126a101f53312880fde4e9ed95dfe3
s014639,True,True,False,True,True,4,decoded,46a78712e5da1891064ad755d4cf6a7524dd6d79b5835f7108190ffbf12888f7
s014640,True,True,False,True,True,4,decoded,ff82b7e538c06ba39e3dfb8859ebde36099c507dff8565494dafb06503b940f3
s014641,True,True,False,True,True,4,decoded,fd9a29cffaa7b85a341691e959877f63ba184a5cf37689f58bb6d17cbd6b6062
s014642,True,True,False,True,True,4,decoded,e0d7cd30958da063ef391083b81e72df7df07535acb39953227bcbe393d0afd8
s014643,True,True,False,True,True,4,decoded,1f6cc8da69020f359d7cc5e2010d9950ab02eb4e59c96347cc0598a02bf0df23
s014644,True,True,False,True,True,4,decoded,28a9243d0dfa7d15f390eb639a508d817b1c1ae9774e223b721b0b885667fcbb
s014645,True,True,False,True,True,4,decoded,2842e18912896337ad9d56cb1905b439ffb1bcef043d3e5241303b1baf64ef5d
s014646,False,True,False,True,True,4,decoded,7e5524643668ef47b0b913e563de9858d96c9c0cb405f29decebce7d7220c577
s014647,True,True,False,True,True,4,decoded,07bff236587dbaf4d9410bad56f4f7caaefc522f23b2ab90fff775b90824a3c0
s014648,False,True,False,True,True,4,decoded,574a8f796b3ab979b03c12606cab24602196e2f44beb2b5946d257810576857b
s014649,True,True,False,True,True,4,decoded,74c2030541d8ff8e070f7dd2335d84965c2f8247ddd8fb92495ce8975ad1c7fc
s014650,True,True,False,True,True,4,decoded,62970863d27f00d1776dd56c5ececd43fa56a12085c20ef77f556768bcf7a1ae
s014651,False,True,False,True,True,4,decoded,bbcb0cda272eafb207483732e76cb6590d4ab762c58ab99980c33126a210c2a5
s014652,True,True,False,True,True,4,decoded,3a5dc2e222cb3a12da7f6870f7b965e0ccccd5dc461148ba7dfa9b2e893779f9
s014653,False,True,False,True,True,4,decoded,eabb9db288b27027e6b362eb665d5957a17e9dd232ea843a8d63b255a1e886f2
s014654,True,True,False,True,True,4,decoded,ea67fee256548a9bd030d7bf1d075891ac6a880a5e8067ee0425eb99f4ea9023
s014655,False,True,False,True,True,4,decoded,57a8fc1448b9a445950ac29651bdb1565ec733bd294d6d976ab5cca64d76fd6e
s014656,True,True,False,True,True,4,decoded,1c9c9514b73502f5a0d303383301598799f7efcd0dcd15f200f9f8be76622edc
s014657,True,True,False,True,True,4,decoded,7ec2e1786120e06ca32318a396acba0430c0e7ebf6bc81f34e77d12a284f8f17
s014658,True,True,False,True,True,4,decoded,ac32117001500638aa6dd8a0ff024ee2c2eff23f1735c8e00b39d4667f363f55
s014659,True,True,False,True,True,4,decoded,99271feb3e2513c4fc880d6f995088fbf06f975b06b3d8ed1d640621423f9bb7
s014660,True,True,False,True,True,4,decoded,1bdb1dec762553b6eca24efdc442b11eae87e24e296531d7cd37c84cc21c4d95
s014661,True,True,False,True,True,4,decoded,95d5a0677738db5ccee5ceef6bb8e79b33038a8bd8b6ad9b6b028927778a45f5
s014662,True,True,False,True,True,4,decoded,607ff252618803fea17fd5f8dfd4c269b10da26a0d0855d3cc66921f34d98366
s014663,True,True,False,True,True,4,decoded,9ffd718d5b63f6fcf0c8b8987b9fdd9ecbc7f96e931badf77415a490e2088a7c
s014664,True,True,False,True,True,4,decoded,3fa9442c692474f7ac262d06c67324fdb3d056caf5b4a539abe1c819a1bbfadd
s014665,False,True,False,True,True,4,decoded,9d0bf01dae1501cc07c864e200ab230af79409c6d46e613b81b7cbbe7df19398
s014666,True,True,False,True,True,4,decoded,1aeefdc0f8858327fdf4cc3a232fe397b840b0e0e9ada02874502373f43649b6
s014667,False,True,False,True,True,4,decoded,fa0f5458264863d4a067e5d00cee0137a3c121d1dc9999d3161814745ff6634a
s014668,False,True,False,True,True,4,decoded,bbbd11e5ac37d67174bc4697640551c25d8c025085768b9122bc8cc3b3b448d0
s014669,False,True,False,True,True,4,decoded,405aee2b245b61789868166068b2d739b588759bff2adcec800752fe2e6860b9
s014670,False,True,False,True,True,4,decoded,429d9d04da1f9b30acbd083c7739df91bdbed16ae06885bd22e9fa3f55543d0e
s014671,False,True,False,True,True,4,decoded,3fde9dbd084be55cdd1f2336bce5c49672dd7c59db6f25e4659ea2675bcce4b7
s014672,False,True,False,True,True,4,decoded,2aeecbf01eea35736949d5798aadbfd6fb0645d432f825bbf667907393f0dc48
s014673,False,True,False,True,True,4,decoded,0779f6c6fc5edc1dd0c28dffabf3185b8dc6eaa566972a85b7c6101613f8edd1
s014674,True,True,False,True,True,4,decoded,bdd6bea226e2848b957b68403a134d37a882f0344bc07805712e2ef82445393f
s014675,True,True,False,True,True,4,decoded,848b9fc4a5bf1e6d059bfd1a6050e0bc34317509518b6c9399b156c5bceb60c4
s014676,False,True,False,True,True,4,decoded,04766615cf6e92b108d62cc562aec044e37cda005ef3ff185ba4c0b0c87188e8
s014677,True,True,False,True,True,4,decoded,733068c0d1794577de586201ebd1e88d2adcacbfef92461d18c502c2f746030f
s014678,True,True,False,True,True,4,decoded,cd0e75014c2bc8b3792305d9beefc84626b5e14a6a8a5cc6464fbb21aa44270f
s014679,False,True,False,True,True,4,decoded,9201bd85efcdcbed83f00ef68887de78e9a4620b61b750e513db506f852db921
s014680,True,True,False,True,True,4,decoded,82dd221aca03f4de9f34d66a66818e1c1e2fb22a698890664e0683dd2d7fef99
s014681,True,True,False,True,True,4,decoded,1342f2f135a4a84840ea52bd8f4b549b1ca931bc87bccaf456cd036a3845225d
s014682,True,True,False,True,True,4,decoded,426f9de3c846cb9a1ee84c9efd836639c84e045fec0bd26f2273a4d6172d5b7b
s014683,False,True,False,True,True,4,decoded,eb7ac0c7abb5e59305f9774c099752793eac7fa2710c7b6f6f94d63f47197e78
s014684,False,True,False,True,True,4,decoded,2d9f77a2f20ca316a0b65c90c38a32da85a9a9da22478b147e1555f25d5e3b52
s014685,True,True,False,True,True,4,decoded,c146b0c2126292f173986674cd8ec4ff2457f1693014e9238c29e157a55ea35a
s014686,False,True,False,True,True,4,decoded,6a27315dea0e5014dc399a30f386f36e9066bba60ffdce91fa169e09b61e3db8
s014687,False,True,False,True,True,4,decoded,d2c4c3d2a9343efce77644d2081290fb9e58e3fb54c32f24902a67534d1d7916
s014688,True,True,False,True,True,4,decoded,f6ce661806d66e8c78ee9f223fa0704b1156ec635575ce2ed5e24fa0f238837d
s014689,True,True,False,True,True,4,decoded,bc633c8be00130a89ee71b2c0983699b5a82096d2fc429f1e37c1332397f9599
s014690,True,True,False,True,True,4,decoded,c2121121e7cf417637e97f16bbbf68261f3cc91edd4dce6953f297eb7b5b87d9
s014691,True,True,False,True,True,4,decoded,f927775d393ccc44c264fefd9c949f441e8d5bbaacca5441898ef51daf4c7a61
s014692,True,True,False,True,True,4,decoded,15fcbf120425b2e8d7bb04bf4d256806c4fd1b501afcadeca457bce536b3d752
s014693,True,True,False,True,True,4,decoded,dcc9320716ae440041556c7a8f36f7e5bedc920ce6d9e8e9547fc912832f81a9
s014694,True,True,False,True,True,4,decoded,501172a7e84788a57e6ca04f15736c0b7752f9f9b48837edde4ac172b8081ca4
s014695,True,True,False,True,True,4,decoded,e27cadcb0da779a7dc0afa04123d5ede3e90eeb8a25bab7aba69e5ff8e3a0e48
s014696,True,True,False,True,True,4,decoded,e34b8ca1aca71d0ad7fa65fa6dd631e74c458d2e77bc361aba1db86d2b8ac30c
s014697,True,True,False,True,True,4,decoded,140d471b3908031aa115d5b807d7bec1eafaaf09f8c3f9c7135417456e05e321
s014698,True,True,False,True,True,4,decoded,4a476c6aea65054ac32c20fc1da606ea3beb7ef5d5696e8368923037675e6dcb
s014699,True,True,False,True,True,4,decoded,1aca594ebb60d22f8b60b1721f43f1129e2b6862d96663a23184ea61f3ab3ac8
s014700,True,True,False,True,True,4,decoded,9ce518fff50108e3bcec949c3e98f610924a9be8e1632ef4ca225cf1966c6f12
s014701,True,True,False,True,True,4,decoded,23894cca038e79b3d831bf776d016a227b5340d5896e00f351cd2e19f68c91fb
s014702,True,True,False,True,True,4,decoded,7a6a1b5a0f93a138875ea30a91b35fce58c4b2f8c69a4aec43b8e3c69c7bf922
s014703,True,True,False,True,True,4,decoded,d5723f9e74d543aebead62cd89330d60aca0001454e02ecb955274a317c34ad0
s014704,True,True,False,True,True,4,decoded,244500527725906d1d53f0ccfb6f361cab3a0474d42327546424d81c42cc8dac
s014705,True,True,False,True,True,4,decoded,e5d0d702f6c6ffd1c2b6239656d3026e1ccb9cac520353d10b9702f021b5d869
s014706,True,True,False,True,True,4,decoded,ced273282720dc1ee0439ef49e38a4efc7fdae8b5636b6deccbc29f627b1b8d5
s014707,True,True,False,True,True,4,decoded,70b8dd8e0e124308c39475df31f26cc4d19b7dde042784a28fc788abd8da4a87
s014708,True,True,False,True,True,4,decoded,1f03880100e38a58635d8f1e031b8955858b96695d2ab942ad71e508fd49428c
s014709,True,True,False,True,True,4,decoded,df3facb4d1b375a7a2fa276b9c028e12feab86376e64344f5da558b3f5e3358d
s014710,True,True,False,True,True,4,decoded,8be03ed37c89fbba2553595890ba168a2fac5cc41ccdf9040e4ed59b6842dd93
s014711,True,True,False,True,True,4,decoded,63078d310e2bee671888dfc79638df82a6e438d0f031327f22fe9fff1a48c6d1
s014712,True,True,False,True,True,4,decoded,12b64116fe1ce3fd929aecb6eb73bbd71c04cf02aaf1a0f1b5ed6043d407f43e
s014713,True,True,False,True,True,4,decoded,05625ac3632cb3b95645e9af45f56cf90f42ac046063eb94849d31702c776ac3
s014714,True,True,False,True,True,4,decoded,5f616d7c7ad71129ffdc52f2f6330f72fca9a312a1cc1dd9e16b09e1ea2078e0
s014715,True,True,False,True,True,4,decoded,fe8b5a8197cfbfed8d3c64daa38f918bbe8ff4154c671d6090054badfe2b6cb2
s014716,True,True,False,True,True,4,decoded,b47464f033bb33a1fbbf67239238b1e05cbd8f3c70b0593d58860ef4bf5f26e9
s014717,True,True,False,True,True,4,decoded,952fb7977c5d78d59ba1ea790a91b84ed2e375d417a31dcdeb5fdb64be911877
s014718,True,True,False,True,True,4,decoded,da20782c9651427b7a404fe535ffe15b58f468eadd0f809cbcc8b09780c11382
s014719,True,True,False,True,True,4,decoded,7cdee024b77bf9bb66df8724043b705f5514804440948e8860c3231691990da8
s014720,True,True,False,True,True,4,decoded,c0c5b5a5515827f779e84f904c9b8327df2464fa0946fe577a29cdf2d41c8b25
s014721,True,True,False,True,True,4,decoded,bcf1bd4cf379b796b5695539cd77c4fa405879a9930b79240551778a1c1fe980
s014722,True,True,False,True,True,4,decoded,070a9d05c35771f8a9c26d1f8546a3bea5f3debab67c53d6e19303718c1ac09e
s014723,True,True,False,True,True,4,decoded,567b1525873f8a9252ca0e565e7be012287d997b73f2b889f45c712d028c7038
s014724,True,True,False,True,True,4,decoded,a81b2fb5b4ed93467b5298436fa59e7780147c51e4446573ce649b77eec945b6
s014725,True,True,False,True,True,4,decoded,ddc60f6f9061b17809d345e937903bcb2f4c450bea2dbc9354054959afea330d
s014726,True,True,False,True,True,4,decoded,7f43a8998f7db5dfbd5b253d020c228a9a41f7db65edf5d14377bce47d52691a
s014727,True,True,False,True,True,4,decoded,882dde262079ca935b090c0ed3539780549f732cfac1fa956d28905434abe89a
s014728,True,True,False,True,True,4,decoded,4c9b8f51b87e03a6e0c80be5ca8e9708d0c2a8f37892f6f636726c3dfabe0b5e
s014729,True,True,False,True,True,4,decoded,31f9615ad76b2ce332ea24fa1ed38b5982ee582c353c3d18fec6489d437db666
s014730,True,True,False,True,True,4,decoded,af5b7932e58f3971536490ddc37ef6c66fb4a9461bdc586e0eee837af7820943
s014731,True,True,False,True,True,4,decoded,25ee3f1d0011004ac596485200cd54c565febfb439f9832e2591fa41814fc8ee
s014732,True,True,False,True,True,4,decoded,2c25b4fb289cf19b456a42a54365d37e7d0fbe3bd53c9be29d9b0658daf504a9
s014733,True,True,False,True,True,4,decoded,8025c1ba54611a163e2147e7d8288749acf606f2c86afbc3327d9e7a925ec707
s014734,True,True,False,True,True,4,decoded,d3a4011a0da71038ff26aec9d255297eed3710cb5479d5c1f2b084b94df2af88
s014735,True,True,False,True,True,4,decoded,4b2cdebda937b61a7b39964001c03c27ee50645073f81b3aaab7d22e942c2e1f
s014736,True,True,False,True,True,4,decoded,0c1e79cc7c7c25c09fa2f37216aac0757b2a2c23a7c9df1edf1dfcc79972fda9
s014737,True,True,False,True,True,4,decoded,60f250fbc97f4be19a871fb2f0aaeb9f30b363804977452a15ca1396aee76247
s014738,True,True,False,True,True,4,decoded,c08908efedd1c6b91d4dcd246998eff0726f8d0833aaf9a246e1c64cebab79bd
s014739,True,True,False,True,True,4,decoded,37f324e19296c16ff7b65e78f6b959ab848f3ed02149c90ba80cb0f0697975e8
s014740,True,True,False,True,True,4,decoded,4be9329c6104d1fae1f7c43a5ca04e0fb14694fdfe9314739e536d1797169999
s014741,True,True,False,True,True,4,decoded,6da1b864bc111832b8835fa2cf7b31fd2d9e3c14a4bb3f9e3e3232f5d7823e52
s014742,True,True,False,True,True,4,decoded,d03aa4a25d6bfadb55f76a26c0e0359f4ec2fd0ad2e50859f41c56b977fc89cc
s014743,True,True,False,True,True,4,decoded,f60a24914726ddbbb1c14e24b7acb771f2219cd912a38d0cc4a82c6290d1e4cf
s014744,True,True,False,True,True,4,decoded,30929fc3209966826696a7bc4085f74f37aa678b47be0c3e60bfa0b3a3dae660
s014745,True,True,False,True,True,4,decoded,880db672a1a5a9054cbefc93310d64f5c6f5b2c590a2b581441b386686415e1e
s014746,True,True,False,True,True,4,decoded,208898d61c928fc760cd195f92190f68489ea15026faeb90ae505a0c8fb29c99
s014747,True,True,False,True,True,4,decoded,44158be98e2eb56bae51fc649aaad1635f5a508d69ca0e3b87ec3d7350657793
s014748,True,True,False,True,True,4,decoded,6fa4b6bee577b6cfe863c11421b03f931ab4bf6beae143a44ca0e661e99c6e57
s014749,True,True,False,True,True,4,decoded,56ca60fdbb0bf9315ca630eac937caf4dff799380e93d0b7bd144f14846f74bd
s014750,True,True,False,True,True,4,decoded,2f64711fb11c4e8802016aaa3a783fbd1bf3ead55ddebb93f97f93a17d902ab9
s014751,True,True,False,True,True,4,decoded,0e60d3b00af9e7f266684348f8b1061387b55a191ac25bb53587284adcd654b6
s014752,True,True,False,True,True,4,decoded,91a0749ec7d7a6aa1f12e1372a43edab0cfa2c3b10a022707af3cb90f5d73409
s014753,True,True,False,True,True,4,decoded,e176b0fa5ee2fb1613e6b74b56306bf05f9e4235a1a47080c375b86042b32913
s014754,True,True,False,True,True,4,decoded,ddb8dc10748a0740eff7d8e16f79f25d6b10b6baa825ff496e3a66918317c07a
s014755,True,True,False,True,True,4,decoded,d2654033c6e5b57f041e1533fa7f9d87214954fe1d315a17a7e64d23c97659ee
s014756,True,True,False,True,True,4,decoded,5e178c3048e7af66d9d6f4258130186634a0f6d58a512d62f6159422c45630c8
s014757,True,True,False,True,True,4,decoded,d10185590c21b51043f8de9b682e4c3bc8e1010b791683682458de47b8e2b2c9
s014758,True,True,False,True,True,4,decoded,3dd7d2e91526e0b40b4ccb301d2299884ec90d7db89b12be0ce8d156ca2350f3
s014759,True,True,False,True,True,4,decoded,b42c17f8b929d5c571a14160ae7996f8952f26ec02345a8e9e03db1e448cf7b3
s014760,True,True,False,True,False,0,unreadable_container,c57102b9511e1b159f88c7541e2dca5045f4324f3272a9c368d3c14ad1cc488b
s014761,True,True,False,True,True,4,decoded,bccfd340027108c8a668405d0992ff4cc25168ca15651c6d363e9d0c832b04cd
s014762,True,True,False,True,True,4,decoded,7a52fc9b5bbb6860b354a9ba5c110c5294e6c91ffa4ad7de7dab7767d5b5cb24
s014763,True,True,False,True,False,0,unreadable_container,e477bab5c5941be33802bb5ad53ebbfbb283a759d825b7ca3bf38f3fbccaf131
s014764,True,True,False,True,True,4,decoded,838d485d3d6acbde2bf4c56eff0a8c28cc02db53179218a4f39f244b09fcfd71
s014765,True,True,False,True,True,4,decoded,2e08dc2eaa1b7d2c79765fa0ee592ed230cfd74459d6c05611c7f991390f1721
s014766,True,True,False,True,True,4,decoded,64e1375314d17e78eecc5bd3dcbc8fcef211dc2cfa8bd58f1c6f8823fadb6d56
s014767,True,True,False,True,True,4,decoded,95c5b60268acdd9e6634657960b6282b98cbc27fcdcca384784d1826d9047a68
s014768,True,True,False,True,True,4,decoded,79abd05e72cbf1a45bbe5dca0b696ab6b928e265a1b4759e536b1b2f1a5efd44
s014769,True,True,False,True,True,4,decoded,d0e3c854d6488cbc980659296e7edc521674184824b0ab1556be0fa76a339507
s014770,False,True,False,True,True,4,decoded,83770448ba52fdfc391786ddbd31513d8bcfff3d5725307d02e0db90f4064c32
s014771,True,True,False,True,True,4,decoded,2d912f693c40f9dcd650964293aece21cf43b0af05031d97b51976238878d282
s014772,True,True,False,True,True,4,decoded,ff07338e415b5ed38bf336010a1ac1c4ddfd8368243e8f2de084c46cd5427d98
s014773,True,True,False,True,True,4,decoded,1dc0815dc961a667bddf853f28d9c82f84d2dd8c62a399b3d7978ad0fe6f272f
s014774,True,True,False,True,True,4,decoded,35941c4fb62e0d3f8e7330500b0b42833b73918f9febec509ffc4a12c57885ce
s014775,True,True,False,True,True,4,decoded,53dbc59550119322dd1fe6152674f0db00ccf3e93c206e49a926ac2b7a79e4c4
s014776,True,True,False,True,True,4,decoded,644c263b0529ad434a6d6d3c94de171cbc3be9709e81b96dfe694a0a7858e5f4
s014777,True,True,False,True,True,4,decoded,383a8337df333481f1afbd6b9ff9e59bfcd4247ef0883a73dac00282b86fb7f5
s014778,True,True,False,True,True,4,decoded,052a28af949b124c11e33e989b062c5ba5412ab1942ca8c70048b9f7c68092fc
s014779,True,True,False,True,True,4,decoded,d06eb32a1ed1b95511443f457ff55ccdbbbdc04a16f6028dd484008a9d318da9
s014780,True,True,False,True,True,4,decoded,f7d8b044bda2b5362bb95342ca990248bf03fa082930362a95821c9aa52b540a
s014781,True,True,False,True,True,4,decoded,e3b4e299a806106c8741dba7004765b8eee91e2dbbd6092fae8f286a25bd3e17
s014782,True,True,False,True,True,4,decoded,67c7e290e7553192d68bc42fc4bc25db2406c52df06fa8cf9766abe505959854
s014783,True,True,False,True,True,4,decoded,9e9c25290db1c6e2b0fe3736d85b4622339bbbe61e1d4ed749509ceb2cac0a28
s014784,True,True,False,True,True,4,decoded,261cbb8f75b7257cb00a870635aa195103e5cad8490b10f6231328cf4c2ca68f
s014785,True,True,False,True,True,4,decoded,440156f3ba2d6899771d87d44e3540dfd91de333f83b471051a18df630a30606
s014786,True,True,False,True,True,4,decoded,f6935379e2544c20c621aeada3714c2a715e7bfa19270c48842487b789c27c8c
s014787,True,True,False,True,True,4,decoded,2eb07513528fcebd32c30e7343ab62de9822b937d599c2aab26d47c360ad872f
s014788,True,True,False,True,True,4,decoded,ffb024028e4a8e5ad42d1f27d4e9a15a6f38ca62fa5aaa8b3029a6c86ea9b344
s014789,True,True,False,True,True,4,decoded,ecc25e14d2f0e32ef862c107501ba80d2c454b51fd6ab8be5471cd4bc633d30e
s014790,True,True,False,True,True,4,decoded,d333bd8e683fa746a9841800cd33bd182e22adbadf187ab6d8d573bd01232d91
s014791,True,True,False,True,True,4,decoded,c4ad85db4d057d458e9c062c86474777c79cca1bdc6afee953923f25f8cdffbc
s014792,True,True,False,True,True,4,decoded,37f5e9a4cad44e3a213fcf4008f87574aafa580276d60271bab52ad0ec2017d7
s014793,True,True,False,True,True,4,decoded,6228757eb8706a41eca3248b0a63d312057c427015ee2542839c2ff8e2764355
s014794,True,True,False,True,True,4,decoded,249235e64bb9793f96c6ec11f0a2aef9f89c4acff9a91a05116b7bcb7dee7694
s014795,True,True,False,True,True,4,decoded,6a7b8c09265e1d1f3032c84b96d4cf7323ddbdf2e17f70c61f8976514e863164
s014796,True,True,False,True,True,4,decoded,ed72845d47dba7fd7de2bcdb5dc120ba292d64cf024a56c1d8ad50de1a1b9c8c
s014797,True,True,False,True,True,4,decoded,fde85a1c011df51048ba8d69d75cd6fe7ef38086ebdaa29f8b1341c5aa0da000
s014798,True,True,False,True,True,4,decoded,303f41c4e043a00287bf3af7f7625f5a0357cf2901f2d22787a8dbaf6ac60993
s014799,True,True,False,True,True,4,decoded,e4878d7ac1ef53ebc5cecc0ad2332cbeccec7dabc39ada1bbce75dace116d021
s014800,True,True,False,True,True,4,decoded,6ce162f93f663625c8592cbfe2863777c1169ebfc17f71ad15b6c1020d7c4641
s014801,True,True,False,True,True,4,decoded,81d3d0b1c4831034c31e41437da61de0bfaa355a889a7ba9ff70de39c928ee64
s014802,True,True,False,True,True,4,decoded,20e56c55749080bf406184aaec478168ae08fe19f8d703b3318c8f9642f81925
s014803,True,True,False,True,True,4,decoded,648e8ba62bc6d53a9cce9d21545a2c6bfd20fdd2b0535d3b6d22bfe405975182
s014804,True,True,False,True,True,4,decoded,c0921c95435fc7d2e33b1fc2677af253fde129468c3ad4f9808c540abcef16f2
s014805,True,True,False,True,True,4,decoded,ac633ad4f4c71e0c59fa6a564be3e7a71452b63621bd593d35b5c031763a94f9
s014806,True,True,False,True,True,4,decoded,c5b83eba70a5163a8012cd018a72ad832814da59baebe4ef62877b098d560647
s014807,True,True,False,True,True,4,decoded,db08ee816caf2e7bde80273f1fdf07a3fcfd2891b356a1a42603abf3ff23fab5
s014808,True,True,False,True,True,4,decoded,c70670aa87a6b3a6413f7d7748cef99fa992386201bf2fef30f13fd9c61c928c
s014809,False,True,False,True,True,4,decoded,cb20eeca15d8642b19f5671ad8d25d7278b9320cb8fa09604ad945ca4084f76e
s014810,True,True,False,True,True,4,decoded,1e3d1312fc5ee7bf255175ac993c7e8285a7d3f307b997cef92c5991e9dfd4bd
s014811,True,True,False,True,True,4,decoded,ec80482966f24666b3800b317b2e808192a1ed99220a7aae9b6ad37ef91e3171
s014812,True,True,False,True,True,4,decoded,0c2af2eae226adb860ccbd7a34d26d7058dc39ff80a7c5e91fe9903250fdfbd5
s014813,True,True,False,True,True,4,decoded,8ea4642e39ef79c83dba79a1840108bb1d4b2e132f6ff7eab860eabe4ca5860b
s014814,True,True,False,True,True,4,decoded,9d34b7bf80a75b3c368046fc6ad5b9cccc58c75cf08192a3553700e7639f88c1
s014815,True,True,False,True,True,4,decoded,970bd5b3fb79c3bba5814091b3938664b49b3045f9ea1cf13378363544af873a
s014816,True,True,False,True,True,4,decoded,6b667315adf6a3bf8296bce47eb3b11effe2680e11f9481c5fc73f60f6499ef7
s014817,True,True,False,True,True,4,decoded,43b7eec42849f436c264b619bf37da7700d873c133f4dc9e9183285b18e29014
s014818,True,True,False,True,True,4,decoded,46525e2fe5ed2387f724ccd59225caffcb684891d38064fe4101e850d2b3d095
s014819,True,True,False,True,True,4,decoded,0ea009b95fd2fc8620ad5ccfbbe428b94fc57489b49f488dbf5c9daeb2fa19ee
s014820,True,True,False,True,True,4,decoded,322f4b11fedd292ea78c3dece993bb67153721545462d983eecf9f2ddbe6430c
s014821,True,True,False,True,True,4,decoded,ba7254fb3c9ecf3ea979c9d1de08c84578b4d66728cfc769ee6bef19c91ac4fd
s014822,True,True,False,True,True,4,decoded,2b7414452a1840b651b6bcdb1fc6bb0538e35703cae2f297051fa9c5d0baa089
s014823,True,True,False,True,True,4,decoded,d8e3ac5098e2e9c453291885225f9ec35013fae3ea66ee5d8d09b1e9a26c8b1f
s014824,True,True,False,True,True,4,decoded,775e609f7954c10b944ec1d27296a11aee8bf11b1afe6904d8c4bcc2e8f856cf
s014825,True,True,False,True,True,4,decoded,5dc54776a9116b09f880029bda98d5954f8571f036a9d199567264a48e82cb3b
s014826,True,True,False,True,True,4,decoded,d2677946ee09fee51eddf24c6d30fa5e28a99088fde13602c859b063630b71d8
s014827,True,True,False,True,True,4,decoded,80acf92f5603e7426cac136d2ef805a2d21e5135349921e998888ef501c6a60f
s014828,True,True,False,True,True,4,decoded,4c1c4648af7378aa4186bf1397adda083460a2e6a0da754cccb78e229b00477f
s014829,True,True,False,True,True,4,decoded,da3d30c0b1633e5c77b1fb51baafca82e1de82919bbee5481fe1a77a09b45730
s014830,True,True,False,True,True,4,decoded,1497aa86bc3789dd3133804508bcdc510e6ee66dc7c736690442a349bfbad790
s014831,True,True,False,True,True,4,decoded,73d9601576e2a5def130d6a7e95929e97f8d28db23530ecde4decbea143c5329
s014832,True,True,False,True,True,4,decoded,bacbf33192e4fa2040e677d911da1d54bef6d49ba644021d0b57d5f0c36f89f8
s014833,True,True,False,True,True,4,decoded,f24003f3d6c286365d1bdddbb609e221d2e7ad673a8c34fb1a0f8bf0de02a960
s014834,True,True,False,True,True,4,decoded,4d082ba29fd5d4cb5d20af6d7277f01d7444311ef212d87a488fe44639d4c3e9
s014835,True,True,False,True,True,4,decoded,d9be4e574a44c679e6733a2765c0175a922b90c6d103104fbdc230a8ebaf8120
s014836,True,True,False,True,True,4,decoded,b524ea82538df06818e015c0b69aeaec1fa01ed8e32c53a7f2626bf7d07b12d4
s014837,True,True,False,True,True,4,decoded,c16dcf3de654e16922286b64891e458e26795f3bac98229e02a02ccdf42080ed
s014838,True,True,False,True,True,4,decoded,2a1bd1ca92081147ba7166590fdaec58aeb1ceb25eb36a858a996e9a76ab42df
s014839,True,True,False,True,True,4,decoded,e337fb533b9ce682480b958ce6547d87e1ab7ab269e840c6022d99ca2b99ac75
s014840,True,True,False,True,True,4,decoded,c90df1a9ea8a2594f5d64d8f90140ddb0e672c1e445baf5cd07651a902ed7796
s014841,True,True,False,True,True,4,decoded,634e8d97274ce6ad42d8807662cc3a7c76336a634f9243271530b4cdbdee3aad
s014842,True,True,False,True,True,4,decoded,bd7962583e8a68dda6b4c86d3e410a33a584fe49d22ea20a8be4003fda6cf6fe
s014843,True,True,False,True,True,4,decoded,baef1197900b858252c91f201afd6010fe4fb5412848832bc553b739203f24f9
s014844,True,True,False,True,True,4,decoded,e09ee5858c3df3eda6b64abb47cf426dc09228416e74a893b9d42f36e0945a76
s014845,True,True,False,True,True,4,decoded,2ad8bcb1b84bde9360fbe971d3e57f5ef6f341d8ed5b841cb056260aa81f4172
s014846,True,True,False,True,True,4,decoded,933b83fb2a41dcdf19e4b8f11a3ffd92bd6c5c7e56acf74d67d704f93490b1a3
s014847,True,True,False,True,True,4,decoded,1ff9bac22e619f752c98725b46fedc8236ae8ff534229661d5e9bf658ecf96db
s014848,False,True,False,True,True,4,decoded,39105fe9e427a541d1ca6cb10f6e87bf1da71a803113f051f0cdfef2f9f76e47
s014849,True,True,False,True,True,4,decoded,72a334098afe89ae421bff18ac32d25902f12883a6fe7b4bf58c4565d426e26b
s014850,True,True,False,True,True,4,decoded,2be004a688025de63c14f6a7663c3c585f67038d1dba7dcc89c8665a9df90ace
s014851,True,True,False,True,True,4,decoded,11d78e8c09bf932fc633683cc32513fed93c28a9dada8b895ac9da449d33363c
s014852,True,True,False,True,True,4,decoded,cd9381b9298119537f34c5237df0c0e4d760d0cd24bab30561cb0e91e95ab59a
s014853,True,True,False,True,True,4,decoded,ad35f6e154107833ea155ce8eb5e825a94d8e439711fbd6fea844976caaf371e
s014854,True,True,False,True,True,4,decoded,bf58f38c574231a6122f978a3f65e7e3c6a403035c892daebc0fb32b1fa9ee4e
s014855,True,True,False,True,True,4,decoded,181c96475009d3fb26e17ac357732f91306bb1fa158c13c40358d18178d69487
s014856,True,True,False,True,True,4,decoded,4a84317ecc85dbea7d9f6d60e53cef8838a34a38822482fed632a9a331de8618
s014857,True,True,False,True,True,4,decoded,dc18dea1146f06aefae537debc90fe5d1ccdd71ea552e15f341c5ba00a6d7c43
s014858,True,True,False,True,True,4,decoded,1d132ca9fccfd9280bad8a0e7b92f9a35f9541366d8d9892c798db3c1c785687
s014859,True,True,False,True,True,4,decoded,2c5db4278fb606db702702562a8448633ac796b06e7a08d32c3bcbdea36975a1
s014860,True,True,False,True,True,4,decoded,460ebab493f12aa6690bc7c0d3ba74019e27131062253ca7fa60f5da1d2ea461
s014861,True,True,False,True,True,4,decoded,0a731deef724c3fbfc98d23cc97ec75001d67958e68a97117a18d88f05339588
s014862,True,True,False,True,True,4,decoded,eaaf5525e962c85a821aaf840385710a39a6bc10e18cdcc1e7ddb1a4f08b3de4
s014863,True,True,False,True,True,4,decoded,938bb15518e690702cee41d8561d249d522c80aedb6ee639a07fc3e4510fb7c2
s014864,True,True,False,True,True,4,decoded,f57787a71e630ee8c11e800c944d5018a8b6f00b60aa5cb8b8f888bacfce9321
s014865,True,True,False,True,True,4,decoded,2109248230411c50fb6364472dede1e217975d230d51af680ba2d870de62c93f
s014866,True,True,False,True,True,4,decoded,d373640eb67d98c6b79fa0d51fde6ca61fdd7d2d5610ef6836bfa47768d36b35
s014867,True,True,False,True,True,4,decoded,a7c4d03e0d2cc49549b5d494a46ce612ff8f81ec2194e617c5b4243791343dd9
s014868,True,True,False,True,True,4,decoded,56b5cfb39603535b138b7c0c25401004c0eacc77e42058c2dcdcb70082df9385
s014869,True,True,False,True,True,4,decoded,80a3247402401d6e0b35163f5f0e46a566740eebf81815acd742a59150a98195
s014870,True,True,False,True,True,4,decoded,0e422b7e796a38db36f4181e366de05d94724a022c0d9db29560b97c1ab4a94d
s014871,True,True,False,True,True,4,decoded,22207999ea6b188f1cc43fedf630a3b2c139e49cf5c46c7be7dec8ad9040918c
s014872,True,True,False,True,True,4,decoded,7f7652c0a95ea4bb3b78c4f2d9cf45f773b098e3b118246590df048e5444123a
s014873,True,True,False,True,True,4,decoded,06640ff88349ed50aa6fb4c989141dc7810deebe63785ccb0bebb5c7e2f085a0
s014874,True,True,False,True,True,4,decoded,aba6558de3d52b46c3dee3559d572337f9932cc5f35653c891e0826f57a90131
s014875,True,True,False,True,True,4,decoded,44efeba5a85d6a9975a9ed187ff409cd168075979312ebd107f290a3999ca743
s014876,True,True,False,True,True,4,decoded,7a8ac0ae0e0b43b58b8dec513fc590d446bc9e4cb13822fed1b9ef33cb5628a7
s014877,True,True,False,True,True,4,decoded,4e61b2f2b77e797b5bb83da85c78bf02a5752103630cc9c41e7a592ce95af62e
s014878,True,True,False,True,True,4,decoded,e05ef2a9cfd27eb402220ae58b498c1a831cacd3f666964f944678eca5401c61
s014879,True,True,False,True,True,4,decoded,cb8406622aa4d4d7560d283be2ae2b69e47afad6cd560a53ffc3ee9f1fc50087
s014880,True,True,False,True,True,4,decoded,c6b7f45af68b8c9e4b3533b9b4fa1d236f55ec54f3006f04f85a0ac266c6970c
s014881,True,True,False,True,True,4,decoded,12c5eb6f2344a450e149e07f66495748cb09f027700b1c5b6c2c8558948c4a19
s014882,True,True,False,True,True,4,decoded,c783b8ff4b4991181829436eef75e5f68b40489cf3c9b596041c4d2106f0e9ce
s014883,True,True,False,True,True,4,decoded,f3e1fd7b19129a2f74dd718c4365a0cefb947546c82cc37e983f89e6c16c1785
s014884,True,True,False,True,True,4,decoded,e024d4eb4a115b22a7abf5e4e9c2c88f54c8c045a5b20a25bba90b1ff34a3187
s014885,True,True,False,True,True,4,decoded,a2a9537abfa06ed420d2bd49bcd236d5fae37b0a2312c91ba42361d060d932f6
s014886,True,True,False,True,True,4,decoded,4ae37e9bdd27289a3554247d863d6df279c83596ee0bb63b99368eb1e35b1149
s014887,True,True,False,True,True,4,decoded,d9a6ee04eed2abef7714836d04e89591ddc117d2a52a9efc3c4c5d24840e3525
s014888,True,True,False,True,True,4,decoded,b2190e2822f5c03a2c104db4e660c69219151af8fb066843778870a4c70455f5
s014889,True,True,False,True,True,4,decoded,83bc652c5256d490ab49d55255151763641108bae51e614006d9c315141544cb
s014890,True,True,False,True,True,4,decoded,535ebcf170fa9b56f9baccfe15b643a6f5378cb01edd000574e8760666a24121
s014891,True,True,False,True,True,4,decoded,5fdf969b92c0c87c4ce522498fd4b10065625dcc4d1d3e20aaeb3fdb530ad26b
s014892,True,True,False,True,True,4,decoded,d80cca4fd4a19db2d7c8d67af7e7416d15bc6337092d421a3e1d956bdb43cf6f
s014893,True,True,False,True,True,4,decoded,397f3d97292f09a35ca1874d264866998a88f4c224d590bb9365d330d9af9871
s014894,True,True,False,True,True,4,decoded,5d68891ddae8646804a11340f3646eb1053402721ad1185b15266433d6311463
s014895,True,True,False,True,True,4,decoded,1967efb632d7eecd500e1ace3ca46e849cf11409041f5f9a3d3175f6051aaa15
s014896,True,True,False,True,True,4,decoded,c06a6c7ea0db46d46bf3d5abe1ba6616ca1d3d7c31477b9f874086ed03a72802
s014897,True,True,False,True,True,4,decoded,41761c051af77bc4f40d54e56bab35e09bbc1c56f3a2983998ba1d7c67afd82e
s014898,True,True,False,True,True,4,decoded,11e48bd9e0e357f93482870c342c6bc7661d46fd0f9407178e9ec2758d9a118f
s014899,True,True,False,True,True,4,decoded,a4fcaf8c1f0dc197f7f5f3c82c21b9658df4b677d27da166ec511795c0228be4
s014900,True,True,False,True,True,4,decoded,9ca306301d9585330290a4080b2be099677cea15d50dfd47aaa8a284f2794d9c
s014901,True,True,False,True,False,0,unreadable_container,ba5ff5a5752d6cdff5b25f5ad1b8ce625f7ccfbecbe29926a9cebe237b1b5231
s014902,True,True,False,True,True,4,decoded,e7efc011a37db827079f4c1265b925994ea41f665e346a0affda49f8d347e784
s014903,True,True,False,True,True,4,decoded,3e1981bc0c9c63617d8c3ed27224d72abfd377649fe60c2a20e19d57567621c7
s014904,True,True,False,True,True,4,decoded,4fd125485d4b0f696101b8ec1de6d373d284fb705d11020f33bc896c849ae14e
s014905,True,True,False,True,True,4,decoded,b4128e209b00f931752b2cfa0e32f42522698fdb2e30f51b4ec88acd5d77d367
s014906,True,True,False,True,False,0,unreadable_container,37130b5d9bc667cf7b18334d90be88ec51844ea1494f86d8324f2650583090ea
s014907,True,True,False,True,True,4,decoded,f9bc633ac74ae5115bb037b79d244d9b15aeb562347f322d765691d8a0abd006
s014908,True,True,False,True,True,4,decoded,ed47c7cf8b2a1bca744d725e0ede752cc888d06a50f2dec4bda69759fcce5970
s014909,True,True,False,True,True,4,decoded,78e95022f7641a8f0939adc6c15b91f132ece2a49e7d88944c1c5c4cde6fea07
s014910,True,True,False,True,True,4,decoded,b1931545953b1c4606c00c70934abb6c6f29b16273b9c0ec888fc8bb03f67b5e
s014911,True,True,False,True,True,4,decoded,ae31feb011902bb667a292e4ff83802b781b302bd018d5bbc531fd963e3bfd6c
s014912,True,True,False,True,True,4,decoded,aad0390b946cbcba4ac0507a46d53892d4761d78780585340422eef6844d862d
s014913,False,True,False,True,True,4,decoded,d83d527963c5d19dbf212c8405f18e142fcc83487012a6e1a04550dbf19d12aa
s014914,False,True,False,True,True,4,decoded,cd5905972ec8a05a373f135ffcb7043b2287cfeea64af2b86410858b5f3c7395
s014915,True,True,False,True,True,4,decoded,1f0bf9524dcab3c7fe275dc4581e5bf87d47d58601bafa59474bae72612efcfc
s014916,True,True,False,True,True,4,decoded,fddcc86d5d5f9bc35dd47dce30dab306f0451d21e96bfab69a4bc3417ad3973a
s014917,True,True,False,True,True,4,decoded,81c55ef669d8953a74757a38ece6afd54e29aab933fefbde9d8dc0a73feddc84
s014918,False,True,False,True,True,4,decoded,ce3cb3bf115d08262205d365470d5776f8046468c5c02cec292042f88cedd9fd
s014919,True,True,False,True,True,4,decoded,d358df921e9545e36a93c5289b3cf3a4432b0e4d64b6840eb5f26c919c695b1a
s014920,True,True,False,True,True,4,decoded,4f07f0d1b50fa5ed5a25bcb8c63f001e8456c586a203d322bc6af7bc00f09085
s014921,True,True,False,True,False,0,zero_decoded_frames,eb60be52a6813179147310401e4746f33413a953d73e03db01cd0a3e99ecefba
s014922,True,True,False,True,True,4,decoded,d986752dc5211e4f3e6854b731794e53655d6050640f41b8070bf416d4cb7b37
s014923,True,True,False,True,True,4,decoded,f28ae70f566abc174be7e56c65ec94b3ef87b65a254dd3e3578a30cfa35667e2
s014924,False,True,False,True,True,4,decoded,7123e762bdbd3d204da9a0f4ef7ef180df6af88cef6bd19ce3365d98148dca91
s014925,True,True,False,True,True,4,decoded,514b435aa9c93fcf26efa2346bfd9e38ac9ed02becb99ef4d376b4533367ebcb
s014926,True,True,False,True,True,4,decoded,92811909cc209e6541314fc23cc904da7610d14b45d2495057a78f8f7ba2a9e8
s014927,False,True,False,True,True,4,decoded,8f68f980afaa42aca11aac065e92c45ecc1087ee19ca2e8b3e99ef0ca0b8df0f
s014928,True,True,False,True,True,4,decoded,899e92213bcc9658c78a7c11172c635b746c0de82544fccb8b056ed59ab6228e
s014929,False,True,False,True,True,4,decoded,c482f5402454e36d3a87c27d3d0e67945b4e865db993cc2351d04139a9b305bf
s014930,True,True,False,True,True,4,decoded,3a7e81c66b9d3e49d34f1b650c88b6342754771bf5561a6e1979d3044b516527
s014931,True,True,False,True,True,4,decoded,b1b27a093b76a357a9e83be363a1c0b2fdf96bf59af7afac1e3b7c068a43c678
s014932,True,True,False,True,True,4,decoded,e1fb636862433ff85b90cd1f8293f5aa46ac1ea91d98a269bc4873a966da6774
s014933,False,True,False,True,True,4,decoded,dc8eb1c4fe1ac9bcd4628ffdbbf8451aae86bea4353002072ff6a36124b2d947
s014934,True,True,False,True,True,4,decoded,e95b1a93f215f1a11b54635161e7f6b3165150d52de65444ac2e585988555d73
s014935,True,True,False,True,True,4,decoded,9907d20aeefeb8b18e1aa6c82f438b4cd794e3a637e7c74c981ff29c98c9c1af
s014936,True,True,False,True,True,4,decoded,2c8cb8401d8818dd30255961fec27c9280fc77daf475ec06b7a5bc997cf532d2
s014937,False,True,False,True,True,4,decoded,251222c091e334fc61ead698f5cf710ed78e33d9a8fc5080ba3193bce40115ba
s014938,False,True,False,True,True,4,decoded,f6396fc95972954fdb263698e9b6aabfe603896211eba5c33c26c5929c0fb3ff
s014939,False,True,False,True,True,4,decoded,951fa4b2acc4d3c9bf400f8579751e2e43fcace0314105c2f8dcbe3660529d26
s014940,True,True,False,True,True,4,decoded,b1bfb75d812f426f39f204c0f54c8f2f7610d89f76b6a35931da141105c17246
s014941,False,True,False,True,True,4,decoded,36fbbdc212aec926bf06399e8152b3147f6d6ea7dd656fcbd5548b5590989aba
s014942,False,True,False,True,True,4,decoded,34ec6529a530cd40a6b96146944c6b0455f784676a871fffc5ca9c83e71f5cff
s014943,True,True,False,True,True,4,decoded,9f97a318b2977e39bef75b25c6659c15f60097a5107eaea81864c7dd7948bebd
s014944,True,True,False,True,True,4,decoded,ac08c044addc49bfd131c3a8764d3cffb9150fa0ca02ef49b5d694da9f7e243b
s014945,True,True,False,True,True,4,decoded,8f21610a54dbd65dfcabe1c2951e421dcce4c18f649946b19f32a78501a4c49f
s014946,True,True,False,True,True,4,decoded,93d59d9690e9fa38873aa49e9a71965cd49768f86c5f5f438900320556c9f02e
s014947,True,True,False,True,True,4,decoded,c8f32f2a674cbe383594133d51ae20b0ef1f83fba2a055c33ee7a50c9bc3a255
s014948,True,True,False,True,True,4,decoded,a192b91742f8c0e6a07a7746c0498959184e248b283713e68e2c13f79f9dee83
s014949,False,True,False,True,True,4,decoded,c6e492a09e4ae7f50fbd3cd9ea39a7d28f0a8db92a4c8f5e8319b60ad3cf164b
s014950,True,True,False,True,True,4,decoded,04503da6c9a6423393784e858e1db20265355c4b737b0ad85ea4559312f75950
s014951,False,True,False,True,True,4,decoded,dc6923a8026d2ad1bad4ecc7145d79ad59c8a91436a96b27fd4c04877d3a4e22
s014952,False,True,False,True,True,4,decoded,b951fbad058aec1a53d3119a0ff4e28ec316f796b44f65acabc4beb46cc236c4
s014953,True,True,False,True,True,4,decoded,d21f8ebe794072f373411e2d7a4ebec2b654207249f16b043a29ab596b42543c
s014954,True,True,False,True,True,4,decoded,191d3f8ce99897243edc0af73e21711a1d8164593067273dca37cc453b9e3b77
s014955,True,True,False,True,True,4,decoded,a426114d881ea018b3e4e34b0584b92e7d64ec2ef1664a8a8572999a210b8c17
s014956,True,True,False,True,True,4,decoded,00568937127478f29b3becabec2cbb8b7ed41f052cf5f513f4da3d41d4662683
s014957,False,True,False,True,True,4,decoded,6ed1e2b5e0a5729f0c64e0eba4d21843d4e89c5381495fa2d09871d0181a92bf
s014958,False,True,False,True,True,4,decoded,d6a5122066b088dae0f229c65e98d2266847ed88a9db2008d6485221ba12f2d2
s014959,True,True,False,True,True,4,decoded,d9fbf9d8833cc240639d1044805eef9fe7873d489eefd20e4056ad4104f95cad
s014960,False,True,False,True,True,4,decoded,53533f86b7d5cc1aa830aeb298d65d0198ac7d7b7a7baa7e0028b2dfd587cfb4
s014961,False,True,False,True,True,4,decoded,a429cbf4fa95ed7e75eaa4d366f083fe4029f7be039288ec78a8b64629bbfc80
s014962,True,True,False,True,True,4,decoded,88bd6c8eea2fb4b2013b54c40e0dfb98d43fb81f2d42b2b7e5ed121bc7adf7ed
s014963,True,True,False,True,True,4,decoded,2413e0e40cc6ec2c80e77f1888a373089a62dda765ae89edd90561b017884dbf
s014964,True,True,False,True,True,4,decoded,715e712ff13743d10bcbefeb0ba9d734654264de751247829554e74b2a5cc524
s014965,False,True,False,True,True,4,decoded,355ffc4c237965d364ad07c9605616283a6da7c6c14b06ff859ce375ef911fc6
s014966,False,True,False,True,True,4,decoded,2b266498135c5a429dd7c5d7c3d90f0f94496867befff1a7444869ff7a91d6ae
s014967,False,True,False,True,True,4,decoded,c8425bfd690ea39bfb9e367bd94c72fbfa053384ea6225aa27cc1ff3474418c0
s014968,False,True,False,True,True,4,decoded,7548d98060731a8d1b1810c745c575249843b3ab3e797fe03f27726fbd98ff1c
s014969,False,True,False,True,True,4,decoded,6a9881e7c01ce56df0e582e8145af606908b8e33dc3a6b81e62968b84d4e9cc1
s014970,True,True,False,True,True,4,decoded,b999b1cfe4ae0f46b11504fa5d92527068204583ebc1e2f1ff4bf80046fd0616
s014971,True,True,False,True,True,4,decoded,605aba36af1556e45a452eeee1ecfa413568709ff7e10d04474c207dcb844bdb
s014972,True,True,False,True,True,4,decoded,edff0f8d32b84b100df183b0f4aaa0d0ba83f3371d640b20e28da3d454ffd212
s014973,True,True,False,True,True,4,decoded,b0a4e0c66a5a32adcd55cf0409015608fc002f445c2c4b87a7c926d8144ff912
s014974,True,True,False,True,True,4,decoded,9f331aef4574902ee2fc67dbd5c5e82a82229fd467545f6c5c8a3f7dacd03e2e
s014975,True,True,False,True,True,4,decoded,23d12b492b5508a22fa91a973c6fb29ac9ed41adc7cd77ace8ee13265231000a
s014976,True,True,False,True,True,4,decoded,813519cbcc53bf891d220a92a008c65bb57e5ec8a437e51dec6cebb8c132c243
s014977,True,True,False,True,True,4,decoded,976377a1c96f32708ef41f8d94550e2e3db568c016f68db49086da581465467f
s014978,True,True,False,True,True,4,decoded,04e65b3b85bbe255f184f8cc635c197c7321a72c8b1a462b463ba4d6e008caff
s014979,True,True,False,True,True,4,decoded,7c6997d96fdec5981091c8f805c14d94b9f554d914452db6dbbd9b9a41d9bbdf
s014980,True,True,False,True,True,4,decoded,69975ad117acd256080b09032039c750221da3ecd55a6fc7c68b0c4f31442c2c
s014981,True,True,False,True,True,4,decoded,25a84e6450439b6d4573db0037369245aa0eabdbc7803149f256d2d7ddd76dc0
s014982,True,True,False,True,True,4,decoded,dbb3d0fa1a04f3ae4bc2a9bdd83133eaf8081d240e6d7ed479657b025f773542
s014983,True,True,False,True,True,4,decoded,6759269c7fe923c288aaa7b38ec194ab9df92eff603d27bf8a7b883ead0bba07
s014984,True,True,False,True,True,4,decoded,72458a5dfd0396062e52af8f7fc2e5dd2d27ae4340cb7ce072e6bc1181c7b1e6
s014985,True,True,False,True,False,0,unreadable_container,cee3947b6ba92d69ab8372030d3fbac3815bb000b60fee412e6b657a5530173e
s014986,True,True,False,True,True,4,decoded,5051179badb5016f83df40e9640e5e25f5c017fc8fb035d1dba9ff1a5dd728be
s014987,True,True,False,True,True,4,decoded,ec4eab9432b705202c8e8c4972d130c69a86b2496ba6725865521be52891f5eb
s014988,True,True,False,True,True,4,decoded,9e6ee98f234108b586072a2d7f6af6b5584e06fd6ba34d30eaac0b793c61d0b3
s014989,True,True,False,True,True,4,decoded,b99917652aa12cbadbc0b22ca275fcfa94fd3028026fd9f2028a3e3e11f03db3
s014990,True,True,False,True,True,4,decoded,60dbbe4ead371c0d3a305518e25a5da109f5ef6393335cea65f90408b288bd85
s014991,True,True,False,True,True,4,decoded,08d7105ab8fc908ad0ae58c8f681510780f4466bf6d1805f8a95212d70c8a194
s014992,True,True,False,True,True,4,decoded,d4c1c0f8497b019a0a837328d34ff62869977e010cc099fa697ae4b962cd95f9
s014993,True,True,False,True,True,4,decoded,9a0ee24b647a9b63af11465b76068e9e82d353709cb4ca28286bfe809ddbf8bf
s014994,True,True,False,True,True,4,decoded,3500e1edf39701e16fd525a1f89d70f15253e471a0bb8166c86393aaa4baa9bd
s014995,True,True,False,True,True,4,decoded,6829b7f18a3e11c002c23585f813c1338038fca967362391107486ccec09399d
s014996,True,True,False,True,True,4,decoded,d49058d0bea1868062345e19614cf3f9d30081f71f6fc34ba6ce6caeb8cdf174
s014997,True,True,False,True,True,4,decoded,b2e4534f262587e552f7419c4007c196625562e3faff1e1627ec9e07f7b91d4c
s014998,True,True,False,True,True,4,decoded,d19c56b7d93189e388c7a25bd0aaee9ff4e1ae2d31c2ab7a8d7a68fc92a24dfc
s014999,True,True,False,True,True,4,decoded,e1bdaf66f323a6b98ebe8d01926dae4227b1190638428bbc0939ab38c2e4a308
s015000,True,True,False,True,True,4,decoded,5755760f1d39841657b7be2d18b50d67b6c5d68206767878d275978396753a2b
s015001,True,True,False,True,True,4,decoded,be70f798730499b242e49ba54931ca988f7723cb3b03b2f35dc5883490dae050
s015002,True,True,False,False,False,0,file_missing,
s015003,True,True,False,False,False,0,file_missing,
s015004,True,True,False,False,False,0,file_missing,
s015005,True,True,False,False,False,0,file_missing,
s015006,True,True,False,False,False,0,file_missing,
s015007,True,True,False,False,False,0,file_missing,
s015008,True,True,False,False,False,0,file_missing,
s015009,True,True,False,False,False,0,file_missing,
s015010,True,True,False,False,False,0,file_missing,
s015011,True,True,False,False,False,0,file_missing,
s015012,True,True,False,False,False,0,file_missing,
s015013,True,True,False,False,False,0,file_missing,
s015014,True,True,False,False,False,0,file_missing,
s015015,True,True,False,False,False,0,file_missing,
s015017,True,True,False,False,False,0,file_missing,
s015018,True,True,False,False,False,0,file_missing,
s015019,True,True,False,False,False,0,file_missing,
s015020,True,True,False,False,False,0,file_missing,
s015021,True,True,False,False,False,0,file_missing,
s015022,True,True,False,False,False,0,file_missing,
s015023,True,True,False,False,False,0,file_missing,
s015024,True,True,False,False,False,0,file_missing,
s015025,True,True,False,False,False,0,file_missing,
s015026,True,True,False,False,False,0,file_missing,
s015027,True,True,False,False,False,0,file_missing,
s015028,True,True,False,False,False,0,file_missing,
s015029,True,True,False,False,False,0,file_missing,
s015030,True,True,False,False,False,0,file_missing,
s015031,True,True,False,False,False,0,file_missing,
s015032,True,True,False,False,False,0,file_missing,
s015033,True,True,False,False,False,0,file_missing,
s015034,True,True,False,False,False,0,file_missing,
s015035,True,True,False,False,False,0,file_missing,
s015036,True,True,False,False,False,0,file_missing,
s015037,True,True,False,False,False,0,file_missing,
s015038,True,True,False,False,False,0,file_missing,
s015039,True,True,False,False,False,0,file_missing,
s015040,True,True,False,False,False,0,file_missing,
s015041,True,True,False,False,False,0,file_missing,
s015042,True,True,False,False,False,0,file_missing,
s015043,True,True,False,False,False,0,file_missing,
s015045,True,True,False,False,False,0,file_missing,
s015046,True,True,False,False,False,0,file_missing,
